[INFO] Scanning for projects...
[INFO] 
[INFO] -------------------------< com.inker:backend >--------------------------
[INFO] Building Inker Backend 1.0.0
[INFO]   from pom.xml
[INFO] --------------------------------[ jar ]---------------------------------
[INFO] 
[INFO] >>> spring-boot:3.2.0:run (default-cli) > test-compile @ backend >>>
[INFO] 
[INFO] --- resources:3.3.1:resources (default-resources) @ backend ---
[INFO] Copying 1 resource from src\main\resources to target\classes
[INFO] Copying 0 resource from src\main\resources to target\classes
[INFO] 
[INFO] --- compiler:3.11.0:compile (default-compile) @ backend ---
[INFO] Nothing to compile - all classes are up to date
[INFO] 
[INFO] --- resources:3.3.1:testResources (default-testResources) @ backend ---
[INFO] skip non existing resourceDirectory D:\code\Inker\backend\src\test\resources
[INFO] 
[INFO] --- compiler:3.11.0:testCompile (default-testCompile) @ backend ---
[INFO] Nothing to compile - all classes are up to date
[INFO] 
[INFO] <<< spring-boot:3.2.0:run (default-cli) < test-compile @ backend <<<
[INFO] 
[INFO] 
[INFO] --- spring-boot:3.2.0:run (default-cli) @ backend ---
[INFO] Attaching agents: []

  .   ____          _            __ _ _
 /\\ / ___'_ __ _ _(_)_ __  __ _ \ \ \ \
( ( )\___ | '_ | '_| | '_ \/ _` | \ \ \ \
 \\/  ___)| |_)| | | | | || (_| |  ) ) ) )
  '  |____| .__|_| |_|_| |_\__, | / / / /
 =========|_|==============|___/=/_/_/_/
 :: Spring Boot ::                (v3.2.0)

2026-04-21T22:52:16.028+08:00  INFO 20416 --- [inker] [           main] com.inker.backend.InkerApplication       : Starting InkerApplication using Java 17.0.12 with PID 20416 (D:\code\Inker\backend\target\classes started by Administrator in D:\code\Inker\backend)
2026-04-21T22:52:16.030+08:00  INFO 20416 --- [inker] [           main] com.inker.backend.InkerApplication       : No active profile set, falling back to 1 default profile: "default"
2026-04-21T22:52:16.338+08:00  INFO 20416 --- [inker] [           main] .s.d.r.c.RepositoryConfigurationDelegate : Bootstrapping Spring Data JPA repositories in DEFAULT mode.
2026-04-21T22:52:16.375+08:00  INFO 20416 --- [inker] [           main] .s.d.r.c.RepositoryConfigurationDelegate : Finished Spring Data repository scanning in 33 ms. Found 2 JPA repository interfaces.
2026-04-21T22:52:16.688+08:00  INFO 20416 --- [inker] [           main] o.s.b.w.embedded.tomcat.TomcatWebServer  : Tomcat initialized with port 8083 (http)
2026-04-21T22:52:16.694+08:00  INFO 20416 --- [inker] [           main] o.apache.catalina.core.StandardService   : Starting service [Tomcat]
2026-04-21T22:52:16.694+08:00  INFO 20416 --- [inker] [           main] o.apache.catalina.core.StandardEngine    : Starting Servlet engine: [Apache Tomcat/10.1.16]
2026-04-21T22:52:16.729+08:00  INFO 20416 --- [inker] [           main] o.a.c.c.C.[Tomcat].[localhost].[/]       : Initializing Spring embedded WebApplicationContext
2026-04-21T22:52:16.730+08:00  INFO 20416 --- [inker] [           main] w.s.c.ServletWebServerApplicationContext : Root WebApplicationContext: initialization completed in 674 ms
2026-04-21T22:52:16.823+08:00  INFO 20416 --- [inker] [           main] o.hibernate.jpa.internal.util.LogHelper  : HHH000204: Processing PersistenceUnitInfo [name: default]
2026-04-21T22:52:16.853+08:00  INFO 20416 --- [inker] [           main] org.hibernate.Version                    : HHH000412: Hibernate ORM core version 6.3.1.Final
2026-04-21T22:52:16.873+08:00  INFO 20416 --- [inker] [           main] o.h.c.internal.RegionFactoryInitiator    : HHH000026: Second-level cache disabled
2026-04-21T22:52:16.992+08:00  INFO 20416 --- [inker] [           main] o.s.o.j.p.SpringPersistenceUnitInfo      : No LoadTimeWeaver setup: ignoring JPA class transformer
2026-04-21T22:52:17.007+08:00  INFO 20416 --- [inker] [           main] com.zaxxer.hikari.HikariDataSource       : HikariPool-1 - Starting...
2026-04-21T22:52:17.178+08:00  INFO 20416 --- [inker] [           main] com.zaxxer.hikari.pool.HikariPool        : HikariPool-1 - Added connection com.mysql.cj.jdbc.ConnectionImpl@7dd91ffc
2026-04-21T22:52:17.180+08:00  INFO 20416 --- [inker] [           main] com.zaxxer.hikari.HikariDataSource       : HikariPool-1 - Start completed.
2026-04-21T22:52:17.793+08:00  INFO 20416 --- [inker] [           main] o.h.e.t.j.p.i.JtaPlatformInitiator       : HHH000489: No JTA platform available (set 'hibernate.transaction.jta.platform' to enable JTA platform integration)
2026-04-21T22:52:17.868+08:00  INFO 20416 --- [inker] [           main] j.LocalContainerEntityManagerFactoryBean : Initialized JPA EntityManagerFactory for persistence unit 'default'
2026-04-21T22:52:18.035+08:00  INFO 20416 --- [inker] [           main] o.s.d.j.r.query.QueryEnhancerFactory     : Hibernate is in classpath; If applicable, HQL parser will be used.
2026-04-21T22:52:18.288+08:00  WARN 20416 --- [inker] [           main] JpaBaseConfiguration$JpaWebConfiguration : spring.jpa.open-in-view is enabled by default. Therefore, database queries may be performed during view rendering. Explicitly configure spring.jpa.open-in-view to disable this warning
2026-04-21T22:52:18.471+08:00  INFO 20416 --- [inker] [           main] o.s.b.w.embedded.tomcat.TomcatWebServer  : Tomcat started on port 8083 (http) with context path ''
2026-04-21T22:52:18.478+08:00  INFO 20416 --- [inker] [           main] com.inker.backend.InkerApplication       : Started InkerApplication in 2.663 seconds (process running for 2.827)
2026-04-21T22:52:18.562+08:00  INFO 20416 --- [inker] [           main] c.i.b.service.StockBootstrapService      : Bootstrap check: totalStocks=5244, withPrice=5031
2026-04-21T22:52:18.563+08:00  INFO 20416 --- [inker] [           main] c.i.b.service.StockBootstrapService      : Stock data looks complete, skipping bootstrap import
2026-04-21T22:52:20.099+08:00  INFO 20416 --- [inker] [nio-8083-exec-1] o.a.c.c.C.[Tomcat].[localhost].[/]       : Initializing Spring DispatcherServlet 'dispatcherServlet'
2026-04-21T22:52:20.104+08:00  INFO 20416 --- [inker] [nio-8083-exec-1] o.s.web.servlet.DispatcherServlet        : Initializing Servlet 'dispatcherServlet'
2026-04-21T22:52:20.105+08:00  INFO 20416 --- [inker] [nio-8083-exec-1] o.s.web.servlet.DispatcherServlet        : Completed initialization in 1 ms
2026-04-21T22:52:20.190+08:00  INFO 20416 --- [inker] [nio-8083-exec-3] c.i.backend.service.StockImportService   : Starting A-stock import...
2026-04-21T22:52:45.670+08:00  INFO 20416 --- [inker] [nio-8083-exec-3] c.i.b.s.provider.EastMoneyStockProvider  : Fetched 5509 stock candidates from AkShare
2026-04-21T22:52:45.670+08:00  INFO 20416 --- [inker] [nio-8083-exec-3] c.i.backend.service.StockImportService   : Fetched 5509 candidates from provider
2026-04-21T22:52:47.734+08:00  INFO 20416 --- [inker] [nio-8083-exec-3] c.i.backend.service.StockImportService   : Found 5244 existing stocks in database
2026-04-21T23:01:21.319+08:00  WARN 20416 --- [inker] [nio-8083-exec-3] c.i.b.s.provider.EastMoneyStockProvider  : Failed to fetch concepts for stock. code=300545, market=SZ, message=403 Forbidden: "<h1>Nginx forbidden.</h1> <br/>request info: 240e:b87:1f6:d800:a504:b4a9:1b4d:4897<EOL>"
2026-04-21T23:01:21.395+08:00  WARN 20416 --- [inker] [nio-8083-exec-3] c.i.b.s.provider.EastMoneyStockProvider  : Failed to fetch concepts for stock. code=300546, market=SZ, message=403 Forbidden: "<h1>Nginx forbidden.</h1> <br/>request info: 240e:b87:1f6:d800:a504:b4a9:1b4d:4897<EOL>"
2026-04-21T23:01:21.441+08:00  WARN 20416 --- [inker] [nio-8083-exec-3] c.i.b.s.provider.EastMoneyStockProvider  : Failed to fetch concepts for stock. code=300547, market=SZ, message=403 Forbidden: "<h1>Nginx forbidden.</h1> <br/>request info: 240e:b87:1f6:d800:a504:b4a9:1b4d:4897<EOL>"
2026-04-21T23:01:21.492+08:00  WARN 20416 --- [inker] [nio-8083-exec-3] c.i.b.s.provider.EastMoneyStockProvider  : Failed to fetch concepts for stock. code=300548, market=SZ, message=403 Forbidden: "<h1>Nginx forbidden.</h1> <br/>request info: 240e:b87:1f6:d800:a504:b4a9:1b4d:4897<EOL>"
2026-04-21T23:01:21.545+08:00  WARN 20416 --- [inker] [nio-8083-exec-3] c.i.b.s.provider.EastMoneyStockProvider  : Failed to fetch concepts for stock. code=300549, market=SZ, message=403 Forbidden: "<h1>Nginx forbidden.</h1> <br/>request info: 240e:b87:1f6:d800:a504:b4a9:1b4d:4897<EOL>"
2026-04-21T23:01:21.591+08:00  WARN 20416 --- [inker] [nio-8083-exec-3] c.i.b.s.provider.EastMoneyStockProvider  : Failed to fetch concepts for stock. code=300550, market=SZ, message=403 Forbidden: "<h1>Nginx forbidden.</h1> <br/>request info: 240e:b87:1f6:d800:a504:b4a9:1b4d:4897<EOL>"
2026-04-21T23:01:21.641+08:00  WARN 20416 --- [inker] [nio-8083-exec-3] c.i.b.s.provider.EastMoneyStockProvider  : Failed to fetch concepts for stock. code=300551, market=SZ, message=403 Forbidden: "<h1>Nginx forbidden.</h1> <br/>request info: 240e:b87:1f6:d800:a504:b4a9:1b4d:4897<EOL>"
2026-04-21T23:01:21.689+08:00  WARN 20416 --- [inker] [nio-8083-exec-3] c.i.b.s.provider.EastMoneyStockProvider  : Failed to fetch concepts for stock. code=300552, market=SZ, message=403 Forbidden: "<h1>Nginx forbidden.</h1> <br/>request info: 240e:b87:1f6:d800:a504:b4a9:1b4d:4897<EOL>"
2026-04-21T23:01:21.737+08:00  WARN 20416 --- [inker] [nio-8083-exec-3] c.i.b.s.provider.EastMoneyStockProvider  : Failed to fetch concepts for stock. code=300553, market=SZ, message=403 Forbidden: "<h1>Nginx forbidden.</h1> <br/>request info: 240e:b87:1f6:d800:a504:b4a9:1b4d:4897<EOL>"
2026-04-21T23:01:21.783+08:00  WARN 20416 --- [inker] [nio-8083-exec-3] c.i.b.s.provider.EastMoneyStockProvider  : Failed to fetch concepts for stock. code=300554, market=SZ, message=403 Forbidden: "<h1>Nginx forbidden.</h1> <br/>request info: 240e:b87:1f6:d800:a504:b4a9:1b4d:4897<EOL>"
2026-04-21T23:01:21.832+08:00  WARN 20416 --- [inker] [nio-8083-exec-3] c.i.b.s.provider.EastMoneyStockProvider  : Failed to fetch concepts for stock. code=300556, market=SZ, message=403 Forbidden: "<h1>Nginx forbidden.</h1> <br/>request info: 240e:b87:1f6:d800:a504:b4a9:1b4d:4897<EOL>"
2026-04-21T23:01:21.878+08:00  WARN 20416 --- [inker] [nio-8083-exec-3] c.i.b.s.provider.EastMoneyStockProvider  : Failed to fetch concepts for stock. code=300557, market=SZ, message=403 Forbidden: "<h1>Nginx forbidden.</h1> <br/>request info: 240e:b87:1f6:d800:a504:b4a9:1b4d:4897<EOL>"
2026-04-21T23:01:21.924+08:00  WARN 20416 --- [inker] [nio-8083-exec-3] c.i.b.s.provider.EastMoneyStockProvider  : Failed to fetch concepts for stock. code=300558, market=SZ, message=403 Forbidden: "<h1>Nginx forbidden.</h1> <br/>request info: 240e:b87:1f6:d800:a504:b4a9:1b4d:4897<EOL>"
2026-04-21T23:01:21.978+08:00  WARN 20416 --- [inker] [nio-8083-exec-3] c.i.b.s.provider.EastMoneyStockProvider  : Failed to fetch concepts for stock. code=300559, market=SZ, message=403 Forbidden: "<h1>Nginx forbidden.</h1> <br/>request info: 240e:b87:1f6:d800:a504:b4a9:1b4d:4897<EOL>"
2026-04-21T23:01:22.024+08:00  WARN 20416 --- [inker] [nio-8083-exec-3] c.i.b.s.provider.EastMoneyStockProvider  : Failed to fetch concepts for stock. code=300560, market=SZ, message=403 Forbidden: "<h1>Nginx forbidden.</h1> <br/>request info: 240e:b87:1f6:d800:a504:b4a9:1b4d:4897<EOL>"
2026-04-21T23:01:22.069+08:00  WARN 20416 --- [inker] [nio-8083-exec-3] c.i.b.s.provider.EastMoneyStockProvider  : Failed to fetch concepts for stock. code=300562, market=SZ, message=403 Forbidden: "<h1>Nginx forbidden.</h1> <br/>request info: 240e:b87:1f6:d800:a504:b4a9:1b4d:4897<EOL>"
2026-04-21T23:01:22.155+08:00  WARN 20416 --- [inker] [nio-8083-exec-3] c.i.b.s.provider.EastMoneyStockProvider  : Failed to fetch concepts for stock. code=300563, market=SZ, message=403 Forbidden: "<h1>Nginx forbidden.</h1> <br/>request info: 240e:b87:1f6:d800:a504:b4a9:1b4d:4897<EOL>"
2026-04-21T23:01:22.202+08:00  WARN 20416 --- [inker] [nio-8083-exec-3] c.i.b.s.provider.EastMoneyStockProvider  : Failed to fetch concepts for stock. code=300564, market=SZ, message=403 Forbidden: "<h1>Nginx forbidden.</h1> <br/>request info: 240e:b87:1f6:d800:a504:b4a9:1b4d:4897<EOL>"
2026-04-21T23:01:22.247+08:00  WARN 20416 --- [inker] [nio-8083-exec-3] c.i.b.s.provider.EastMoneyStockProvider  : Failed to fetch concepts for stock. code=300565, market=SZ, message=403 Forbidden: "<h1>Nginx forbidden.</h1> <br/>request info: 240e:b87:1f6:d800:a504:b4a9:1b4d:4897<EOL>"
2026-04-21T23:01:22.321+08:00  WARN 20416 --- [inker] [nio-8083-exec-3] c.i.b.s.provider.EastMoneyStockProvider  : Failed to fetch concepts for stock. code=300566, market=SZ, message=403 Forbidden: "<h1>Nginx forbidden.</h1> <br/>request info: 240e:b87:1f6:d800:a504:b4a9:1b4d:4897<EOL>"
2026-04-21T23:01:22.373+08:00  WARN 20416 --- [inker] [nio-8083-exec-3] c.i.b.s.provider.EastMoneyStockProvider  : Failed to fetch concepts for stock. code=300567, market=SZ, message=403 Forbidden: "<h1>Nginx forbidden.</h1> <br/>request info: 240e:b87:1f6:d800:a504:b4a9:1b4d:4897<EOL>"
2026-04-21T23:01:22.423+08:00  WARN 20416 --- [inker] [nio-8083-exec-3] c.i.b.s.provider.EastMoneyStockProvider  : Failed to fetch concepts for stock. code=300568, market=SZ, message=403 Forbidden: "<h1>Nginx forbidden.</h1> <br/>request info: 240e:b87:1f6:d800:a504:b4a9:1b4d:4897<EOL>"
2026-04-21T23:01:22.469+08:00  WARN 20416 --- [inker] [nio-8083-exec-3] c.i.b.s.provider.EastMoneyStockProvider  : Failed to fetch concepts for stock. code=300569, market=SZ, message=403 Forbidden: "<h1>Nginx forbidden.</h1> <br/>request info: 240e:b87:1f6:d800:a504:b4a9:1b4d:4897<EOL>"
2026-04-21T23:01:22.512+08:00  WARN 20416 --- [inker] [nio-8083-exec-3] c.i.b.s.provider.EastMoneyStockProvider  : Failed to fetch concepts for stock. code=300570, market=SZ, message=403 Forbidden: "<h1>Nginx forbidden.</h1> <br/>request info: 240e:b87:1f6:d800:a504:b4a9:1b4d:4897<EOL>"
2026-04-21T23:01:22.559+08:00  WARN 20416 --- [inker] [nio-8083-exec-3] c.i.b.s.provider.EastMoneyStockProvider  : Failed to fetch concepts for stock. code=300571, market=SZ, message=403 Forbidden: "<h1>Nginx forbidden.</h1> <br/>request info: 240e:b87:1f6:d800:a504:b4a9:1b4d:4897<EOL>"
2026-04-21T23:01:22.603+08:00  WARN 20416 --- [inker] [nio-8083-exec-3] c.i.b.s.provider.EastMoneyStockProvider  : Failed to fetch concepts for stock. code=300572, market=SZ, message=403 Forbidden: "<h1>Nginx forbidden.</h1> <br/>request info: 240e:b87:1f6:d800:a504:b4a9:1b4d:4897<EOL>"
2026-04-21T23:01:22.649+08:00  WARN 20416 --- [inker] [nio-8083-exec-3] c.i.b.s.provider.EastMoneyStockProvider  : Failed to fetch concepts for stock. code=300573, market=SZ, message=403 Forbidden: "<h1>Nginx forbidden.</h1> <br/>request info: 240e:b87:1f6:d800:a504:b4a9:1b4d:4897<EOL>"
2026-04-21T23:01:22.722+08:00  WARN 20416 --- [inker] [nio-8083-exec-3] c.i.b.s.provider.EastMoneyStockProvider  : Failed to fetch concepts for stock. code=300575, market=SZ, message=403 Forbidden: "<h1>Nginx forbidden.</h1> <br/>request info: 240e:b87:1f6:d800:a504:b4a9:1b4d:4897<EOL>"
2026-04-21T23:01:22.770+08:00  WARN 20416 --- [inker] [nio-8083-exec-3] c.i.b.s.provider.EastMoneyStockProvider  : Failed to fetch concepts for stock. code=300576, market=SZ, message=403 Forbidden: "<h1>Nginx forbidden.</h1> <br/>request info: 240e:b87:1f6:d800:a504:b4a9:1b4d:4897<EOL>"
2026-04-21T23:01:22.821+08:00  WARN 20416 --- [inker] [nio-8083-exec-3] c.i.b.s.provider.EastMoneyStockProvider  : Failed to fetch concepts for stock. code=300577, market=SZ, message=403 Forbidden: "<h1>Nginx forbidden.</h1> <br/>request info: 240e:b87:1f6:d800:a504:b4a9:1b4d:4897<EOL>"
2026-04-21T23:01:22.869+08:00  WARN 20416 --- [inker] [nio-8083-exec-3] c.i.b.s.provider.EastMoneyStockProvider  : Failed to fetch concepts for stock. code=300578, market=SZ, message=403 Forbidden: "<h1>Nginx forbidden.</h1> <br/>request info: 240e:b87:1f6:d800:a504:b4a9:1b4d:4897<EOL>"
2026-04-21T23:01:22.918+08:00  WARN 20416 --- [inker] [nio-8083-exec-3] c.i.b.s.provider.EastMoneyStockProvider  : Failed to fetch concepts for stock. code=300579, market=SZ, message=403 Forbidden: "<h1>Nginx forbidden.</h1> <br/>request info: 240e:b87:1f6:d800:a504:b4a9:1b4d:4897<EOL>"
2026-04-21T23:01:22.966+08:00  WARN 20416 --- [inker] [nio-8083-exec-3] c.i.b.s.provider.EastMoneyStockProvider  : Failed to fetch concepts for stock. code=300580, market=SZ, message=403 Forbidden: "<h1>Nginx forbidden.</h1> <br/>request info: 240e:b87:1f6:d800:a504:b4a9:1b4d:4897<EOL>"
2026-04-21T23:01:23.015+08:00  WARN 20416 --- [inker] [nio-8083-exec-3] c.i.b.s.provider.EastMoneyStockProvider  : Failed to fetch concepts for stock. code=300581, market=SZ, message=403 Forbidden: "<h1>Nginx forbidden.</h1> <br/>request info: 240e:b87:1f6:d800:a504:b4a9:1b4d:4897<EOL>"
2026-04-21T23:01:23.063+08:00  WARN 20416 --- [inker] [nio-8083-exec-3] c.i.b.s.provider.EastMoneyStockProvider  : Failed to fetch concepts for stock. code=300582, market=SZ, message=403 Forbidden: "<h1>Nginx forbidden.</h1> <br/>request info: 240e:b87:1f6:d800:a504:b4a9:1b4d:4897<EOL>"
2026-04-21T23:01:23.109+08:00  WARN 20416 --- [inker] [nio-8083-exec-3] c.i.b.s.provider.EastMoneyStockProvider  : Failed to fetch concepts for stock. code=300583, market=SZ, message=403 Forbidden: "<h1>Nginx forbidden.</h1> <br/>request info: 240e:b87:1f6:d800:a504:b4a9:1b4d:4897<EOL>"
2026-04-21T23:01:23.157+08:00  WARN 20416 --- [inker] [nio-8083-exec-3] c.i.b.s.provider.EastMoneyStockProvider  : Failed to fetch concepts for stock. code=300584, market=SZ, message=403 Forbidden: "<h1>Nginx forbidden.</h1> <br/>request info: 240e:b87:1f6:d800:a504:b4a9:1b4d:4897<EOL>"
2026-04-21T23:01:23.201+08:00  WARN 20416 --- [inker] [nio-8083-exec-3] c.i.b.s.provider.EastMoneyStockProvider  : Failed to fetch concepts for stock. code=300585, market=SZ, message=403 Forbidden: "<h1>Nginx forbidden.</h1> <br/>request info: 240e:b87:1f6:d800:a504:b4a9:1b4d:4897<EOL>"
2026-04-21T23:01:23.256+08:00  WARN 20416 --- [inker] [nio-8083-exec-3] c.i.b.s.provider.EastMoneyStockProvider  : Failed to fetch concepts for stock. code=300586, market=SZ, message=403 Forbidden: "<h1>Nginx forbidden.</h1> <br/>request info: 240e:b87:1f6:d800:a504:b4a9:1b4d:4897<EOL>"
2026-04-21T23:01:23.306+08:00  WARN 20416 --- [inker] [nio-8083-exec-3] c.i.b.s.provider.EastMoneyStockProvider  : Failed to fetch concepts for stock. code=300587, market=SZ, message=403 Forbidden: "<h1>Nginx forbidden.</h1> <br/>request info: 240e:b87:1f6:d800:a504:b4a9:1b4d:4897<EOL>"
2026-04-21T23:01:23.368+08:00  WARN 20416 --- [inker] [nio-8083-exec-3] c.i.b.s.provider.EastMoneyStockProvider  : Failed to fetch concepts for stock. code=300588, market=SZ, message=403 Forbidden: "<h1>Nginx forbidden.</h1> <br/>request info: 240e:b87:1f6:d800:a504:b4a9:1b4d:4897<EOL>"
2026-04-21T23:01:23.415+08:00  WARN 20416 --- [inker] [nio-8083-exec-3] c.i.b.s.provider.EastMoneyStockProvider  : Failed to fetch concepts for stock. code=300589, market=SZ, message=403 Forbidden: "<h1>Nginx forbidden.</h1> <br/>request info: 240e:b87:1f6:d800:a504:b4a9:1b4d:4897<EOL>"
2026-04-21T23:01:23.464+08:00  WARN 20416 --- [inker] [nio-8083-exec-3] c.i.b.s.provider.EastMoneyStockProvider  : Failed to fetch concepts for stock. code=300590, market=SZ, message=403 Forbidden: "<h1>Nginx forbidden.</h1> <br/>request info: 240e:b87:1f6:d800:a504:b4a9:1b4d:4897<EOL>"
2026-04-21T23:01:23.513+08:00  WARN 20416 --- [inker] [nio-8083-exec-3] c.i.b.s.provider.EastMoneyStockProvider  : Failed to fetch concepts for stock. code=300591, market=SZ, message=403 Forbidden: "<h1>Nginx forbidden.</h1> <br/>request info: 240e:b87:1f6:d800:a504:b4a9:1b4d:4897<EOL>"
2026-04-21T23:01:23.562+08:00  WARN 20416 --- [inker] [nio-8083-exec-3] c.i.b.s.provider.EastMoneyStockProvider  : Failed to fetch concepts for stock. code=300592, market=SZ, message=403 Forbidden: "<h1>Nginx forbidden.</h1> <br/>request info: 240e:b87:1f6:d800:a504:b4a9:1b4d:4897<EOL>"
2026-04-21T23:01:23.615+08:00  WARN 20416 --- [inker] [nio-8083-exec-3] c.i.b.s.provider.EastMoneyStockProvider  : Failed to fetch concepts for stock. code=300593, market=SZ, message=403 Forbidden: "<h1>Nginx forbidden.</h1> <br/>request info: 240e:b87:1f6:d800:a504:b4a9:1b4d:4897<EOL>"
2026-04-21T23:01:23.665+08:00  WARN 20416 --- [inker] [nio-8083-exec-3] c.i.b.s.provider.EastMoneyStockProvider  : Failed to fetch concepts for stock. code=300594, market=SZ, message=403 Forbidden: "<h1>Nginx forbidden.</h1> <br/>request info: 240e:b87:1f6:d800:a504:b4a9:1b4d:4897<EOL>"
2026-04-21T23:01:23.709+08:00  WARN 20416 --- [inker] [nio-8083-exec-3] c.i.b.s.provider.EastMoneyStockProvider  : Failed to fetch concepts for stock. code=300595, market=SZ, message=403 Forbidden: "<h1>Nginx forbidden.</h1> <br/>request info: 240e:b87:1f6:d800:a504:b4a9:1b4d:4897<EOL>"
2026-04-21T23:01:23.758+08:00  WARN 20416 --- [inker] [nio-8083-exec-3] c.i.b.s.provider.EastMoneyStockProvider  : Failed to fetch concepts for stock. code=300596, market=SZ, message=403 Forbidden: "<h1>Nginx forbidden.</h1> <br/>request info: 240e:b87:1f6:d800:a504:b4a9:1b4d:4897<EOL>"
2026-04-21T23:01:23.808+08:00  WARN 20416 --- [inker] [nio-8083-exec-3] c.i.b.s.provider.EastMoneyStockProvider  : Failed to fetch concepts for stock. code=300597, market=SZ, message=403 Forbidden: "<h1>Nginx forbidden.</h1> <br/>request info: 240e:b87:1f6:d800:a504:b4a9:1b4d:4897<EOL>"
2026-04-21T23:01:23.853+08:00  WARN 20416 --- [inker] [nio-8083-exec-3] c.i.b.s.provider.EastMoneyStockProvider  : Failed to fetch concepts for stock. code=300598, market=SZ, message=403 Forbidden: "<h1>Nginx forbidden.</h1> <br/>request info: 240e:b87:1f6:d800:a504:b4a9:1b4d:4897<EOL>"
2026-04-21T23:01:23.930+08:00  WARN 20416 --- [inker] [nio-8083-exec-3] c.i.b.s.provider.EastMoneyStockProvider  : Failed to fetch concepts for stock. code=300599, market=SZ, message=403 Forbidden: "<h1>Nginx forbidden.</h1> <br/>request info: 240e:b87:1f6:d800:a504:b4a9:1b4d:4897<EOL>"
2026-04-21T23:01:23.976+08:00  WARN 20416 --- [inker] [nio-8083-exec-3] c.i.b.s.provider.EastMoneyStockProvider  : Failed to fetch concepts for stock. code=300600, market=SZ, message=403 Forbidden: "<h1>Nginx forbidden.</h1> <br/>request info: 240e:b87:1f6:d800:a504:b4a9:1b4d:4897<EOL>"
2026-04-21T23:01:24.023+08:00  WARN 20416 --- [inker] [nio-8083-exec-3] c.i.b.s.provider.EastMoneyStockProvider  : Failed to fetch concepts for stock. code=300601, market=SZ, message=403 Forbidden: "<h1>Nginx forbidden.</h1> <br/>request info: 240e:b87:1f6:d800:a504:b4a9:1b4d:4897<EOL>"
2026-04-21T23:01:24.070+08:00  WARN 20416 --- [inker] [nio-8083-exec-3] c.i.b.s.provider.EastMoneyStockProvider  : Failed to fetch concepts for stock. code=300602, market=SZ, message=403 Forbidden: "<h1>Nginx forbidden.</h1> <br/>request info: 240e:b87:1f6:d800:a504:b4a9:1b4d:4897<EOL>"
2026-04-21T23:01:24.120+08:00  WARN 20416 --- [inker] [nio-8083-exec-3] c.i.b.s.provider.EastMoneyStockProvider  : Failed to fetch concepts for stock. code=300603, market=SZ, message=403 Forbidden: "<h1>Nginx forbidden.</h1> <br/>request info: 240e:b87:1f6:d800:a504:b4a9:1b4d:4897<EOL>"
2026-04-21T23:01:24.166+08:00  WARN 20416 --- [inker] [nio-8083-exec-3] c.i.b.s.provider.EastMoneyStockProvider  : Failed to fetch concepts for stock. code=300604, market=SZ, message=403 Forbidden: "<h1>Nginx forbidden.</h1> <br/>request info: 240e:b87:1f6:d800:a504:b4a9:1b4d:4897<EOL>"
2026-04-21T23:01:24.214+08:00  WARN 20416 --- [inker] [nio-8083-exec-3] c.i.b.s.provider.EastMoneyStockProvider  : Failed to fetch concepts for stock. code=300605, market=SZ, message=403 Forbidden: "<h1>Nginx forbidden.</h1> <br/>request info: 240e:b87:1f6:d800:a504:b4a9:1b4d:4897<EOL>"
2026-04-21T23:01:24.263+08:00  WARN 20416 --- [inker] [nio-8083-exec-3] c.i.b.s.provider.EastMoneyStockProvider  : Failed to fetch concepts for stock. code=300606, market=SZ, message=403 Forbidden: "<h1>Nginx forbidden.</h1> <br/>request info: 240e:b87:1f6:d800:a504:b4a9:1b4d:4897<EOL>"
2026-04-21T23:01:24.310+08:00  WARN 20416 --- [inker] [nio-8083-exec-3] c.i.b.s.provider.EastMoneyStockProvider  : Failed to fetch concepts for stock. code=300607, market=SZ, message=403 Forbidden: "<h1>Nginx forbidden.</h1> <br/>request info: 240e:b87:1f6:d800:a504:b4a9:1b4d:4897<EOL>"
2026-04-21T23:01:24.358+08:00  WARN 20416 --- [inker] [nio-8083-exec-3] c.i.b.s.provider.EastMoneyStockProvider  : Failed to fetch concepts for stock. code=300608, market=SZ, message=403 Forbidden: "<h1>Nginx forbidden.</h1> <br/>request info: 240e:b87:1f6:d800:a504:b4a9:1b4d:4897<EOL>"
2026-04-21T23:01:24.402+08:00  WARN 20416 --- [inker] [nio-8083-exec-3] c.i.b.s.provider.EastMoneyStockProvider  : Failed to fetch concepts for stock. code=300609, market=SZ, message=403 Forbidden: "<h1>Nginx forbidden.</h1> <br/>request info: 240e:b87:1f6:d800:a504:b4a9:1b4d:4897<EOL>"
2026-04-21T23:01:24.449+08:00  WARN 20416 --- [inker] [nio-8083-exec-3] c.i.b.s.provider.EastMoneyStockProvider  : Failed to fetch concepts for stock. code=300610, market=SZ, message=403 Forbidden: "<h1>Nginx forbidden.</h1> <br/>request info: 240e:b87:1f6:d800:a504:b4a9:1b4d:4897<EOL>"
2026-04-21T23:01:24.498+08:00  WARN 20416 --- [inker] [nio-8083-exec-3] c.i.b.s.provider.EastMoneyStockProvider  : Failed to fetch concepts for stock. code=300611, market=SZ, message=403 Forbidden: "<h1>Nginx forbidden.</h1> <br/>request info: 240e:b87:1f6:d800:a504:b4a9:1b4d:4897<EOL>"
2026-04-21T23:01:24.542+08:00  WARN 20416 --- [inker] [nio-8083-exec-3] c.i.b.s.provider.EastMoneyStockProvider  : Failed to fetch concepts for stock. code=300612, market=SZ, message=403 Forbidden: "<h1>Nginx forbidden.</h1> <br/>request info: 240e:b87:1f6:d800:a504:b4a9:1b4d:4897<EOL>"
2026-04-21T23:01:24.759+08:00  WARN 20416 --- [inker] [nio-8083-exec-3] c.i.b.s.provider.EastMoneyStockProvider  : Failed to fetch concepts for stock. code=300613, market=SZ, message=403 Forbidden: "<h1>Nginx forbidden.</h1> <br/>request info: 240e:b87:1f6:d800:a504:b4a9:1b4d:4897<EOL>"
2026-04-21T23:01:24.811+08:00  WARN 20416 --- [inker] [nio-8083-exec-3] c.i.b.s.provider.EastMoneyStockProvider  : Failed to fetch concepts for stock. code=300614, market=SZ, message=403 Forbidden: "<h1>Nginx forbidden.</h1> <br/>request info: 240e:b87:1f6:d800:a504:b4a9:1b4d:4897<EOL>"
2026-04-21T23:01:24.860+08:00  WARN 20416 --- [inker] [nio-8083-exec-3] c.i.b.s.provider.EastMoneyStockProvider  : Failed to fetch concepts for stock. code=300615, market=SZ, message=403 Forbidden: "<h1>Nginx forbidden.</h1> <br/>request info: 240e:b87:1f6:d800:a504:b4a9:1b4d:4897<EOL>"
2026-04-21T23:01:24.910+08:00  WARN 20416 --- [inker] [nio-8083-exec-3] c.i.b.s.provider.EastMoneyStockProvider  : Failed to fetch concepts for stock. code=300616, market=SZ, message=403 Forbidden: "<h1>Nginx forbidden.</h1> <br/>request info: 240e:b87:1f6:d800:a504:b4a9:1b4d:4897<EOL>"
2026-04-21T23:01:24.955+08:00  WARN 20416 --- [inker] [nio-8083-exec-3] c.i.b.s.provider.EastMoneyStockProvider  : Failed to fetch concepts for stock. code=300617, market=SZ, message=403 Forbidden: "<h1>Nginx forbidden.</h1> <br/>request info: 240e:b87:1f6:d800:a504:b4a9:1b4d:4897<EOL>"
2026-04-21T23:01:25.004+08:00  WARN 20416 --- [inker] [nio-8083-exec-3] c.i.b.s.provider.EastMoneyStockProvider  : Failed to fetch concepts for stock. code=300618, market=SZ, message=403 Forbidden: "<h1>Nginx forbidden.</h1> <br/>request info: 240e:b87:1f6:d800:a504:b4a9:1b4d:4897<EOL>"
2026-04-21T23:01:25.084+08:00  WARN 20416 --- [inker] [nio-8083-exec-3] c.i.b.s.provider.EastMoneyStockProvider  : Failed to fetch concepts for stock. code=300619, market=SZ, message=403 Forbidden: "<h1>Nginx forbidden.</h1> <br/>request info: 240e:b87:1f6:d800:a504:b4a9:1b4d:4897<EOL>"
2026-04-21T23:01:25.190+08:00  WARN 20416 --- [inker] [nio-8083-exec-3] c.i.b.s.provider.EastMoneyStockProvider  : Failed to fetch concepts for stock. code=300620, market=SZ, message=403 Forbidden: "<h1>Nginx forbidden.</h1> <br/>request info: 240e:b87:1f6:d800:a504:b4a9:1b4d:4897<EOL>"
2026-04-21T23:01:25.237+08:00  WARN 20416 --- [inker] [nio-8083-exec-3] c.i.b.s.provider.EastMoneyStockProvider  : Failed to fetch concepts for stock. code=300621, market=SZ, message=403 Forbidden: "<h1>Nginx forbidden.</h1> <br/>request info: 240e:b87:1f6:d800:a504:b4a9:1b4d:4897<EOL>"
2026-04-21T23:01:25.295+08:00  WARN 20416 --- [inker] [nio-8083-exec-3] c.i.b.s.provider.EastMoneyStockProvider  : Failed to fetch concepts for stock. code=300622, market=SZ, message=403 Forbidden: "<h1>Nginx forbidden.</h1> <br/>request info: 240e:b87:1f6:d800:a504:b4a9:1b4d:4897<EOL>"
2026-04-21T23:01:25.343+08:00  WARN 20416 --- [inker] [nio-8083-exec-3] c.i.b.s.provider.EastMoneyStockProvider  : Failed to fetch concepts for stock. code=300623, market=SZ, message=403 Forbidden: "<h1>Nginx forbidden.</h1> <br/>request info: 240e:b87:1f6:d800:a504:b4a9:1b4d:4897<EOL>"
2026-04-21T23:01:25.389+08:00  WARN 20416 --- [inker] [nio-8083-exec-3] c.i.b.s.provider.EastMoneyStockProvider  : Failed to fetch concepts for stock. code=300624, market=SZ, message=403 Forbidden: "<h1>Nginx forbidden.</h1> <br/>request info: 240e:b87:1f6:d800:a504:b4a9:1b4d:4897<EOL>"
2026-04-21T23:01:25.435+08:00  WARN 20416 --- [inker] [nio-8083-exec-3] c.i.b.s.provider.EastMoneyStockProvider  : Failed to fetch concepts for stock. code=300625, market=SZ, message=403 Forbidden: "<h1>Nginx forbidden.</h1> <br/>request info: 240e:b87:1f6:d800:a504:b4a9:1b4d:4897<EOL>"
2026-04-21T23:01:25.484+08:00  WARN 20416 --- [inker] [nio-8083-exec-3] c.i.b.s.provider.EastMoneyStockProvider  : Failed to fetch concepts for stock. code=300626, market=SZ, message=403 Forbidden: "<h1>Nginx forbidden.</h1> <br/>request info: 240e:b87:1f6:d800:a504:b4a9:1b4d:4897<EOL>"
2026-04-21T23:01:25.527+08:00  WARN 20416 --- [inker] [nio-8083-exec-3] c.i.b.s.provider.EastMoneyStockProvider  : Failed to fetch concepts for stock. code=300627, market=SZ, message=403 Forbidden: "<h1>Nginx forbidden.</h1> <br/>request info: 240e:b87:1f6:d800:a504:b4a9:1b4d:4897<EOL>"
2026-04-21T23:01:25.573+08:00  WARN 20416 --- [inker] [nio-8083-exec-3] c.i.b.s.provider.EastMoneyStockProvider  : Failed to fetch concepts for stock. code=300628, market=SZ, message=403 Forbidden: "<h1>Nginx forbidden.</h1> <br/>request info: 240e:b87:1f6:d800:a504:b4a9:1b4d:4897<EOL>"
2026-04-21T23:01:25.620+08:00  WARN 20416 --- [inker] [nio-8083-exec-3] c.i.b.s.provider.EastMoneyStockProvider  : Failed to fetch concepts for stock. code=300629, market=SZ, message=403 Forbidden: "<h1>Nginx forbidden.</h1> <br/>request info: 240e:b87:1f6:d800:a504:b4a9:1b4d:4897<EOL>"
2026-04-21T23:01:25.663+08:00  WARN 20416 --- [inker] [nio-8083-exec-3] c.i.b.s.provider.EastMoneyStockProvider  : Failed to fetch concepts for stock. code=300631, market=SZ, message=403 Forbidden: "<h1>Nginx forbidden.</h1> <br/>request info: 240e:b87:1f6:d800:a504:b4a9:1b4d:4897<EOL>"
2026-04-21T23:01:25.714+08:00  WARN 20416 --- [inker] [nio-8083-exec-3] c.i.b.s.provider.EastMoneyStockProvider  : Failed to fetch concepts for stock. code=300632, market=SZ, message=403 Forbidden: "<h1>Nginx forbidden.</h1> <br/>request info: 240e:b87:1f6:d800:a504:b4a9:1b4d:4897<EOL>"
2026-04-21T23:01:25.758+08:00  WARN 20416 --- [inker] [nio-8083-exec-3] c.i.b.s.provider.EastMoneyStockProvider  : Failed to fetch concepts for stock. code=300633, market=SZ, message=403 Forbidden: "<h1>Nginx forbidden.</h1> <br/>request info: 240e:b87:1f6:d800:a504:b4a9:1b4d:4897<EOL>"
2026-04-21T23:01:25.805+08:00  WARN 20416 --- [inker] [nio-8083-exec-3] c.i.b.s.provider.EastMoneyStockProvider  : Failed to fetch concepts for stock. code=300634, market=SZ, message=403 Forbidden: "<h1>Nginx forbidden.</h1> <br/>request info: 240e:b87:1f6:d800:a504:b4a9:1b4d:4897<EOL>"
2026-04-21T23:01:25.851+08:00  WARN 20416 --- [inker] [nio-8083-exec-3] c.i.b.s.provider.EastMoneyStockProvider  : Failed to fetch concepts for stock. code=300635, market=SZ, message=403 Forbidden: "<h1>Nginx forbidden.</h1> <br/>request info: 240e:b87:1f6:d800:a504:b4a9:1b4d:4897<EOL>"
2026-04-21T23:01:25.900+08:00  WARN 20416 --- [inker] [nio-8083-exec-3] c.i.b.s.provider.EastMoneyStockProvider  : Failed to fetch concepts for stock. code=300636, market=SZ, message=403 Forbidden: "<h1>Nginx forbidden.</h1> <br/>request info: 240e:b87:1f6:d800:a504:b4a9:1b4d:4897<EOL>"
2026-04-21T23:01:25.946+08:00  WARN 20416 --- [inker] [nio-8083-exec-3] c.i.b.s.provider.EastMoneyStockProvider  : Failed to fetch concepts for stock. code=300637, market=SZ, message=403 Forbidden: "<h1>Nginx forbidden.</h1> <br/>request info: 240e:b87:1f6:d800:a504:b4a9:1b4d:4897<EOL>"
2026-04-21T23:01:25.992+08:00  WARN 20416 --- [inker] [nio-8083-exec-3] c.i.b.s.provider.EastMoneyStockProvider  : Failed to fetch concepts for stock. code=300638, market=SZ, message=403 Forbidden: "<h1>Nginx forbidden.</h1> <br/>request info: 240e:b87:1f6:d800:a504:b4a9:1b4d:4897<EOL>"
2026-04-21T23:01:26.043+08:00  WARN 20416 --- [inker] [nio-8083-exec-3] c.i.b.s.provider.EastMoneyStockProvider  : Failed to fetch concepts for stock. code=300639, market=SZ, message=403 Forbidden: "<h1>Nginx forbidden.</h1> <br/>request info: 240e:b87:1f6:d800:a504:b4a9:1b4d:4897<EOL>"
2026-04-21T23:01:26.094+08:00  WARN 20416 --- [inker] [nio-8083-exec-3] c.i.b.s.provider.EastMoneyStockProvider  : Failed to fetch concepts for stock. code=300640, market=SZ, message=403 Forbidden: "<h1>Nginx forbidden.</h1> <br/>request info: 240e:b87:1f6:d800:a504:b4a9:1b4d:4897<EOL>"
2026-04-21T23:01:26.144+08:00  WARN 20416 --- [inker] [nio-8083-exec-3] c.i.b.s.provider.EastMoneyStockProvider  : Failed to fetch concepts for stock. code=300641, market=SZ, message=403 Forbidden: "<h1>Nginx forbidden.</h1> <br/>request info: 240e:b87:1f6:d800:a504:b4a9:1b4d:4897<EOL>"
2026-04-21T23:01:26.195+08:00  WARN 20416 --- [inker] [nio-8083-exec-3] c.i.b.s.provider.EastMoneyStockProvider  : Failed to fetch concepts for stock. code=300642, market=SZ, message=403 Forbidden: "<h1>Nginx forbidden.</h1> <br/>request info: 240e:b87:1f6:d800:a504:b4a9:1b4d:4897<EOL>"
2026-04-21T23:01:26.241+08:00  WARN 20416 --- [inker] [nio-8083-exec-3] c.i.b.s.provider.EastMoneyStockProvider  : Failed to fetch concepts for stock. code=300643, market=SZ, message=403 Forbidden: "<h1>Nginx forbidden.</h1> <br/>request info: 240e:b87:1f6:d800:a504:b4a9:1b4d:4897<EOL>"
2026-04-21T23:01:26.286+08:00  WARN 20416 --- [inker] [nio-8083-exec-3] c.i.b.s.provider.EastMoneyStockProvider  : Failed to fetch concepts for stock. code=300644, market=SZ, message=403 Forbidden: "<h1>Nginx forbidden.</h1> <br/>request info: 240e:b87:1f6:d800:a504:b4a9:1b4d:4897<EOL>"
2026-04-21T23:01:26.335+08:00  WARN 20416 --- [inker] [nio-8083-exec-3] c.i.b.s.provider.EastMoneyStockProvider  : Failed to fetch concepts for stock. code=300645, market=SZ, message=403 Forbidden: "<h1>Nginx forbidden.</h1> <br/>request info: 240e:b87:1f6:d800:a504:b4a9:1b4d:4897<EOL>"
2026-04-21T23:01:26.386+08:00  WARN 20416 --- [inker] [nio-8083-exec-3] c.i.b.s.provider.EastMoneyStockProvider  : Failed to fetch concepts for stock. code=300647, market=SZ, message=403 Forbidden: "<h1>Nginx forbidden.</h1> <br/>request info: 240e:b87:1f6:d800:a504:b4a9:1b4d:4897<EOL>"
2026-04-21T23:01:26.433+08:00  WARN 20416 --- [inker] [nio-8083-exec-3] c.i.b.s.provider.EastMoneyStockProvider  : Failed to fetch concepts for stock. code=300648, market=SZ, message=403 Forbidden: "<h1>Nginx forbidden.</h1> <br/>request info: 240e:b87:1f6:d800:a504:b4a9:1b4d:4897<EOL>"
2026-04-21T23:01:26.480+08:00  WARN 20416 --- [inker] [nio-8083-exec-3] c.i.b.s.provider.EastMoneyStockProvider  : Failed to fetch concepts for stock. code=300649, market=SZ, message=403 Forbidden: "<h1>Nginx forbidden.</h1> <br/>request info: 240e:b87:1f6:d800:a504:b4a9:1b4d:4897<EOL>"
2026-04-21T23:01:26.526+08:00  WARN 20416 --- [inker] [nio-8083-exec-3] c.i.b.s.provider.EastMoneyStockProvider  : Failed to fetch concepts for stock. code=300650, market=SZ, message=403 Forbidden: "<h1>Nginx forbidden.</h1> <br/>request info: 240e:b87:1f6:d800:a504:b4a9:1b4d:4897<EOL>"
2026-04-21T23:01:26.576+08:00  WARN 20416 --- [inker] [nio-8083-exec-3] c.i.b.s.provider.EastMoneyStockProvider  : Failed to fetch concepts for stock. code=300651, market=SZ, message=403 Forbidden: "<h1>Nginx forbidden.</h1> <br/>request info: 240e:b87:1f6:d800:a504:b4a9:1b4d:4897<EOL>"
2026-04-21T23:01:26.625+08:00  WARN 20416 --- [inker] [nio-8083-exec-3] c.i.b.s.provider.EastMoneyStockProvider  : Failed to fetch concepts for stock. code=300652, market=SZ, message=403 Forbidden: "<h1>Nginx forbidden.</h1> <br/>request info: 240e:b87:1f6:d800:a504:b4a9:1b4d:4897<EOL>"
2026-04-21T23:01:26.671+08:00  WARN 20416 --- [inker] [nio-8083-exec-3] c.i.b.s.provider.EastMoneyStockProvider  : Failed to fetch concepts for stock. code=300653, market=SZ, message=403 Forbidden: "<h1>Nginx forbidden.</h1> <br/>request info: 240e:b87:1f6:d800:a504:b4a9:1b4d:4897<EOL>"
2026-04-21T23:01:26.720+08:00  WARN 20416 --- [inker] [nio-8083-exec-3] c.i.b.s.provider.EastMoneyStockProvider  : Failed to fetch concepts for stock. code=300654, market=SZ, message=403 Forbidden: "<h1>Nginx forbidden.</h1> <br/>request info: 240e:b87:1f6:d800:a504:b4a9:1b4d:4897<EOL>"
2026-04-21T23:01:26.766+08:00  WARN 20416 --- [inker] [nio-8083-exec-3] c.i.b.s.provider.EastMoneyStockProvider  : Failed to fetch concepts for stock. code=300655, market=SZ, message=403 Forbidden: "<h1>Nginx forbidden.</h1> <br/>request info: 240e:b87:1f6:d800:a504:b4a9:1b4d:4897<EOL>"
2026-04-21T23:01:26.813+08:00  WARN 20416 --- [inker] [nio-8083-exec-3] c.i.b.s.provider.EastMoneyStockProvider  : Failed to fetch concepts for stock. code=300656, market=SZ, message=403 Forbidden: "<h1>Nginx forbidden.</h1> <br/>request info: 240e:b87:1f6:d800:a504:b4a9:1b4d:4897<EOL>"
2026-04-21T23:01:26.861+08:00  WARN 20416 --- [inker] [nio-8083-exec-3] c.i.b.s.provider.EastMoneyStockProvider  : Failed to fetch concepts for stock. code=300657, market=SZ, message=403 Forbidden: "<h1>Nginx forbidden.</h1> <br/>request info: 240e:b87:1f6:d800:a504:b4a9:1b4d:4897<EOL>"
2026-04-21T23:01:26.906+08:00  WARN 20416 --- [inker] [nio-8083-exec-3] c.i.b.s.provider.EastMoneyStockProvider  : Failed to fetch concepts for stock. code=300658, market=SZ, message=403 Forbidden: "<h1>Nginx forbidden.</h1> <br/>request info: 240e:b87:1f6:d800:a504:b4a9:1b4d:4897<EOL>"
2026-04-21T23:01:26.955+08:00  WARN 20416 --- [inker] [nio-8083-exec-3] c.i.b.s.provider.EastMoneyStockProvider  : Failed to fetch concepts for stock. code=300659, market=SZ, message=403 Forbidden: "<h1>Nginx forbidden.</h1> <br/>request info: 240e:b87:1f6:d800:a504:b4a9:1b4d:4897<EOL>"
2026-04-21T23:01:27.010+08:00  WARN 20416 --- [inker] [nio-8083-exec-3] c.i.b.s.provider.EastMoneyStockProvider  : Failed to fetch concepts for stock. code=300660, market=SZ, message=403 Forbidden: "<h1>Nginx forbidden.</h1> <br/>request info: 240e:b87:1f6:d800:a504:b4a9:1b4d:4897<EOL>"
2026-04-21T23:01:27.056+08:00  WARN 20416 --- [inker] [nio-8083-exec-3] c.i.b.s.provider.EastMoneyStockProvider  : Failed to fetch concepts for stock. code=300661, market=SZ, message=403 Forbidden: "<h1>Nginx forbidden.</h1> <br/>request info: 240e:b87:1f6:d800:a504:b4a9:1b4d:4897<EOL>"
2026-04-21T23:01:27.105+08:00  WARN 20416 --- [inker] [nio-8083-exec-3] c.i.b.s.provider.EastMoneyStockProvider  : Failed to fetch concepts for stock. code=300662, market=SZ, message=403 Forbidden: "<h1>Nginx forbidden.</h1> <br/>request info: 240e:b87:1f6:d800:a504:b4a9:1b4d:4897<EOL>"
2026-04-21T23:01:27.152+08:00  WARN 20416 --- [inker] [nio-8083-exec-3] c.i.b.s.provider.EastMoneyStockProvider  : Failed to fetch concepts for stock. code=300663, market=SZ, message=403 Forbidden: "<h1>Nginx forbidden.</h1> <br/>request info: 240e:b87:1f6:d800:a504:b4a9:1b4d:4897<EOL>"
2026-04-21T23:01:27.207+08:00  WARN 20416 --- [inker] [nio-8083-exec-3] c.i.b.s.provider.EastMoneyStockProvider  : Failed to fetch concepts for stock. code=300664, market=SZ, message=403 Forbidden: "<h1>Nginx forbidden.</h1> <br/>request info: 240e:b87:1f6:d800:a504:b4a9:1b4d:4897<EOL>"
2026-04-21T23:01:27.256+08:00  WARN 20416 --- [inker] [nio-8083-exec-3] c.i.b.s.provider.EastMoneyStockProvider  : Failed to fetch concepts for stock. code=300665, market=SZ, message=403 Forbidden: "<h1>Nginx forbidden.</h1> <br/>request info: 240e:b87:1f6:d800:a504:b4a9:1b4d:4897<EOL>"
2026-04-21T23:01:27.309+08:00  WARN 20416 --- [inker] [nio-8083-exec-3] c.i.b.s.provider.EastMoneyStockProvider  : Failed to fetch concepts for stock. code=300666, market=SZ, message=403 Forbidden: "<h1>Nginx forbidden.</h1> <br/>request info: 240e:b87:1f6:d800:a504:b4a9:1b4d:4897<EOL>"
2026-04-21T23:01:27.361+08:00  WARN 20416 --- [inker] [nio-8083-exec-3] c.i.b.s.provider.EastMoneyStockProvider  : Failed to fetch concepts for stock. code=300667, market=SZ, message=403 Forbidden: "<h1>Nginx forbidden.</h1> <br/>request info: 240e:b87:1f6:d800:a504:b4a9:1b4d:4897<EOL>"
2026-04-21T23:01:27.408+08:00  WARN 20416 --- [inker] [nio-8083-exec-3] c.i.b.s.provider.EastMoneyStockProvider  : Failed to fetch concepts for stock. code=300668, market=SZ, message=403 Forbidden: "<h1>Nginx forbidden.</h1> <br/>request info: 240e:b87:1f6:d800:a504:b4a9:1b4d:4897<EOL>"
2026-04-21T23:01:27.455+08:00  WARN 20416 --- [inker] [nio-8083-exec-3] c.i.b.s.provider.EastMoneyStockProvider  : Failed to fetch concepts for stock. code=300669, market=SZ, message=403 Forbidden: "<h1>Nginx forbidden.</h1> <br/>request info: 240e:b87:1f6:d800:a504:b4a9:1b4d:4897<EOL>"
2026-04-21T23:01:27.501+08:00  WARN 20416 --- [inker] [nio-8083-exec-3] c.i.b.s.provider.EastMoneyStockProvider  : Failed to fetch concepts for stock. code=300670, market=SZ, message=403 Forbidden: "<h1>Nginx forbidden.</h1> <br/>request info: 240e:b87:1f6:d800:a504:b4a9:1b4d:4897<EOL>"
2026-04-21T23:01:27.546+08:00  WARN 20416 --- [inker] [nio-8083-exec-3] c.i.b.s.provider.EastMoneyStockProvider  : Failed to fetch concepts for stock. code=300671, market=SZ, message=403 Forbidden: "<h1>Nginx forbidden.</h1> <br/>request info: 240e:b87:1f6:d800:a504:b4a9:1b4d:4897<EOL>"
2026-04-21T23:01:27.592+08:00  WARN 20416 --- [inker] [nio-8083-exec-3] c.i.b.s.provider.EastMoneyStockProvider  : Failed to fetch concepts for stock. code=300672, market=SZ, message=403 Forbidden: "<h1>Nginx forbidden.</h1> <br/>request info: 240e:b87:1f6:d800:a504:b4a9:1b4d:4897<EOL>"
2026-04-21T23:01:27.643+08:00  WARN 20416 --- [inker] [nio-8083-exec-3] c.i.b.s.provider.EastMoneyStockProvider  : Failed to fetch concepts for stock. code=300673, market=SZ, message=403 Forbidden: "<h1>Nginx forbidden.</h1> <br/>request info: 240e:b87:1f6:d800:a504:b4a9:1b4d:4897<EOL>"
2026-04-21T23:01:27.691+08:00  WARN 20416 --- [inker] [nio-8083-exec-3] c.i.b.s.provider.EastMoneyStockProvider  : Failed to fetch concepts for stock. code=300674, market=SZ, message=403 Forbidden: "<h1>Nginx forbidden.</h1> <br/>request info: 240e:b87:1f6:d800:a504:b4a9:1b4d:4897<EOL>"
2026-04-21T23:01:27.742+08:00  WARN 20416 --- [inker] [nio-8083-exec-3] c.i.b.s.provider.EastMoneyStockProvider  : Failed to fetch concepts for stock. code=300675, market=SZ, message=403 Forbidden: "<h1>Nginx forbidden.</h1> <br/>request info: 240e:b87:1f6:d800:a504:b4a9:1b4d:4897<EOL>"
2026-04-21T23:01:27.791+08:00  WARN 20416 --- [inker] [nio-8083-exec-3] c.i.b.s.provider.EastMoneyStockProvider  : Failed to fetch concepts for stock. code=300676, market=SZ, message=403 Forbidden: "<h1>Nginx forbidden.</h1> <br/>request info: 240e:b87:1f6:d800:a504:b4a9:1b4d:4897<EOL>"
2026-04-21T23:01:27.859+08:00  WARN 20416 --- [inker] [nio-8083-exec-3] c.i.b.s.provider.EastMoneyStockProvider  : Failed to fetch concepts for stock. code=300677, market=SZ, message=403 Forbidden: "<h1>Nginx forbidden.</h1> <br/>request info: 240e:b87:1f6:d800:a504:b4a9:1b4d:4897<EOL>"
2026-04-21T23:01:27.908+08:00  WARN 20416 --- [inker] [nio-8083-exec-3] c.i.b.s.provider.EastMoneyStockProvider  : Failed to fetch concepts for stock. code=300678, market=SZ, message=403 Forbidden: "<h1>Nginx forbidden.</h1> <br/>request info: 240e:b87:1f6:d800:a504:b4a9:1b4d:4897<EOL>"
2026-04-21T23:01:27.956+08:00  WARN 20416 --- [inker] [nio-8083-exec-3] c.i.b.s.provider.EastMoneyStockProvider  : Failed to fetch concepts for stock. code=300679, market=SZ, message=403 Forbidden: "<h1>Nginx forbidden.</h1> <br/>request info: 240e:b87:1f6:d800:a504:b4a9:1b4d:4897<EOL>"
2026-04-21T23:01:28.002+08:00  WARN 20416 --- [inker] [nio-8083-exec-3] c.i.b.s.provider.EastMoneyStockProvider  : Failed to fetch concepts for stock. code=300680, market=SZ, message=403 Forbidden: "<h1>Nginx forbidden.</h1> <br/>request info: 240e:b87:1f6:d800:a504:b4a9:1b4d:4897<EOL>"
2026-04-21T23:01:28.049+08:00  WARN 20416 --- [inker] [nio-8083-exec-3] c.i.b.s.provider.EastMoneyStockProvider  : Failed to fetch concepts for stock. code=300681, market=SZ, message=403 Forbidden: "<h1>Nginx forbidden.</h1> <br/>request info: 240e:b87:1f6:d800:a504:b4a9:1b4d:4897<EOL>"
2026-04-21T23:01:28.092+08:00  WARN 20416 --- [inker] [nio-8083-exec-3] c.i.b.s.provider.EastMoneyStockProvider  : Failed to fetch concepts for stock. code=300682, market=SZ, message=403 Forbidden: "<h1>Nginx forbidden.</h1> <br/>request info: 240e:b87:1f6:d800:a504:b4a9:1b4d:4897<EOL>"
2026-04-21T23:01:28.143+08:00  WARN 20416 --- [inker] [nio-8083-exec-3] c.i.b.s.provider.EastMoneyStockProvider  : Failed to fetch concepts for stock. code=300683, market=SZ, message=403 Forbidden: "<h1>Nginx forbidden.</h1> <br/>request info: 240e:b87:1f6:d800:a504:b4a9:1b4d:4897<EOL>"
2026-04-21T23:01:28.187+08:00  WARN 20416 --- [inker] [nio-8083-exec-3] c.i.b.s.provider.EastMoneyStockProvider  : Failed to fetch concepts for stock. code=300684, market=SZ, message=403 Forbidden: "<h1>Nginx forbidden.</h1> <br/>request info: 240e:b87:1f6:d800:a504:b4a9:1b4d:4897<EOL>"
2026-04-21T23:01:28.236+08:00  WARN 20416 --- [inker] [nio-8083-exec-3] c.i.b.s.provider.EastMoneyStockProvider  : Failed to fetch concepts for stock. code=300685, market=SZ, message=403 Forbidden: "<h1>Nginx forbidden.</h1> <br/>request info: 240e:b87:1f6:d800:a504:b4a9:1b4d:4897<EOL>"
2026-04-21T23:01:28.281+08:00  WARN 20416 --- [inker] [nio-8083-exec-3] c.i.b.s.provider.EastMoneyStockProvider  : Failed to fetch concepts for stock. code=300686, market=SZ, message=403 Forbidden: "<h1>Nginx forbidden.</h1> <br/>request info: 240e:b87:1f6:d800:a504:b4a9:1b4d:4897<EOL>"
2026-04-21T23:01:28.329+08:00  WARN 20416 --- [inker] [nio-8083-exec-3] c.i.b.s.provider.EastMoneyStockProvider  : Failed to fetch concepts for stock. code=300687, market=SZ, message=403 Forbidden: "<h1>Nginx forbidden.</h1> <br/>request info: 240e:b87:1f6:d800:a504:b4a9:1b4d:4897<EOL>"
2026-04-21T23:01:28.376+08:00  WARN 20416 --- [inker] [nio-8083-exec-3] c.i.b.s.provider.EastMoneyStockProvider  : Failed to fetch concepts for stock. code=300688, market=SZ, message=403 Forbidden: "<h1>Nginx forbidden.</h1> <br/>request info: 240e:b87:1f6:d800:a504:b4a9:1b4d:4897<EOL>"
2026-04-21T23:01:28.425+08:00  WARN 20416 --- [inker] [nio-8083-exec-3] c.i.b.s.provider.EastMoneyStockProvider  : Failed to fetch concepts for stock. code=300689, market=SZ, message=403 Forbidden: "<h1>Nginx forbidden.</h1> <br/>request info: 240e:b87:1f6:d800:a504:b4a9:1b4d:4897<EOL>"
2026-04-21T23:01:28.476+08:00  WARN 20416 --- [inker] [nio-8083-exec-3] c.i.b.s.provider.EastMoneyStockProvider  : Failed to fetch concepts for stock. code=300690, market=SZ, message=403 Forbidden: "<h1>Nginx forbidden.</h1> <br/>request info: 240e:b87:1f6:d800:a504:b4a9:1b4d:4897<EOL>"
2026-04-21T23:01:28.521+08:00  WARN 20416 --- [inker] [nio-8083-exec-3] c.i.b.s.provider.EastMoneyStockProvider  : Failed to fetch concepts for stock. code=300691, market=SZ, message=403 Forbidden: "<h1>Nginx forbidden.</h1> <br/>request info: 240e:b87:1f6:d800:a504:b4a9:1b4d:4897<EOL>"
2026-04-21T23:01:28.569+08:00  WARN 20416 --- [inker] [nio-8083-exec-3] c.i.b.s.provider.EastMoneyStockProvider  : Failed to fetch concepts for stock. code=300692, market=SZ, message=403 Forbidden: "<h1>Nginx forbidden.</h1> <br/>request info: 240e:b87:1f6:d800:a504:b4a9:1b4d:4897<EOL>"
2026-04-21T23:01:28.620+08:00  WARN 20416 --- [inker] [nio-8083-exec-3] c.i.b.s.provider.EastMoneyStockProvider  : Failed to fetch concepts for stock. code=300693, market=SZ, message=403 Forbidden: "<h1>Nginx forbidden.</h1> <br/>request info: 240e:b87:1f6:d800:a504:b4a9:1b4d:4897<EOL>"
2026-04-21T23:01:28.671+08:00  WARN 20416 --- [inker] [nio-8083-exec-3] c.i.b.s.provider.EastMoneyStockProvider  : Failed to fetch concepts for stock. code=300694, market=SZ, message=403 Forbidden: "<h1>Nginx forbidden.</h1> <br/>request info: 240e:b87:1f6:d800:a504:b4a9:1b4d:4897<EOL>"
2026-04-21T23:01:28.720+08:00  WARN 20416 --- [inker] [nio-8083-exec-3] c.i.b.s.provider.EastMoneyStockProvider  : Failed to fetch concepts for stock. code=300695, market=SZ, message=403 Forbidden: "<h1>Nginx forbidden.</h1> <br/>request info: 240e:b87:1f6:d800:a504:b4a9:1b4d:4897<EOL>"
2026-04-21T23:01:28.765+08:00  WARN 20416 --- [inker] [nio-8083-exec-3] c.i.b.s.provider.EastMoneyStockProvider  : Failed to fetch concepts for stock. code=300696, market=SZ, message=403 Forbidden: "<h1>Nginx forbidden.</h1> <br/>request info: 240e:b87:1f6:d800:a504:b4a9:1b4d:4897<EOL>"
2026-04-21T23:01:28.810+08:00  WARN 20416 --- [inker] [nio-8083-exec-3] c.i.b.s.provider.EastMoneyStockProvider  : Failed to fetch concepts for stock. code=300697, market=SZ, message=403 Forbidden: "<h1>Nginx forbidden.</h1> <br/>request info: 240e:b87:1f6:d800:a504:b4a9:1b4d:4897<EOL>"
2026-04-21T23:01:28.857+08:00  WARN 20416 --- [inker] [nio-8083-exec-3] c.i.b.s.provider.EastMoneyStockProvider  : Failed to fetch concepts for stock. code=300698, market=SZ, message=403 Forbidden: "<h1>Nginx forbidden.</h1> <br/>request info: 240e:b87:1f6:d800:a504:b4a9:1b4d:4897<EOL>"
2026-04-21T23:01:28.903+08:00  WARN 20416 --- [inker] [nio-8083-exec-3] c.i.b.s.provider.EastMoneyStockProvider  : Failed to fetch concepts for stock. code=300699, market=SZ, message=403 Forbidden: "<h1>Nginx forbidden.</h1> <br/>request info: 240e:b87:1f6:d800:a504:b4a9:1b4d:4897<EOL>"
2026-04-21T23:01:28.950+08:00  WARN 20416 --- [inker] [nio-8083-exec-3] c.i.b.s.provider.EastMoneyStockProvider  : Failed to fetch concepts for stock. code=300700, market=SZ, message=403 Forbidden: "<h1>Nginx forbidden.</h1> <br/>request info: 240e:b87:1f6:d800:a504:b4a9:1b4d:4897<EOL>"
2026-04-21T23:01:28.996+08:00  WARN 20416 --- [inker] [nio-8083-exec-3] c.i.b.s.provider.EastMoneyStockProvider  : Failed to fetch concepts for stock. code=300701, market=SZ, message=403 Forbidden: "<h1>Nginx forbidden.</h1> <br/>request info: 240e:b87:1f6:d800:a504:b4a9:1b4d:4897<EOL>"
2026-04-21T23:01:29.061+08:00  WARN 20416 --- [inker] [nio-8083-exec-3] c.i.b.s.provider.EastMoneyStockProvider  : Failed to fetch concepts for stock. code=300702, market=SZ, message=403 Forbidden: "<h1>Nginx forbidden.</h1> <br/>request info: 240e:b87:1f6:d800:a504:b4a9:1b4d:4897<EOL>"
2026-04-21T23:01:29.105+08:00  WARN 20416 --- [inker] [nio-8083-exec-3] c.i.b.s.provider.EastMoneyStockProvider  : Failed to fetch concepts for stock. code=300703, market=SZ, message=403 Forbidden: "<h1>Nginx forbidden.</h1> <br/>request info: 240e:b87:1f6:d800:a504:b4a9:1b4d:4897<EOL>"
2026-04-21T23:01:29.151+08:00  WARN 20416 --- [inker] [nio-8083-exec-3] c.i.b.s.provider.EastMoneyStockProvider  : Failed to fetch concepts for stock. code=300705, market=SZ, message=403 Forbidden: "<h1>Nginx forbidden.</h1> <br/>request info: 240e:b87:1f6:d800:a504:b4a9:1b4d:4897<EOL>"
2026-04-21T23:01:29.198+08:00  WARN 20416 --- [inker] [nio-8083-exec-3] c.i.b.s.provider.EastMoneyStockProvider  : Failed to fetch concepts for stock. code=300706, market=SZ, message=403 Forbidden: "<h1>Nginx forbidden.</h1> <br/>request info: 240e:b87:1f6:d800:a504:b4a9:1b4d:4897<EOL>"
2026-04-21T23:01:29.245+08:00  WARN 20416 --- [inker] [nio-8083-exec-3] c.i.b.s.provider.EastMoneyStockProvider  : Failed to fetch concepts for stock. code=300707, market=SZ, message=403 Forbidden: "<h1>Nginx forbidden.</h1> <br/>request info: 240e:b87:1f6:d800:a504:b4a9:1b4d:4897<EOL>"
2026-04-21T23:01:29.297+08:00  WARN 20416 --- [inker] [nio-8083-exec-3] c.i.b.s.provider.EastMoneyStockProvider  : Failed to fetch concepts for stock. code=300708, market=SZ, message=403 Forbidden: "<h1>Nginx forbidden.</h1> <br/>request info: 240e:b87:1f6:d800:a504:b4a9:1b4d:4897<EOL>"
2026-04-21T23:01:29.350+08:00  WARN 20416 --- [inker] [nio-8083-exec-3] c.i.b.s.provider.EastMoneyStockProvider  : Failed to fetch concepts for stock. code=300709, market=SZ, message=403 Forbidden: "<h1>Nginx forbidden.</h1> <br/>request info: 240e:b87:1f6:d800:a504:b4a9:1b4d:4897<EOL>"
2026-04-21T23:01:29.396+08:00  WARN 20416 --- [inker] [nio-8083-exec-3] c.i.b.s.provider.EastMoneyStockProvider  : Failed to fetch concepts for stock. code=300710, market=SZ, message=403 Forbidden: "<h1>Nginx forbidden.</h1> <br/>request info: 240e:b87:1f6:d800:a504:b4a9:1b4d:4897<EOL>"
2026-04-21T23:01:29.443+08:00  WARN 20416 --- [inker] [nio-8083-exec-3] c.i.b.s.provider.EastMoneyStockProvider  : Failed to fetch concepts for stock. code=300711, market=SZ, message=403 Forbidden: "<h1>Nginx forbidden.</h1> <br/>request info: 240e:b87:1f6:d800:a504:b4a9:1b4d:4897<EOL>"
2026-04-21T23:01:29.491+08:00  WARN 20416 --- [inker] [nio-8083-exec-3] c.i.b.s.provider.EastMoneyStockProvider  : Failed to fetch concepts for stock. code=300712, market=SZ, message=403 Forbidden: "<h1>Nginx forbidden.</h1> <br/>request info: 240e:b87:1f6:d800:a504:b4a9:1b4d:4897<EOL>"
2026-04-21T23:01:29.539+08:00  WARN 20416 --- [inker] [nio-8083-exec-3] c.i.b.s.provider.EastMoneyStockProvider  : Failed to fetch concepts for stock. code=300713, market=SZ, message=403 Forbidden: "<h1>Nginx forbidden.</h1> <br/>request info: 240e:b87:1f6:d800:a504:b4a9:1b4d:4897<EOL>"
2026-04-21T23:01:29.593+08:00  WARN 20416 --- [inker] [nio-8083-exec-3] c.i.b.s.provider.EastMoneyStockProvider  : Failed to fetch concepts for stock. code=300715, market=SZ, message=403 Forbidden: "<h1>Nginx forbidden.</h1> <br/>request info: 240e:b87:1f6:d800:a504:b4a9:1b4d:4897<EOL>"
2026-04-21T23:01:29.639+08:00  WARN 20416 --- [inker] [nio-8083-exec-3] c.i.b.s.provider.EastMoneyStockProvider  : Failed to fetch concepts for stock. code=300717, market=SZ, message=403 Forbidden: "<h1>Nginx forbidden.</h1> <br/>request info: 240e:b87:1f6:d800:a504:b4a9:1b4d:4897<EOL>"
2026-04-21T23:01:29.692+08:00  WARN 20416 --- [inker] [nio-8083-exec-3] c.i.b.s.provider.EastMoneyStockProvider  : Failed to fetch concepts for stock. code=300718, market=SZ, message=403 Forbidden: "<h1>Nginx forbidden.</h1> <br/>request info: 240e:b87:1f6:d800:a504:b4a9:1b4d:4897<EOL>"
2026-04-21T23:01:29.741+08:00  WARN 20416 --- [inker] [nio-8083-exec-3] c.i.b.s.provider.EastMoneyStockProvider  : Failed to fetch concepts for stock. code=300719, market=SZ, message=403 Forbidden: "<h1>Nginx forbidden.</h1> <br/>request info: 240e:b87:1f6:d800:a504:b4a9:1b4d:4897<EOL>"
2026-04-21T23:01:29.787+08:00  WARN 20416 --- [inker] [nio-8083-exec-3] c.i.b.s.provider.EastMoneyStockProvider  : Failed to fetch concepts for stock. code=300720, market=SZ, message=403 Forbidden: "<h1>Nginx forbidden.</h1> <br/>request info: 240e:b87:1f6:d800:a504:b4a9:1b4d:4897<EOL>"
2026-04-21T23:01:29.834+08:00  WARN 20416 --- [inker] [nio-8083-exec-3] c.i.b.s.provider.EastMoneyStockProvider  : Failed to fetch concepts for stock. code=300721, market=SZ, message=403 Forbidden: "<h1>Nginx forbidden.</h1> <br/>request info: 240e:b87:1f6:d800:a504:b4a9:1b4d:4897<EOL>"
2026-04-21T23:01:29.899+08:00  WARN 20416 --- [inker] [nio-8083-exec-3] c.i.b.s.provider.EastMoneyStockProvider  : Failed to fetch concepts for stock. code=300722, market=SZ, message=403 Forbidden: "<h1>Nginx forbidden.</h1> <br/>request info: 240e:b87:1f6:d800:a504:b4a9:1b4d:4897<EOL>"
2026-04-21T23:01:29.944+08:00  WARN 20416 --- [inker] [nio-8083-exec-3] c.i.b.s.provider.EastMoneyStockProvider  : Failed to fetch concepts for stock. code=300723, market=SZ, message=403 Forbidden: "<h1>Nginx forbidden.</h1> <br/>request info: 240e:b87:1f6:d800:a504:b4a9:1b4d:4897<EOL>"
2026-04-21T23:01:29.993+08:00  WARN 20416 --- [inker] [nio-8083-exec-3] c.i.b.s.provider.EastMoneyStockProvider  : Failed to fetch concepts for stock. code=300724, market=SZ, message=403 Forbidden: "<h1>Nginx forbidden.</h1> <br/>request info: 240e:b87:1f6:d800:a504:b4a9:1b4d:4897<EOL>"
2026-04-21T23:01:30.041+08:00  WARN 20416 --- [inker] [nio-8083-exec-3] c.i.b.s.provider.EastMoneyStockProvider  : Failed to fetch concepts for stock. code=300725, market=SZ, message=403 Forbidden: "<h1>Nginx forbidden.</h1> <br/>request info: 240e:b87:1f6:d800:a504:b4a9:1b4d:4897<EOL>"
2026-04-21T23:01:30.087+08:00  WARN 20416 --- [inker] [nio-8083-exec-3] c.i.b.s.provider.EastMoneyStockProvider  : Failed to fetch concepts for stock. code=300726, market=SZ, message=403 Forbidden: "<h1>Nginx forbidden.</h1> <br/>request info: 240e:b87:1f6:d800:a504:b4a9:1b4d:4897<EOL>"
2026-04-21T23:01:30.138+08:00  WARN 20416 --- [inker] [nio-8083-exec-3] c.i.b.s.provider.EastMoneyStockProvider  : Failed to fetch concepts for stock. code=300727, market=SZ, message=403 Forbidden: "<h1>Nginx forbidden.</h1> <br/>request info: 240e:b87:1f6:d800:a504:b4a9:1b4d:4897<EOL>"
2026-04-21T23:01:30.188+08:00  WARN 20416 --- [inker] [nio-8083-exec-3] c.i.b.s.provider.EastMoneyStockProvider  : Failed to fetch concepts for stock. code=300729, market=SZ, message=403 Forbidden: "<h1>Nginx forbidden.</h1> <br/>request info: 240e:b87:1f6:d800:a504:b4a9:1b4d:4897<EOL>"
2026-04-21T23:01:30.234+08:00  WARN 20416 --- [inker] [nio-8083-exec-3] c.i.b.s.provider.EastMoneyStockProvider  : Failed to fetch concepts for stock. code=300730, market=SZ, message=403 Forbidden: "<h1>Nginx forbidden.</h1> <br/>request info: 240e:b87:1f6:d800:a504:b4a9:1b4d:4897<EOL>"
2026-04-21T23:01:30.279+08:00  WARN 20416 --- [inker] [nio-8083-exec-3] c.i.b.s.provider.EastMoneyStockProvider  : Failed to fetch concepts for stock. code=300731, market=SZ, message=403 Forbidden: "<h1>Nginx forbidden.</h1> <br/>request info: 240e:b87:1f6:d800:a504:b4a9:1b4d:4897<EOL>"
2026-04-21T23:01:30.323+08:00  WARN 20416 --- [inker] [nio-8083-exec-3] c.i.b.s.provider.EastMoneyStockProvider  : Failed to fetch concepts for stock. code=300732, market=SZ, message=403 Forbidden: "<h1>Nginx forbidden.</h1> <br/>request info: 240e:b87:1f6:d800:a504:b4a9:1b4d:4897<EOL>"
2026-04-21T23:01:30.369+08:00  WARN 20416 --- [inker] [nio-8083-exec-3] c.i.b.s.provider.EastMoneyStockProvider  : Failed to fetch concepts for stock. code=300733, market=SZ, message=403 Forbidden: "<h1>Nginx forbidden.</h1> <br/>request info: 240e:b87:1f6:d800:a504:b4a9:1b4d:4897<EOL>"
2026-04-21T23:01:30.414+08:00  WARN 20416 --- [inker] [nio-8083-exec-3] c.i.b.s.provider.EastMoneyStockProvider  : Failed to fetch concepts for stock. code=300735, market=SZ, message=403 Forbidden: "<h1>Nginx forbidden.</h1> <br/>request info: 240e:b87:1f6:d800:a504:b4a9:1b4d:4897<EOL>"
2026-04-21T23:01:30.460+08:00  WARN 20416 --- [inker] [nio-8083-exec-3] c.i.b.s.provider.EastMoneyStockProvider  : Failed to fetch concepts for stock. code=300736, market=SZ, message=403 Forbidden: "<h1>Nginx forbidden.</h1> <br/>request info: 240e:b87:1f6:d800:a504:b4a9:1b4d:4897<EOL>"
2026-04-21T23:01:30.504+08:00  WARN 20416 --- [inker] [nio-8083-exec-3] c.i.b.s.provider.EastMoneyStockProvider  : Failed to fetch concepts for stock. code=300737, market=SZ, message=403 Forbidden: "<h1>Nginx forbidden.</h1> <br/>request info: 240e:b87:1f6:d800:a504:b4a9:1b4d:4897<EOL>"
2026-04-21T23:01:30.554+08:00  WARN 20416 --- [inker] [nio-8083-exec-3] c.i.b.s.provider.EastMoneyStockProvider  : Failed to fetch concepts for stock. code=300738, market=SZ, message=403 Forbidden: "<h1>Nginx forbidden.</h1> <br/>request info: 240e:b87:1f6:d800:a504:b4a9:1b4d:4897<EOL>"
2026-04-21T23:01:30.599+08:00  WARN 20416 --- [inker] [nio-8083-exec-3] c.i.b.s.provider.EastMoneyStockProvider  : Failed to fetch concepts for stock. code=300739, market=SZ, message=403 Forbidden: "<h1>Nginx forbidden.</h1> <br/>request info: 240e:b87:1f6:d800:a504:b4a9:1b4d:4897<EOL>"
2026-04-21T23:01:30.650+08:00  WARN 20416 --- [inker] [nio-8083-exec-3] c.i.b.s.provider.EastMoneyStockProvider  : Failed to fetch concepts for stock. code=300740, market=SZ, message=403 Forbidden: "<h1>Nginx forbidden.</h1> <br/>request info: 240e:b87:1f6:d800:a504:b4a9:1b4d:4897<EOL>"
2026-04-21T23:01:30.696+08:00  WARN 20416 --- [inker] [nio-8083-exec-3] c.i.b.s.provider.EastMoneyStockProvider  : Failed to fetch concepts for stock. code=300741, market=SZ, message=403 Forbidden: "<h1>Nginx forbidden.</h1> <br/>request info: 240e:b87:1f6:d800:a504:b4a9:1b4d:4897<EOL>"
2026-04-21T23:01:30.742+08:00  WARN 20416 --- [inker] [nio-8083-exec-3] c.i.b.s.provider.EastMoneyStockProvider  : Failed to fetch concepts for stock. code=300743, market=SZ, message=403 Forbidden: "<h1>Nginx forbidden.</h1> <br/>request info: 240e:b87:1f6:d800:a504:b4a9:1b4d:4897<EOL>"
2026-04-21T23:01:30.791+08:00  WARN 20416 --- [inker] [nio-8083-exec-3] c.i.b.s.provider.EastMoneyStockProvider  : Failed to fetch concepts for stock. code=300745, market=SZ, message=403 Forbidden: "<h1>Nginx forbidden.</h1> <br/>request info: 240e:b87:1f6:d800:a504:b4a9:1b4d:4897<EOL>"
2026-04-21T23:01:30.836+08:00  WARN 20416 --- [inker] [nio-8083-exec-3] c.i.b.s.provider.EastMoneyStockProvider  : Failed to fetch concepts for stock. code=300746, market=SZ, message=403 Forbidden: "<h1>Nginx forbidden.</h1> <br/>request info: 240e:b87:1f6:d800:a504:b4a9:1b4d:4897<EOL>"
2026-04-21T23:01:30.884+08:00  WARN 20416 --- [inker] [nio-8083-exec-3] c.i.b.s.provider.EastMoneyStockProvider  : Failed to fetch concepts for stock. code=300747, market=SZ, message=403 Forbidden: "<h1>Nginx forbidden.</h1> <br/>request info: 240e:b87:1f6:d800:a504:b4a9:1b4d:4897<EOL>"
2026-04-21T23:01:30.933+08:00  WARN 20416 --- [inker] [nio-8083-exec-3] c.i.b.s.provider.EastMoneyStockProvider  : Failed to fetch concepts for stock. code=300748, market=SZ, message=403 Forbidden: "<h1>Nginx forbidden.</h1> <br/>request info: 240e:b87:1f6:d800:a504:b4a9:1b4d:4897<EOL>"
2026-04-21T23:01:30.979+08:00  WARN 20416 --- [inker] [nio-8083-exec-3] c.i.b.s.provider.EastMoneyStockProvider  : Failed to fetch concepts for stock. code=300749, market=SZ, message=403 Forbidden: "<h1>Nginx forbidden.</h1> <br/>request info: 240e:b87:1f6:d800:a504:b4a9:1b4d:4897<EOL>"
2026-04-21T23:01:31.026+08:00  WARN 20416 --- [inker] [nio-8083-exec-3] c.i.b.s.provider.EastMoneyStockProvider  : Failed to fetch concepts for stock. code=300750, market=SZ, message=403 Forbidden: "<h1>Nginx forbidden.</h1> <br/>request info: 240e:b87:1f6:d800:a504:b4a9:1b4d:4897<EOL>"
2026-04-21T23:01:31.070+08:00  WARN 20416 --- [inker] [nio-8083-exec-3] c.i.b.s.provider.EastMoneyStockProvider  : Failed to fetch concepts for stock. code=300751, market=SZ, message=403 Forbidden: "<h1>Nginx forbidden.</h1> <br/>request info: 240e:b87:1f6:d800:a504:b4a9:1b4d:4897<EOL>"
2026-04-21T23:01:31.115+08:00  WARN 20416 --- [inker] [nio-8083-exec-3] c.i.b.s.provider.EastMoneyStockProvider  : Failed to fetch concepts for stock. code=300752, market=SZ, message=403 Forbidden: "<h1>Nginx forbidden.</h1> <br/>request info: 240e:b87:1f6:d800:a504:b4a9:1b4d:4897<EOL>"
2026-04-21T23:01:31.165+08:00  WARN 20416 --- [inker] [nio-8083-exec-3] c.i.b.s.provider.EastMoneyStockProvider  : Failed to fetch concepts for stock. code=300753, market=SZ, message=403 Forbidden: "<h1>Nginx forbidden.</h1> <br/>request info: 240e:b87:1f6:d800:a504:b4a9:1b4d:4897<EOL>"
2026-04-21T23:01:31.211+08:00  WARN 20416 --- [inker] [nio-8083-exec-3] c.i.b.s.provider.EastMoneyStockProvider  : Failed to fetch concepts for stock. code=300755, market=SZ, message=403 Forbidden: "<h1>Nginx forbidden.</h1> <br/>request info: 240e:b87:1f6:d800:a504:b4a9:1b4d:4897<EOL>"
2026-04-21T23:01:31.258+08:00  WARN 20416 --- [inker] [nio-8083-exec-3] c.i.b.s.provider.EastMoneyStockProvider  : Failed to fetch concepts for stock. code=300756, market=SZ, message=403 Forbidden: "<h1>Nginx forbidden.</h1> <br/>request info: 240e:b87:1f6:d800:a504:b4a9:1b4d:4897<EOL>"
2026-04-21T23:01:31.305+08:00  WARN 20416 --- [inker] [nio-8083-exec-3] c.i.b.s.provider.EastMoneyStockProvider  : Failed to fetch concepts for stock. code=300757, market=SZ, message=403 Forbidden: "<h1>Nginx forbidden.</h1> <br/>request info: 240e:b87:1f6:d800:a504:b4a9:1b4d:4897<EOL>"
2026-04-21T23:01:31.351+08:00  WARN 20416 --- [inker] [nio-8083-exec-3] c.i.b.s.provider.EastMoneyStockProvider  : Failed to fetch concepts for stock. code=300758, market=SZ, message=403 Forbidden: "<h1>Nginx forbidden.</h1> <br/>request info: 240e:b87:1f6:d800:a504:b4a9:1b4d:4897<EOL>"
2026-04-21T23:01:31.413+08:00  WARN 20416 --- [inker] [nio-8083-exec-3] c.i.b.s.provider.EastMoneyStockProvider  : Failed to fetch concepts for stock. code=300759, market=SZ, message=403 Forbidden: "<h1>Nginx forbidden.</h1> <br/>request info: 240e:b87:1f6:d800:a504:b4a9:1b4d:4897<EOL>"
2026-04-21T23:01:31.462+08:00  WARN 20416 --- [inker] [nio-8083-exec-3] c.i.b.s.provider.EastMoneyStockProvider  : Failed to fetch concepts for stock. code=300760, market=SZ, message=403 Forbidden: "<h1>Nginx forbidden.</h1> <br/>request info: 240e:b87:1f6:d800:a504:b4a9:1b4d:4897<EOL>"
2026-04-21T23:01:31.516+08:00  WARN 20416 --- [inker] [nio-8083-exec-3] c.i.b.s.provider.EastMoneyStockProvider  : Failed to fetch concepts for stock. code=300761, market=SZ, message=403 Forbidden: "<h1>Nginx forbidden.</h1> <br/>request info: 240e:b87:1f6:d800:a504:b4a9:1b4d:4897<EOL>"
2026-04-21T23:01:31.567+08:00  WARN 20416 --- [inker] [nio-8083-exec-3] c.i.b.s.provider.EastMoneyStockProvider  : Failed to fetch concepts for stock. code=300762, market=SZ, message=403 Forbidden: "<h1>Nginx forbidden.</h1> <br/>request info: 240e:b87:1f6:d800:a504:b4a9:1b4d:4897<EOL>"
2026-04-21T23:01:31.618+08:00  WARN 20416 --- [inker] [nio-8083-exec-3] c.i.b.s.provider.EastMoneyStockProvider  : Failed to fetch concepts for stock. code=300763, market=SZ, message=403 Forbidden: "<h1>Nginx forbidden.</h1> <br/>request info: 240e:b87:1f6:d800:a504:b4a9:1b4d:4897<EOL>"
2026-04-21T23:01:31.664+08:00  WARN 20416 --- [inker] [nio-8083-exec-3] c.i.b.s.provider.EastMoneyStockProvider  : Failed to fetch concepts for stock. code=300765, market=SZ, message=403 Forbidden: "<h1>Nginx forbidden.</h1> <br/>request info: 240e:b87:1f6:d800:a504:b4a9:1b4d:4897<EOL>"
2026-04-21T23:01:31.712+08:00  WARN 20416 --- [inker] [nio-8083-exec-3] c.i.b.s.provider.EastMoneyStockProvider  : Failed to fetch concepts for stock. code=300766, market=SZ, message=403 Forbidden: "<h1>Nginx forbidden.</h1> <br/>request info: 240e:b87:1f6:d800:a504:b4a9:1b4d:4897<EOL>"
2026-04-21T23:01:31.761+08:00  WARN 20416 --- [inker] [nio-8083-exec-3] c.i.b.s.provider.EastMoneyStockProvider  : Failed to fetch concepts for stock. code=300767, market=SZ, message=403 Forbidden: "<h1>Nginx forbidden.</h1> <br/>request info: 240e:b87:1f6:d800:a504:b4a9:1b4d:4897<EOL>"
2026-04-21T23:01:31.807+08:00  WARN 20416 --- [inker] [nio-8083-exec-3] c.i.b.s.provider.EastMoneyStockProvider  : Failed to fetch concepts for stock. code=300768, market=SZ, message=403 Forbidden: "<h1>Nginx forbidden.</h1> <br/>request info: 240e:b87:1f6:d800:a504:b4a9:1b4d:4897<EOL>"
2026-04-21T23:01:31.853+08:00  WARN 20416 --- [inker] [nio-8083-exec-3] c.i.b.s.provider.EastMoneyStockProvider  : Failed to fetch concepts for stock. code=300769, market=SZ, message=403 Forbidden: "<h1>Nginx forbidden.</h1> <br/>request info: 240e:b87:1f6:d800:a504:b4a9:1b4d:4897<EOL>"
2026-04-21T23:01:31.901+08:00  WARN 20416 --- [inker] [nio-8083-exec-3] c.i.b.s.provider.EastMoneyStockProvider  : Failed to fetch concepts for stock. code=300770, market=SZ, message=403 Forbidden: "<h1>Nginx forbidden.</h1> <br/>request info: 240e:b87:1f6:d800:a504:b4a9:1b4d:4897<EOL>"
2026-04-21T23:01:31.953+08:00  WARN 20416 --- [inker] [nio-8083-exec-3] c.i.b.s.provider.EastMoneyStockProvider  : Failed to fetch concepts for stock. code=300771, market=SZ, message=403 Forbidden: "<h1>Nginx forbidden.</h1> <br/>request info: 240e:b87:1f6:d800:a504:b4a9:1b4d:4897<EOL>"
2026-04-21T23:01:32.003+08:00  WARN 20416 --- [inker] [nio-8083-exec-3] c.i.b.s.provider.EastMoneyStockProvider  : Failed to fetch concepts for stock. code=300772, market=SZ, message=403 Forbidden: "<h1>Nginx forbidden.</h1> <br/>request info: 240e:b87:1f6:d800:a504:b4a9:1b4d:4897<EOL>"
2026-04-21T23:01:32.053+08:00  WARN 20416 --- [inker] [nio-8083-exec-3] c.i.b.s.provider.EastMoneyStockProvider  : Failed to fetch concepts for stock. code=300773, market=SZ, message=403 Forbidden: "<h1>Nginx forbidden.</h1> <br/>request info: 240e:b87:1f6:d800:a504:b4a9:1b4d:4897<EOL>"
2026-04-21T23:01:32.102+08:00  WARN 20416 --- [inker] [nio-8083-exec-3] c.i.b.s.provider.EastMoneyStockProvider  : Failed to fetch concepts for stock. code=300774, market=SZ, message=403 Forbidden: "<h1>Nginx forbidden.</h1> <br/>request info: 240e:b87:1f6:d800:a504:b4a9:1b4d:4897<EOL>"
2026-04-21T23:01:32.150+08:00  WARN 20416 --- [inker] [nio-8083-exec-3] c.i.b.s.provider.EastMoneyStockProvider  : Failed to fetch concepts for stock. code=300775, market=SZ, message=403 Forbidden: "<h1>Nginx forbidden.</h1> <br/>request info: 240e:b87:1f6:d800:a504:b4a9:1b4d:4897<EOL>"
2026-04-21T23:01:32.223+08:00  WARN 20416 --- [inker] [nio-8083-exec-3] c.i.b.s.provider.EastMoneyStockProvider  : Failed to fetch concepts for stock. code=300776, market=SZ, message=403 Forbidden: "<h1>Nginx forbidden.</h1> <br/>request info: 240e:b87:1f6:d800:a504:b4a9:1b4d:4897<EOL>"
2026-04-21T23:01:32.277+08:00  WARN 20416 --- [inker] [nio-8083-exec-3] c.i.b.s.provider.EastMoneyStockProvider  : Failed to fetch concepts for stock. code=300777, market=SZ, message=403 Forbidden: "<h1>Nginx forbidden.</h1> <br/>request info: 240e:b87:1f6:d800:a504:b4a9:1b4d:4897<EOL>"
2026-04-21T23:01:32.329+08:00  WARN 20416 --- [inker] [nio-8083-exec-3] c.i.b.s.provider.EastMoneyStockProvider  : Failed to fetch concepts for stock. code=300778, market=SZ, message=403 Forbidden: "<h1>Nginx forbidden.</h1> <br/>request info: 240e:b87:1f6:d800:a504:b4a9:1b4d:4897<EOL>"
2026-04-21T23:01:32.375+08:00  WARN 20416 --- [inker] [nio-8083-exec-3] c.i.b.s.provider.EastMoneyStockProvider  : Failed to fetch concepts for stock. code=300779, market=SZ, message=403 Forbidden: "<h1>Nginx forbidden.</h1> <br/>request info: 240e:b87:1f6:d800:a504:b4a9:1b4d:4897<EOL>"
2026-04-21T23:01:32.421+08:00  WARN 20416 --- [inker] [nio-8083-exec-3] c.i.b.s.provider.EastMoneyStockProvider  : Failed to fetch concepts for stock. code=300780, market=SZ, message=403 Forbidden: "<h1>Nginx forbidden.</h1> <br/>request info: 240e:b87:1f6:d800:a504:b4a9:1b4d:4897<EOL>"
2026-04-21T23:01:32.467+08:00  WARN 20416 --- [inker] [nio-8083-exec-3] c.i.b.s.provider.EastMoneyStockProvider  : Failed to fetch concepts for stock. code=300781, market=SZ, message=403 Forbidden: "<h1>Nginx forbidden.</h1> <br/>request info: 240e:b87:1f6:d800:a504:b4a9:1b4d:4897<EOL>"
2026-04-21T23:01:32.516+08:00  WARN 20416 --- [inker] [nio-8083-exec-3] c.i.b.s.provider.EastMoneyStockProvider  : Failed to fetch concepts for stock. code=300782, market=SZ, message=403 Forbidden: "<h1>Nginx forbidden.</h1> <br/>request info: 240e:b87:1f6:d800:a504:b4a9:1b4d:4897<EOL>"
2026-04-21T23:01:32.559+08:00  WARN 20416 --- [inker] [nio-8083-exec-3] c.i.b.s.provider.EastMoneyStockProvider  : Failed to fetch concepts for stock. code=300783, market=SZ, message=403 Forbidden: "<h1>Nginx forbidden.</h1> <br/>request info: 240e:b87:1f6:d800:a504:b4a9:1b4d:4897<EOL>"
2026-04-21T23:01:32.608+08:00  WARN 20416 --- [inker] [nio-8083-exec-3] c.i.b.s.provider.EastMoneyStockProvider  : Failed to fetch concepts for stock. code=300784, market=SZ, message=403 Forbidden: "<h1>Nginx forbidden.</h1> <br/>request info: 240e:b87:1f6:d800:a504:b4a9:1b4d:4897<EOL>"
2026-04-21T23:01:32.655+08:00  WARN 20416 --- [inker] [nio-8083-exec-3] c.i.b.s.provider.EastMoneyStockProvider  : Failed to fetch concepts for stock. code=300785, market=SZ, message=403 Forbidden: "<h1>Nginx forbidden.</h1> <br/>request info: 240e:b87:1f6:d800:a504:b4a9:1b4d:4897<EOL>"
2026-04-21T23:01:32.700+08:00  WARN 20416 --- [inker] [nio-8083-exec-3] c.i.b.s.provider.EastMoneyStockProvider  : Failed to fetch concepts for stock. code=300786, market=SZ, message=403 Forbidden: "<h1>Nginx forbidden.</h1> <br/>request info: 240e:b87:1f6:d800:a504:b4a9:1b4d:4897<EOL>"
2026-04-21T23:01:32.751+08:00  WARN 20416 --- [inker] [nio-8083-exec-3] c.i.b.s.provider.EastMoneyStockProvider  : Failed to fetch concepts for stock. code=300787, market=SZ, message=403 Forbidden: "<h1>Nginx forbidden.</h1> <br/>request info: 240e:b87:1f6:d800:a504:b4a9:1b4d:4897<EOL>"
2026-04-21T23:01:32.797+08:00  WARN 20416 --- [inker] [nio-8083-exec-3] c.i.b.s.provider.EastMoneyStockProvider  : Failed to fetch concepts for stock. code=300788, market=SZ, message=403 Forbidden: "<h1>Nginx forbidden.</h1> <br/>request info: 240e:b87:1f6:d800:a504:b4a9:1b4d:4897<EOL>"
2026-04-21T23:01:32.841+08:00  WARN 20416 --- [inker] [nio-8083-exec-3] c.i.b.s.provider.EastMoneyStockProvider  : Failed to fetch concepts for stock. code=300789, market=SZ, message=403 Forbidden: "<h1>Nginx forbidden.</h1> <br/>request info: 240e:b87:1f6:d800:a504:b4a9:1b4d:4897<EOL>"
2026-04-21T23:01:32.887+08:00  WARN 20416 --- [inker] [nio-8083-exec-3] c.i.b.s.provider.EastMoneyStockProvider  : Failed to fetch concepts for stock. code=300790, market=SZ, message=403 Forbidden: "<h1>Nginx forbidden.</h1> <br/>request info: 240e:b87:1f6:d800:a504:b4a9:1b4d:4897<EOL>"
2026-04-21T23:01:32.932+08:00  WARN 20416 --- [inker] [nio-8083-exec-3] c.i.b.s.provider.EastMoneyStockProvider  : Failed to fetch concepts for stock. code=300791, market=SZ, message=403 Forbidden: "<h1>Nginx forbidden.</h1> <br/>request info: 240e:b87:1f6:d800:a504:b4a9:1b4d:4897<EOL>"
2026-04-21T23:01:32.982+08:00  WARN 20416 --- [inker] [nio-8083-exec-3] c.i.b.s.provider.EastMoneyStockProvider  : Failed to fetch concepts for stock. code=300792, market=SZ, message=403 Forbidden: "<h1>Nginx forbidden.</h1> <br/>request info: 240e:b87:1f6:d800:a504:b4a9:1b4d:4897<EOL>"
2026-04-21T23:01:33.027+08:00  WARN 20416 --- [inker] [nio-8083-exec-3] c.i.b.s.provider.EastMoneyStockProvider  : Failed to fetch concepts for stock. code=300793, market=SZ, message=403 Forbidden: "<h1>Nginx forbidden.</h1> <br/>request info: 240e:b87:1f6:d800:a504:b4a9:1b4d:4897<EOL>"
2026-04-21T23:01:33.073+08:00  WARN 20416 --- [inker] [nio-8083-exec-3] c.i.b.s.provider.EastMoneyStockProvider  : Failed to fetch concepts for stock. code=300795, market=SZ, message=403 Forbidden: "<h1>Nginx forbidden.</h1> <br/>request info: 240e:b87:1f6:d800:a504:b4a9:1b4d:4897<EOL>"
2026-04-21T23:01:33.118+08:00  WARN 20416 --- [inker] [nio-8083-exec-3] c.i.b.s.provider.EastMoneyStockProvider  : Failed to fetch concepts for stock. code=300796, market=SZ, message=403 Forbidden: "<h1>Nginx forbidden.</h1> <br/>request info: 240e:b87:1f6:d800:a504:b4a9:1b4d:4897<EOL>"
2026-04-21T23:01:33.164+08:00  WARN 20416 --- [inker] [nio-8083-exec-3] c.i.b.s.provider.EastMoneyStockProvider  : Failed to fetch concepts for stock. code=300797, market=SZ, message=403 Forbidden: "<h1>Nginx forbidden.</h1> <br/>request info: 240e:b87:1f6:d800:a504:b4a9:1b4d:4897<EOL>"
2026-04-21T23:01:33.211+08:00  WARN 20416 --- [inker] [nio-8083-exec-3] c.i.b.s.provider.EastMoneyStockProvider  : Failed to fetch concepts for stock. code=300798, market=SZ, message=403 Forbidden: "<h1>Nginx forbidden.</h1> <br/>request info: 240e:b87:1f6:d800:a504:b4a9:1b4d:4897<EOL>"
2026-04-21T23:01:33.256+08:00  WARN 20416 --- [inker] [nio-8083-exec-3] c.i.b.s.provider.EastMoneyStockProvider  : Failed to fetch concepts for stock. code=300800, market=SZ, message=403 Forbidden: "<h1>Nginx forbidden.</h1> <br/>request info: 240e:b87:1f6:d800:a504:b4a9:1b4d:4897<EOL>"
2026-04-21T23:01:33.304+08:00  WARN 20416 --- [inker] [nio-8083-exec-3] c.i.b.s.provider.EastMoneyStockProvider  : Failed to fetch concepts for stock. code=300801, market=SZ, message=403 Forbidden: "<h1>Nginx forbidden.</h1> <br/>request info: 240e:b87:1f6:d800:a504:b4a9:1b4d:4897<EOL>"
2026-04-21T23:01:33.369+08:00  WARN 20416 --- [inker] [nio-8083-exec-3] c.i.b.s.provider.EastMoneyStockProvider  : Failed to fetch concepts for stock. code=300802, market=SZ, message=403 Forbidden: "<h1>Nginx forbidden.</h1> <br/>request info: 240e:b87:1f6:d800:a504:b4a9:1b4d:4897<EOL>"
2026-04-21T23:01:33.413+08:00  WARN 20416 --- [inker] [nio-8083-exec-3] c.i.b.s.provider.EastMoneyStockProvider  : Failed to fetch concepts for stock. code=300803, market=SZ, message=403 Forbidden: "<h1>Nginx forbidden.</h1> <br/>request info: 240e:b87:1f6:d800:a504:b4a9:1b4d:4897<EOL>"
2026-04-21T23:01:33.460+08:00  WARN 20416 --- [inker] [nio-8083-exec-3] c.i.b.s.provider.EastMoneyStockProvider  : Failed to fetch concepts for stock. code=300804, market=SZ, message=403 Forbidden: "<h1>Nginx forbidden.</h1> <br/>request info: 240e:b87:1f6:d800:a504:b4a9:1b4d:4897<EOL>"
2026-04-21T23:01:33.506+08:00  WARN 20416 --- [inker] [nio-8083-exec-3] c.i.b.s.provider.EastMoneyStockProvider  : Failed to fetch concepts for stock. code=300805, market=SZ, message=403 Forbidden: "<h1>Nginx forbidden.</h1> <br/>request info: 240e:b87:1f6:d800:a504:b4a9:1b4d:4897<EOL>"
2026-04-21T23:01:33.554+08:00  WARN 20416 --- [inker] [nio-8083-exec-3] c.i.b.s.provider.EastMoneyStockProvider  : Failed to fetch concepts for stock. code=300806, market=SZ, message=403 Forbidden: "<h1>Nginx forbidden.</h1> <br/>request info: 240e:b87:1f6:d800:a504:b4a9:1b4d:4897<EOL>"
2026-04-21T23:01:33.604+08:00  WARN 20416 --- [inker] [nio-8083-exec-3] c.i.b.s.provider.EastMoneyStockProvider  : Failed to fetch concepts for stock. code=300807, market=SZ, message=403 Forbidden: "<h1>Nginx forbidden.</h1> <br/>request info: 240e:b87:1f6:d800:a504:b4a9:1b4d:4897<EOL>"
2026-04-21T23:01:33.651+08:00  WARN 20416 --- [inker] [nio-8083-exec-3] c.i.b.s.provider.EastMoneyStockProvider  : Failed to fetch concepts for stock. code=300808, market=SZ, message=403 Forbidden: "<h1>Nginx forbidden.</h1> <br/>request info: 240e:b87:1f6:d800:a504:b4a9:1b4d:4897<EOL>"
2026-04-21T23:01:33.694+08:00  WARN 20416 --- [inker] [nio-8083-exec-3] c.i.b.s.provider.EastMoneyStockProvider  : Failed to fetch concepts for stock. code=300809, market=SZ, message=403 Forbidden: "<h1>Nginx forbidden.</h1> <br/>request info: 240e:b87:1f6:d800:a504:b4a9:1b4d:4897<EOL>"
2026-04-21T23:01:33.738+08:00  WARN 20416 --- [inker] [nio-8083-exec-3] c.i.b.s.provider.EastMoneyStockProvider  : Failed to fetch concepts for stock. code=300810, market=SZ, message=403 Forbidden: "<h1>Nginx forbidden.</h1> <br/>request info: 240e:b87:1f6:d800:a504:b4a9:1b4d:4897<EOL>"
2026-04-21T23:01:33.786+08:00  WARN 20416 --- [inker] [nio-8083-exec-3] c.i.b.s.provider.EastMoneyStockProvider  : Failed to fetch concepts for stock. code=300811, market=SZ, message=403 Forbidden: "<h1>Nginx forbidden.</h1> <br/>request info: 240e:b87:1f6:d800:a504:b4a9:1b4d:4897<EOL>"
2026-04-21T23:01:33.836+08:00  WARN 20416 --- [inker] [nio-8083-exec-3] c.i.b.s.provider.EastMoneyStockProvider  : Failed to fetch concepts for stock. code=300812, market=SZ, message=403 Forbidden: "<h1>Nginx forbidden.</h1> <br/>request info: 240e:b87:1f6:d800:a504:b4a9:1b4d:4897<EOL>"
2026-04-21T23:01:33.890+08:00  WARN 20416 --- [inker] [nio-8083-exec-3] c.i.b.s.provider.EastMoneyStockProvider  : Failed to fetch concepts for stock. code=300813, market=SZ, message=403 Forbidden: "<h1>Nginx forbidden.</h1> <br/>request info: 240e:b87:1f6:d800:a504:b4a9:1b4d:4897<EOL>"
2026-04-21T23:01:33.938+08:00  WARN 20416 --- [inker] [nio-8083-exec-3] c.i.b.s.provider.EastMoneyStockProvider  : Failed to fetch concepts for stock. code=300814, market=SZ, message=403 Forbidden: "<h1>Nginx forbidden.</h1> <br/>request info: 240e:b87:1f6:d800:a504:b4a9:1b4d:4897<EOL>"
2026-04-21T23:01:33.983+08:00  WARN 20416 --- [inker] [nio-8083-exec-3] c.i.b.s.provider.EastMoneyStockProvider  : Failed to fetch concepts for stock. code=300815, market=SZ, message=403 Forbidden: "<h1>Nginx forbidden.</h1> <br/>request info: 240e:b87:1f6:d800:a504:b4a9:1b4d:4897<EOL>"
2026-04-21T23:01:34.027+08:00  WARN 20416 --- [inker] [nio-8083-exec-3] c.i.b.s.provider.EastMoneyStockProvider  : Failed to fetch concepts for stock. code=300816, market=SZ, message=403 Forbidden: "<h1>Nginx forbidden.</h1> <br/>request info: 240e:b87:1f6:d800:a504:b4a9:1b4d:4897<EOL>"
2026-04-21T23:01:34.077+08:00  WARN 20416 --- [inker] [nio-8083-exec-3] c.i.b.s.provider.EastMoneyStockProvider  : Failed to fetch concepts for stock. code=300817, market=SZ, message=403 Forbidden: "<h1>Nginx forbidden.</h1> <br/>request info: 240e:b87:1f6:d800:a504:b4a9:1b4d:4897<EOL>"
2026-04-21T23:01:34.123+08:00  WARN 20416 --- [inker] [nio-8083-exec-3] c.i.b.s.provider.EastMoneyStockProvider  : Failed to fetch concepts for stock. code=300818, market=SZ, message=403 Forbidden: "<h1>Nginx forbidden.</h1> <br/>request info: 240e:b87:1f6:d800:a504:b4a9:1b4d:4897<EOL>"
2026-04-21T23:01:34.171+08:00  WARN 20416 --- [inker] [nio-8083-exec-3] c.i.b.s.provider.EastMoneyStockProvider  : Failed to fetch concepts for stock. code=300819, market=SZ, message=403 Forbidden: "<h1>Nginx forbidden.</h1> <br/>request info: 240e:b87:1f6:d800:a504:b4a9:1b4d:4897<EOL>"
2026-04-21T23:01:34.219+08:00  WARN 20416 --- [inker] [nio-8083-exec-3] c.i.b.s.provider.EastMoneyStockProvider  : Failed to fetch concepts for stock. code=300820, market=SZ, message=403 Forbidden: "<h1>Nginx forbidden.</h1> <br/>request info: 240e:b87:1f6:d800:a504:b4a9:1b4d:4897<EOL>"
2026-04-21T23:01:34.266+08:00  WARN 20416 --- [inker] [nio-8083-exec-3] c.i.b.s.provider.EastMoneyStockProvider  : Failed to fetch concepts for stock. code=300821, market=SZ, message=403 Forbidden: "<h1>Nginx forbidden.</h1> <br/>request info: 240e:b87:1f6:d800:a504:b4a9:1b4d:4897<EOL>"
2026-04-21T23:01:34.311+08:00  WARN 20416 --- [inker] [nio-8083-exec-3] c.i.b.s.provider.EastMoneyStockProvider  : Failed to fetch concepts for stock. code=300822, market=SZ, message=403 Forbidden: "<h1>Nginx forbidden.</h1> <br/>request info: 240e:b87:1f6:d800:a504:b4a9:1b4d:4897<EOL>"
2026-04-21T23:01:34.357+08:00  WARN 20416 --- [inker] [nio-8083-exec-3] c.i.b.s.provider.EastMoneyStockProvider  : Failed to fetch concepts for stock. code=300823, market=SZ, message=403 Forbidden: "<h1>Nginx forbidden.</h1> <br/>request info: 240e:b87:1f6:d800:a504:b4a9:1b4d:4897<EOL>"
2026-04-21T23:01:34.403+08:00  WARN 20416 --- [inker] [nio-8083-exec-3] c.i.b.s.provider.EastMoneyStockProvider  : Failed to fetch concepts for stock. code=300824, market=SZ, message=403 Forbidden: "<h1>Nginx forbidden.</h1> <br/>request info: 240e:b87:1f6:d800:a504:b4a9:1b4d:4897<EOL>"
2026-04-21T23:01:34.451+08:00  WARN 20416 --- [inker] [nio-8083-exec-3] c.i.b.s.provider.EastMoneyStockProvider  : Failed to fetch concepts for stock. code=300825, market=SZ, message=403 Forbidden: "<h1>Nginx forbidden.</h1> <br/>request info: 240e:b87:1f6:d800:a504:b4a9:1b4d:4897<EOL>"
2026-04-21T23:01:34.495+08:00  WARN 20416 --- [inker] [nio-8083-exec-3] c.i.b.s.provider.EastMoneyStockProvider  : Failed to fetch concepts for stock. code=300826, market=SZ, message=403 Forbidden: "<h1>Nginx forbidden.</h1> <br/>request info: 240e:b87:1f6:d800:a504:b4a9:1b4d:4897<EOL>"
2026-04-21T23:01:34.545+08:00  WARN 20416 --- [inker] [nio-8083-exec-3] c.i.b.s.provider.EastMoneyStockProvider  : Failed to fetch concepts for stock. code=300827, market=SZ, message=403 Forbidden: "<h1>Nginx forbidden.</h1> <br/>request info: 240e:b87:1f6:d800:a504:b4a9:1b4d:4897<EOL>"
2026-04-21T23:01:34.592+08:00  WARN 20416 --- [inker] [nio-8083-exec-3] c.i.b.s.provider.EastMoneyStockProvider  : Failed to fetch concepts for stock. code=300828, market=SZ, message=403 Forbidden: "<h1>Nginx forbidden.</h1> <br/>request info: 240e:b87:1f6:d800:a504:b4a9:1b4d:4897<EOL>"
2026-04-21T23:01:34.637+08:00  WARN 20416 --- [inker] [nio-8083-exec-3] c.i.b.s.provider.EastMoneyStockProvider  : Failed to fetch concepts for stock. code=300829, market=SZ, message=403 Forbidden: "<h1>Nginx forbidden.</h1> <br/>request info: 240e:b87:1f6:d800:a504:b4a9:1b4d:4897<EOL>"
2026-04-21T23:01:34.681+08:00  WARN 20416 --- [inker] [nio-8083-exec-3] c.i.b.s.provider.EastMoneyStockProvider  : Failed to fetch concepts for stock. code=300830, market=SZ, message=403 Forbidden: "<h1>Nginx forbidden.</h1> <br/>request info: 240e:b87:1f6:d800:a504:b4a9:1b4d:4897<EOL>"
2026-04-21T23:01:34.729+08:00  WARN 20416 --- [inker] [nio-8083-exec-3] c.i.b.s.provider.EastMoneyStockProvider  : Failed to fetch concepts for stock. code=300831, market=SZ, message=403 Forbidden: "<h1>Nginx forbidden.</h1> <br/>request info: 240e:b87:1f6:d800:a504:b4a9:1b4d:4897<EOL>"
2026-04-21T23:01:34.786+08:00  WARN 20416 --- [inker] [nio-8083-exec-3] c.i.b.s.provider.EastMoneyStockProvider  : Failed to fetch concepts for stock. code=300832, market=SZ, message=403 Forbidden: "<h1>Nginx forbidden.</h1> <br/>request info: 240e:b87:1f6:d800:a504:b4a9:1b4d:4897<EOL>"
2026-04-21T23:01:34.831+08:00  WARN 20416 --- [inker] [nio-8083-exec-3] c.i.b.s.provider.EastMoneyStockProvider  : Failed to fetch concepts for stock. code=300833, market=SZ, message=403 Forbidden: "<h1>Nginx forbidden.</h1> <br/>request info: 240e:b87:1f6:d800:a504:b4a9:1b4d:4897<EOL>"
2026-04-21T23:01:34.886+08:00  WARN 20416 --- [inker] [nio-8083-exec-3] c.i.b.s.provider.EastMoneyStockProvider  : Failed to fetch concepts for stock. code=300834, market=SZ, message=403 Forbidden: "<h1>Nginx forbidden.</h1> <br/>request info: 240e:b87:1f6:d800:a504:b4a9:1b4d:4897<EOL>"
2026-04-21T23:01:34.937+08:00  WARN 20416 --- [inker] [nio-8083-exec-3] c.i.b.s.provider.EastMoneyStockProvider  : Failed to fetch concepts for stock. code=300835, market=SZ, message=403 Forbidden: "<h1>Nginx forbidden.</h1> <br/>request info: 240e:b87:1f6:d800:a504:b4a9:1b4d:4897<EOL>"
2026-04-21T23:01:34.981+08:00  WARN 20416 --- [inker] [nio-8083-exec-3] c.i.b.s.provider.EastMoneyStockProvider  : Failed to fetch concepts for stock. code=300836, market=SZ, message=403 Forbidden: "<h1>Nginx forbidden.</h1> <br/>request info: 240e:b87:1f6:d800:a504:b4a9:1b4d:4897<EOL>"
2026-04-21T23:01:35.030+08:00  WARN 20416 --- [inker] [nio-8083-exec-3] c.i.b.s.provider.EastMoneyStockProvider  : Failed to fetch concepts for stock. code=300837, market=SZ, message=403 Forbidden: "<h1>Nginx forbidden.</h1> <br/>request info: 240e:b87:1f6:d800:a504:b4a9:1b4d:4897<EOL>"
2026-04-21T23:01:35.104+08:00  WARN 20416 --- [inker] [nio-8083-exec-3] c.i.b.s.provider.EastMoneyStockProvider  : Failed to fetch concepts for stock. code=300838, market=SZ, message=403 Forbidden: "<h1>Nginx forbidden.</h1> <br/>request info: 240e:b87:1f6:d800:a504:b4a9:1b4d:4897<EOL>"
2026-04-21T23:01:35.152+08:00  WARN 20416 --- [inker] [nio-8083-exec-3] c.i.b.s.provider.EastMoneyStockProvider  : Failed to fetch concepts for stock. code=300839, market=SZ, message=403 Forbidden: "<h1>Nginx forbidden.</h1> <br/>request info: 240e:b87:1f6:d800:a504:b4a9:1b4d:4897<EOL>"
2026-04-21T23:01:35.205+08:00  WARN 20416 --- [inker] [nio-8083-exec-3] c.i.b.s.provider.EastMoneyStockProvider  : Failed to fetch concepts for stock. code=300840, market=SZ, message=403 Forbidden: "<h1>Nginx forbidden.</h1> <br/>request info: 240e:b87:1f6:d800:a504:b4a9:1b4d:4897<EOL>"
2026-04-21T23:01:35.255+08:00  WARN 20416 --- [inker] [nio-8083-exec-3] c.i.b.s.provider.EastMoneyStockProvider  : Failed to fetch concepts for stock. code=300841, market=SZ, message=403 Forbidden: "<h1>Nginx forbidden.</h1> <br/>request info: 240e:b87:1f6:d800:a504:b4a9:1b4d:4897<EOL>"
2026-04-21T23:01:35.299+08:00  WARN 20416 --- [inker] [nio-8083-exec-3] c.i.b.s.provider.EastMoneyStockProvider  : Failed to fetch concepts for stock. code=300842, market=SZ, message=403 Forbidden: "<h1>Nginx forbidden.</h1> <br/>request info: 240e:b87:1f6:d800:a504:b4a9:1b4d:4897<EOL>"
2026-04-21T23:01:35.344+08:00  WARN 20416 --- [inker] [nio-8083-exec-3] c.i.b.s.provider.EastMoneyStockProvider  : Failed to fetch concepts for stock. code=300843, market=SZ, message=403 Forbidden: "<h1>Nginx forbidden.</h1> <br/>request info: 240e:b87:1f6:d800:a504:b4a9:1b4d:4897<EOL>"
2026-04-21T23:01:35.427+08:00  WARN 20416 --- [inker] [nio-8083-exec-3] c.i.b.s.provider.EastMoneyStockProvider  : Failed to fetch concepts for stock. code=300844, market=SZ, message=403 Forbidden: "<h1>Nginx forbidden.</h1> <br/>request info: 240e:b87:1f6:d800:a504:b4a9:1b4d:4897<EOL>"
2026-04-21T23:01:35.476+08:00  WARN 20416 --- [inker] [nio-8083-exec-3] c.i.b.s.provider.EastMoneyStockProvider  : Failed to fetch concepts for stock. code=300845, market=SZ, message=403 Forbidden: "<h1>Nginx forbidden.</h1> <br/>request info: 240e:b87:1f6:d800:a504:b4a9:1b4d:4897<EOL>"
2026-04-21T23:01:35.525+08:00  WARN 20416 --- [inker] [nio-8083-exec-3] c.i.b.s.provider.EastMoneyStockProvider  : Failed to fetch concepts for stock. code=300846, market=SZ, message=403 Forbidden: "<h1>Nginx forbidden.</h1> <br/>request info: 240e:b87:1f6:d800:a504:b4a9:1b4d:4897<EOL>"
2026-04-21T23:01:35.572+08:00  WARN 20416 --- [inker] [nio-8083-exec-3] c.i.b.s.provider.EastMoneyStockProvider  : Failed to fetch concepts for stock. code=300847, market=SZ, message=403 Forbidden: "<h1>Nginx forbidden.</h1> <br/>request info: 240e:b87:1f6:d800:a504:b4a9:1b4d:4897<EOL>"
2026-04-21T23:01:35.618+08:00  WARN 20416 --- [inker] [nio-8083-exec-3] c.i.b.s.provider.EastMoneyStockProvider  : Failed to fetch concepts for stock. code=300848, market=SZ, message=403 Forbidden: "<h1>Nginx forbidden.</h1> <br/>request info: 240e:b87:1f6:d800:a504:b4a9:1b4d:4897<EOL>"
2026-04-21T23:01:35.667+08:00  WARN 20416 --- [inker] [nio-8083-exec-3] c.i.b.s.provider.EastMoneyStockProvider  : Failed to fetch concepts for stock. code=300849, market=SZ, message=403 Forbidden: "<h1>Nginx forbidden.</h1> <br/>request info: 240e:b87:1f6:d800:a504:b4a9:1b4d:4897<EOL>"
2026-04-21T23:01:35.711+08:00  WARN 20416 --- [inker] [nio-8083-exec-3] c.i.b.s.provider.EastMoneyStockProvider  : Failed to fetch concepts for stock. code=300850, market=SZ, message=403 Forbidden: "<h1>Nginx forbidden.</h1> <br/>request info: 240e:b87:1f6:d800:a504:b4a9:1b4d:4897<EOL>"
2026-04-21T23:01:35.757+08:00  WARN 20416 --- [inker] [nio-8083-exec-3] c.i.b.s.provider.EastMoneyStockProvider  : Failed to fetch concepts for stock. code=300851, market=SZ, message=403 Forbidden: "<h1>Nginx forbidden.</h1> <br/>request info: 240e:b87:1f6:d800:a504:b4a9:1b4d:4897<EOL>"
2026-04-21T23:01:35.801+08:00  WARN 20416 --- [inker] [nio-8083-exec-3] c.i.b.s.provider.EastMoneyStockProvider  : Failed to fetch concepts for stock. code=300852, market=SZ, message=403 Forbidden: "<h1>Nginx forbidden.</h1> <br/>request info: 240e:b87:1f6:d800:a504:b4a9:1b4d:4897<EOL>"
2026-04-21T23:01:35.849+08:00  WARN 20416 --- [inker] [nio-8083-exec-3] c.i.b.s.provider.EastMoneyStockProvider  : Failed to fetch concepts for stock. code=300853, market=SZ, message=403 Forbidden: "<h1>Nginx forbidden.</h1> <br/>request info: 240e:b87:1f6:d800:a504:b4a9:1b4d:4897<EOL>"
2026-04-21T23:01:35.912+08:00  WARN 20416 --- [inker] [nio-8083-exec-3] c.i.b.s.provider.EastMoneyStockProvider  : Failed to fetch concepts for stock. code=300854, market=SZ, message=403 Forbidden: "<h1>Nginx forbidden.</h1> <br/>request info: 240e:b87:1f6:d800:a504:b4a9:1b4d:4897<EOL>"
2026-04-21T23:01:35.964+08:00  WARN 20416 --- [inker] [nio-8083-exec-3] c.i.b.s.provider.EastMoneyStockProvider  : Failed to fetch concepts for stock. code=300855, market=SZ, message=403 Forbidden: "<h1>Nginx forbidden.</h1> <br/>request info: 240e:b87:1f6:d800:a504:b4a9:1b4d:4897<EOL>"
2026-04-21T23:01:36.008+08:00  WARN 20416 --- [inker] [nio-8083-exec-3] c.i.b.s.provider.EastMoneyStockProvider  : Failed to fetch concepts for stock. code=300856, market=SZ, message=403 Forbidden: "<h1>Nginx forbidden.</h1> <br/>request info: 240e:b87:1f6:d800:a504:b4a9:1b4d:4897<EOL>"
2026-04-21T23:01:36.057+08:00  WARN 20416 --- [inker] [nio-8083-exec-3] c.i.b.s.provider.EastMoneyStockProvider  : Failed to fetch concepts for stock. code=300857, market=SZ, message=403 Forbidden: "<h1>Nginx forbidden.</h1> <br/>request info: 240e:b87:1f6:d800:a504:b4a9:1b4d:4897<EOL>"
2026-04-21T23:01:36.101+08:00  WARN 20416 --- [inker] [nio-8083-exec-3] c.i.b.s.provider.EastMoneyStockProvider  : Failed to fetch concepts for stock. code=300858, market=SZ, message=403 Forbidden: "<h1>Nginx forbidden.</h1> <br/>request info: 240e:b87:1f6:d800:a504:b4a9:1b4d:4897<EOL>"
2026-04-21T23:01:36.151+08:00  WARN 20416 --- [inker] [nio-8083-exec-3] c.i.b.s.provider.EastMoneyStockProvider  : Failed to fetch concepts for stock. code=300859, market=SZ, message=403 Forbidden: "<h1>Nginx forbidden.</h1> <br/>request info: 240e:b87:1f6:d800:a504:b4a9:1b4d:4897<EOL>"
2026-04-21T23:01:36.202+08:00  WARN 20416 --- [inker] [nio-8083-exec-3] c.i.b.s.provider.EastMoneyStockProvider  : Failed to fetch concepts for stock. code=300860, market=SZ, message=403 Forbidden: "<h1>Nginx forbidden.</h1> <br/>request info: 240e:b87:1f6:d800:a504:b4a9:1b4d:4897<EOL>"
2026-04-21T23:01:36.248+08:00  WARN 20416 --- [inker] [nio-8083-exec-3] c.i.b.s.provider.EastMoneyStockProvider  : Failed to fetch concepts for stock. code=300861, market=SZ, message=403 Forbidden: "<h1>Nginx forbidden.</h1> <br/>request info: 240e:b87:1f6:d800:a504:b4a9:1b4d:4897<EOL>"
2026-04-21T23:01:36.292+08:00  WARN 20416 --- [inker] [nio-8083-exec-3] c.i.b.s.provider.EastMoneyStockProvider  : Failed to fetch concepts for stock. code=300862, market=SZ, message=403 Forbidden: "<h1>Nginx forbidden.</h1> <br/>request info: 240e:b87:1f6:d800:a504:b4a9:1b4d:4897<EOL>"
2026-04-21T23:01:36.337+08:00  WARN 20416 --- [inker] [nio-8083-exec-3] c.i.b.s.provider.EastMoneyStockProvider  : Failed to fetch concepts for stock. code=300863, market=SZ, message=403 Forbidden: "<h1>Nginx forbidden.</h1> <br/>request info: 240e:b87:1f6:d800:a504:b4a9:1b4d:4897<EOL>"
2026-04-21T23:01:36.384+08:00  WARN 20416 --- [inker] [nio-8083-exec-3] c.i.b.s.provider.EastMoneyStockProvider  : Failed to fetch concepts for stock. code=300864, market=SZ, message=403 Forbidden: "<h1>Nginx forbidden.</h1> <br/>request info: 240e:b87:1f6:d800:a504:b4a9:1b4d:4897<EOL>"
2026-04-21T23:01:36.433+08:00  WARN 20416 --- [inker] [nio-8083-exec-3] c.i.b.s.provider.EastMoneyStockProvider  : Failed to fetch concepts for stock. code=300865, market=SZ, message=403 Forbidden: "<h1>Nginx forbidden.</h1> <br/>request info: 240e:b87:1f6:d800:a504:b4a9:1b4d:4897<EOL>"
2026-04-21T23:01:36.476+08:00  WARN 20416 --- [inker] [nio-8083-exec-3] c.i.b.s.provider.EastMoneyStockProvider  : Failed to fetch concepts for stock. code=300866, market=SZ, message=403 Forbidden: "<h1>Nginx forbidden.</h1> <br/>request info: 240e:b87:1f6:d800:a504:b4a9:1b4d:4897<EOL>"
2026-04-21T23:01:36.522+08:00  WARN 20416 --- [inker] [nio-8083-exec-3] c.i.b.s.provider.EastMoneyStockProvider  : Failed to fetch concepts for stock. code=300867, market=SZ, message=403 Forbidden: "<h1>Nginx forbidden.</h1> <br/>request info: 240e:b87:1f6:d800:a504:b4a9:1b4d:4897<EOL>"
2026-04-21T23:01:36.573+08:00  WARN 20416 --- [inker] [nio-8083-exec-3] c.i.b.s.provider.EastMoneyStockProvider  : Failed to fetch concepts for stock. code=300868, market=SZ, message=403 Forbidden: "<h1>Nginx forbidden.</h1> <br/>request info: 240e:b87:1f6:d800:a504:b4a9:1b4d:4897<EOL>"
2026-04-21T23:01:36.619+08:00  WARN 20416 --- [inker] [nio-8083-exec-3] c.i.b.s.provider.EastMoneyStockProvider  : Failed to fetch concepts for stock. code=300869, market=SZ, message=403 Forbidden: "<h1>Nginx forbidden.</h1> <br/>request info: 240e:b87:1f6:d800:a504:b4a9:1b4d:4897<EOL>"
2026-04-21T23:01:36.670+08:00  WARN 20416 --- [inker] [nio-8083-exec-3] c.i.b.s.provider.EastMoneyStockProvider  : Failed to fetch concepts for stock. code=300870, market=SZ, message=403 Forbidden: "<h1>Nginx forbidden.</h1> <br/>request info: 240e:b87:1f6:d800:a504:b4a9:1b4d:4897<EOL>"
2026-04-21T23:01:36.718+08:00  WARN 20416 --- [inker] [nio-8083-exec-3] c.i.b.s.provider.EastMoneyStockProvider  : Failed to fetch concepts for stock. code=300871, market=SZ, message=403 Forbidden: "<h1>Nginx forbidden.</h1> <br/>request info: 240e:b87:1f6:d800:a504:b4a9:1b4d:4897<EOL>"
2026-04-21T23:01:36.770+08:00  WARN 20416 --- [inker] [nio-8083-exec-3] c.i.b.s.provider.EastMoneyStockProvider  : Failed to fetch concepts for stock. code=300872, market=SZ, message=403 Forbidden: "<h1>Nginx forbidden.</h1> <br/>request info: 240e:b87:1f6:d800:a504:b4a9:1b4d:4897<EOL>"
2026-04-21T23:01:36.815+08:00  WARN 20416 --- [inker] [nio-8083-exec-3] c.i.b.s.provider.EastMoneyStockProvider  : Failed to fetch concepts for stock. code=300873, market=SZ, message=403 Forbidden: "<h1>Nginx forbidden.</h1> <br/>request info: 240e:b87:1f6:d800:a504:b4a9:1b4d:4897<EOL>"
2026-04-21T23:01:36.861+08:00  WARN 20416 --- [inker] [nio-8083-exec-3] c.i.b.s.provider.EastMoneyStockProvider  : Failed to fetch concepts for stock. code=300875, market=SZ, message=403 Forbidden: "<h1>Nginx forbidden.</h1> <br/>request info: 240e:b87:1f6:d800:a504:b4a9:1b4d:4897<EOL>"
2026-04-21T23:01:36.907+08:00  WARN 20416 --- [inker] [nio-8083-exec-3] c.i.b.s.provider.EastMoneyStockProvider  : Failed to fetch concepts for stock. code=300876, market=SZ, message=403 Forbidden: "<h1>Nginx forbidden.</h1> <br/>request info: 240e:b87:1f6:d800:a504:b4a9:1b4d:4897<EOL>"
2026-04-21T23:01:36.952+08:00  WARN 20416 --- [inker] [nio-8083-exec-3] c.i.b.s.provider.EastMoneyStockProvider  : Failed to fetch concepts for stock. code=300877, market=SZ, message=403 Forbidden: "<h1>Nginx forbidden.</h1> <br/>request info: 240e:b87:1f6:d800:a504:b4a9:1b4d:4897<EOL>"
2026-04-21T23:01:37.004+08:00  WARN 20416 --- [inker] [nio-8083-exec-3] c.i.b.s.provider.EastMoneyStockProvider  : Failed to fetch concepts for stock. code=300878, market=SZ, message=403 Forbidden: "<h1>Nginx forbidden.</h1> <br/>request info: 240e:b87:1f6:d800:a504:b4a9:1b4d:4897<EOL>"
2026-04-21T23:01:37.085+08:00  WARN 20416 --- [inker] [nio-8083-exec-3] c.i.b.s.provider.EastMoneyStockProvider  : Failed to fetch concepts for stock. code=300879, market=SZ, message=403 Forbidden: "<h1>Nginx forbidden.</h1> <br/>request info: 240e:b87:1f6:d800:a504:b4a9:1b4d:4897<EOL>"
2026-04-21T23:01:37.165+08:00  WARN 20416 --- [inker] [nio-8083-exec-3] c.i.b.s.provider.EastMoneyStockProvider  : Failed to fetch concepts for stock. code=300880, market=SZ, message=403 Forbidden: "<h1>Nginx forbidden.</h1> <br/>request info: 240e:b87:1f6:d800:a504:b4a9:1b4d:4897<EOL>"
2026-04-21T23:01:37.210+08:00  WARN 20416 --- [inker] [nio-8083-exec-3] c.i.b.s.provider.EastMoneyStockProvider  : Failed to fetch concepts for stock. code=300881, market=SZ, message=403 Forbidden: "<h1>Nginx forbidden.</h1> <br/>request info: 240e:b87:1f6:d800:a504:b4a9:1b4d:4897<EOL>"
2026-04-21T23:01:37.269+08:00  WARN 20416 --- [inker] [nio-8083-exec-3] c.i.b.s.provider.EastMoneyStockProvider  : Failed to fetch concepts for stock. code=300882, market=SZ, message=403 Forbidden: "<h1>Nginx forbidden.</h1> <br/>request info: 240e:b87:1f6:d800:a504:b4a9:1b4d:4897<EOL>"
2026-04-21T23:01:37.318+08:00  WARN 20416 --- [inker] [nio-8083-exec-3] c.i.b.s.provider.EastMoneyStockProvider  : Failed to fetch concepts for stock. code=300883, market=SZ, message=403 Forbidden: "<h1>Nginx forbidden.</h1> <br/>request info: 240e:b87:1f6:d800:a504:b4a9:1b4d:4897<EOL>"
2026-04-21T23:01:37.364+08:00  WARN 20416 --- [inker] [nio-8083-exec-3] c.i.b.s.provider.EastMoneyStockProvider  : Failed to fetch concepts for stock. code=300884, market=SZ, message=403 Forbidden: "<h1>Nginx forbidden.</h1> <br/>request info: 240e:b87:1f6:d800:a504:b4a9:1b4d:4897<EOL>"
2026-04-21T23:01:37.410+08:00  WARN 20416 --- [inker] [nio-8083-exec-3] c.i.b.s.provider.EastMoneyStockProvider  : Failed to fetch concepts for stock. code=300885, market=SZ, message=403 Forbidden: "<h1>Nginx forbidden.</h1> <br/>request info: 240e:b87:1f6:d800:a504:b4a9:1b4d:4897<EOL>"
2026-04-21T23:01:37.458+08:00  WARN 20416 --- [inker] [nio-8083-exec-3] c.i.b.s.provider.EastMoneyStockProvider  : Failed to fetch concepts for stock. code=300886, market=SZ, message=403 Forbidden: "<h1>Nginx forbidden.</h1> <br/>request info: 240e:b87:1f6:d800:a504:b4a9:1b4d:4897<EOL>"
2026-04-21T23:01:37.508+08:00  WARN 20416 --- [inker] [nio-8083-exec-3] c.i.b.s.provider.EastMoneyStockProvider  : Failed to fetch concepts for stock. code=300887, market=SZ, message=403 Forbidden: "<h1>Nginx forbidden.</h1> <br/>request info: 240e:b87:1f6:d800:a504:b4a9:1b4d:4897<EOL>"
2026-04-21T23:01:37.553+08:00  WARN 20416 --- [inker] [nio-8083-exec-3] c.i.b.s.provider.EastMoneyStockProvider  : Failed to fetch concepts for stock. code=300888, market=SZ, message=403 Forbidden: "<h1>Nginx forbidden.</h1> <br/>request info: 240e:b87:1f6:d800:a504:b4a9:1b4d:4897<EOL>"
2026-04-21T23:01:37.596+08:00  WARN 20416 --- [inker] [nio-8083-exec-3] c.i.b.s.provider.EastMoneyStockProvider  : Failed to fetch concepts for stock. code=300889, market=SZ, message=403 Forbidden: "<h1>Nginx forbidden.</h1> <br/>request info: 240e:b87:1f6:d800:a504:b4a9:1b4d:4897<EOL>"
2026-04-21T23:01:37.768+08:00  WARN 20416 --- [inker] [nio-8083-exec-3] c.i.b.s.provider.EastMoneyStockProvider  : Failed to fetch concepts for stock. code=300890, market=SZ, message=403 Forbidden: "<h1>Nginx forbidden.</h1> <br/>request info: 240e:b87:1f6:d800:a504:b4a9:1b4d:4897<EOL>"
2026-04-21T23:01:37.815+08:00  WARN 20416 --- [inker] [nio-8083-exec-3] c.i.b.s.provider.EastMoneyStockProvider  : Failed to fetch concepts for stock. code=300891, market=SZ, message=403 Forbidden: "<h1>Nginx forbidden.</h1> <br/>request info: 240e:b87:1f6:d800:a504:b4a9:1b4d:4897<EOL>"
2026-04-21T23:01:37.868+08:00  WARN 20416 --- [inker] [nio-8083-exec-3] c.i.b.s.provider.EastMoneyStockProvider  : Failed to fetch concepts for stock. code=300892, market=SZ, message=403 Forbidden: "<h1>Nginx forbidden.</h1> <br/>request info: 240e:b87:1f6:d800:a504:b4a9:1b4d:4897<EOL>"
2026-04-21T23:01:37.916+08:00  WARN 20416 --- [inker] [nio-8083-exec-3] c.i.b.s.provider.EastMoneyStockProvider  : Failed to fetch concepts for stock. code=300893, market=SZ, message=403 Forbidden: "<h1>Nginx forbidden.</h1> <br/>request info: 240e:b87:1f6:d800:a504:b4a9:1b4d:4897<EOL>"
2026-04-21T23:01:37.965+08:00  WARN 20416 --- [inker] [nio-8083-exec-3] c.i.b.s.provider.EastMoneyStockProvider  : Failed to fetch concepts for stock. code=300894, market=SZ, message=403 Forbidden: "<h1>Nginx forbidden.</h1> <br/>request info: 240e:b87:1f6:d800:a504:b4a9:1b4d:4897<EOL>"
2026-04-21T23:01:38.013+08:00  WARN 20416 --- [inker] [nio-8083-exec-3] c.i.b.s.provider.EastMoneyStockProvider  : Failed to fetch concepts for stock. code=300895, market=SZ, message=403 Forbidden: "<h1>Nginx forbidden.</h1> <br/>request info: 240e:b87:1f6:d800:a504:b4a9:1b4d:4897<EOL>"
2026-04-21T23:01:38.058+08:00  WARN 20416 --- [inker] [nio-8083-exec-3] c.i.b.s.provider.EastMoneyStockProvider  : Failed to fetch concepts for stock. code=300896, market=SZ, message=403 Forbidden: "<h1>Nginx forbidden.</h1> <br/>request info: 240e:b87:1f6:d800:a504:b4a9:1b4d:4897<EOL>"
2026-04-21T23:01:38.107+08:00  WARN 20416 --- [inker] [nio-8083-exec-3] c.i.b.s.provider.EastMoneyStockProvider  : Failed to fetch concepts for stock. code=300897, market=SZ, message=403 Forbidden: "<h1>Nginx forbidden.</h1> <br/>request info: 240e:b87:1f6:d800:a504:b4a9:1b4d:4897<EOL>"
2026-04-21T23:01:38.153+08:00  WARN 20416 --- [inker] [nio-8083-exec-3] c.i.b.s.provider.EastMoneyStockProvider  : Failed to fetch concepts for stock. code=300898, market=SZ, message=403 Forbidden: "<h1>Nginx forbidden.</h1> <br/>request info: 240e:b87:1f6:d800:a504:b4a9:1b4d:4897<EOL>"
2026-04-21T23:01:38.197+08:00  WARN 20416 --- [inker] [nio-8083-exec-3] c.i.b.s.provider.EastMoneyStockProvider  : Failed to fetch concepts for stock. code=300900, market=SZ, message=403 Forbidden: "<h1>Nginx forbidden.</h1> <br/>request info: 240e:b87:1f6:d800:a504:b4a9:1b4d:4897<EOL>"
2026-04-21T23:01:38.243+08:00  WARN 20416 --- [inker] [nio-8083-exec-3] c.i.b.s.provider.EastMoneyStockProvider  : Failed to fetch concepts for stock. code=300901, market=SZ, message=403 Forbidden: "<h1>Nginx forbidden.</h1> <br/>request info: 240e:b87:1f6:d800:a504:b4a9:1b4d:4897<EOL>"
2026-04-21T23:01:38.288+08:00  WARN 20416 --- [inker] [nio-8083-exec-3] c.i.b.s.provider.EastMoneyStockProvider  : Failed to fetch concepts for stock. code=300902, market=SZ, message=403 Forbidden: "<h1>Nginx forbidden.</h1> <br/>request info: 240e:b87:1f6:d800:a504:b4a9:1b4d:4897<EOL>"
2026-04-21T23:01:38.332+08:00  WARN 20416 --- [inker] [nio-8083-exec-3] c.i.b.s.provider.EastMoneyStockProvider  : Failed to fetch concepts for stock. code=300903, market=SZ, message=403 Forbidden: "<h1>Nginx forbidden.</h1> <br/>request info: 240e:b87:1f6:d800:a504:b4a9:1b4d:4897<EOL>"
2026-04-21T23:01:38.379+08:00  WARN 20416 --- [inker] [nio-8083-exec-3] c.i.b.s.provider.EastMoneyStockProvider  : Failed to fetch concepts for stock. code=300904, market=SZ, message=403 Forbidden: "<h1>Nginx forbidden.</h1> <br/>request info: 240e:b87:1f6:d800:a504:b4a9:1b4d:4897<EOL>"
2026-04-21T23:01:38.449+08:00  WARN 20416 --- [inker] [nio-8083-exec-3] c.i.b.s.provider.EastMoneyStockProvider  : Failed to fetch concepts for stock. code=300905, market=SZ, message=403 Forbidden: "<h1>Nginx forbidden.</h1> <br/>request info: 240e:b87:1f6:d800:a504:b4a9:1b4d:4897<EOL>"
2026-04-21T23:01:38.496+08:00  WARN 20416 --- [inker] [nio-8083-exec-3] c.i.b.s.provider.EastMoneyStockProvider  : Failed to fetch concepts for stock. code=300906, market=SZ, message=403 Forbidden: "<h1>Nginx forbidden.</h1> <br/>request info: 240e:b87:1f6:d800:a504:b4a9:1b4d:4897<EOL>"
2026-04-21T23:01:38.541+08:00  WARN 20416 --- [inker] [nio-8083-exec-3] c.i.b.s.provider.EastMoneyStockProvider  : Failed to fetch concepts for stock. code=300907, market=SZ, message=403 Forbidden: "<h1>Nginx forbidden.</h1> <br/>request info: 240e:b87:1f6:d800:a504:b4a9:1b4d:4897<EOL>"
2026-04-21T23:01:38.599+08:00  WARN 20416 --- [inker] [nio-8083-exec-3] c.i.b.s.provider.EastMoneyStockProvider  : Failed to fetch concepts for stock. code=300908, market=SZ, message=403 Forbidden: "<h1>Nginx forbidden.</h1> <br/>request info: 240e:b87:1f6:d800:a504:b4a9:1b4d:4897<EOL>"
2026-04-21T23:01:38.644+08:00  WARN 20416 --- [inker] [nio-8083-exec-3] c.i.b.s.provider.EastMoneyStockProvider  : Failed to fetch concepts for stock. code=300909, market=SZ, message=403 Forbidden: "<h1>Nginx forbidden.</h1> <br/>request info: 240e:b87:1f6:d800:a504:b4a9:1b4d:4897<EOL>"
2026-04-21T23:01:38.693+08:00  WARN 20416 --- [inker] [nio-8083-exec-3] c.i.b.s.provider.EastMoneyStockProvider  : Failed to fetch concepts for stock. code=300910, market=SZ, message=403 Forbidden: "<h1>Nginx forbidden.</h1> <br/>request info: 240e:b87:1f6:d800:a504:b4a9:1b4d:4897<EOL>"
2026-04-21T23:01:38.761+08:00  WARN 20416 --- [inker] [nio-8083-exec-3] c.i.b.s.provider.EastMoneyStockProvider  : Failed to fetch concepts for stock. code=300911, market=SZ, message=403 Forbidden: "<h1>Nginx forbidden.</h1> <br/>request info: 240e:b87:1f6:d800:a504:b4a9:1b4d:4897<EOL>"
2026-04-21T23:01:38.807+08:00  WARN 20416 --- [inker] [nio-8083-exec-3] c.i.b.s.provider.EastMoneyStockProvider  : Failed to fetch concepts for stock. code=300912, market=SZ, message=403 Forbidden: "<h1>Nginx forbidden.</h1> <br/>request info: 240e:b87:1f6:d800:a504:b4a9:1b4d:4897<EOL>"
2026-04-21T23:01:38.855+08:00  WARN 20416 --- [inker] [nio-8083-exec-3] c.i.b.s.provider.EastMoneyStockProvider  : Failed to fetch concepts for stock. code=300913, market=SZ, message=403 Forbidden: "<h1>Nginx forbidden.</h1> <br/>request info: 240e:b87:1f6:d800:a504:b4a9:1b4d:4897<EOL>"
2026-04-21T23:01:38.903+08:00  WARN 20416 --- [inker] [nio-8083-exec-3] c.i.b.s.provider.EastMoneyStockProvider  : Failed to fetch concepts for stock. code=300915, market=SZ, message=403 Forbidden: "<h1>Nginx forbidden.</h1> <br/>request info: 240e:b87:1f6:d800:a504:b4a9:1b4d:4897<EOL>"
2026-04-21T23:01:38.950+08:00  WARN 20416 --- [inker] [nio-8083-exec-3] c.i.b.s.provider.EastMoneyStockProvider  : Failed to fetch concepts for stock. code=300916, market=SZ, message=403 Forbidden: "<h1>Nginx forbidden.</h1> <br/>request info: 240e:b87:1f6:d800:a504:b4a9:1b4d:4897<EOL>"
2026-04-21T23:01:38.995+08:00  WARN 20416 --- [inker] [nio-8083-exec-3] c.i.b.s.provider.EastMoneyStockProvider  : Failed to fetch concepts for stock. code=300917, market=SZ, message=403 Forbidden: "<h1>Nginx forbidden.</h1> <br/>request info: 240e:b87:1f6:d800:a504:b4a9:1b4d:4897<EOL>"
2026-04-21T23:01:39.045+08:00  WARN 20416 --- [inker] [nio-8083-exec-3] c.i.b.s.provider.EastMoneyStockProvider  : Failed to fetch concepts for stock. code=300918, market=SZ, message=403 Forbidden: "<h1>Nginx forbidden.</h1> <br/>request info: 240e:b87:1f6:d800:a504:b4a9:1b4d:4897<EOL>"
2026-04-21T23:01:39.091+08:00  WARN 20416 --- [inker] [nio-8083-exec-3] c.i.b.s.provider.EastMoneyStockProvider  : Failed to fetch concepts for stock. code=300919, market=SZ, message=403 Forbidden: "<h1>Nginx forbidden.</h1> <br/>request info: 240e:b87:1f6:d800:a504:b4a9:1b4d:4897<EOL>"
2026-04-21T23:01:39.138+08:00  WARN 20416 --- [inker] [nio-8083-exec-3] c.i.b.s.provider.EastMoneyStockProvider  : Failed to fetch concepts for stock. code=300920, market=SZ, message=403 Forbidden: "<h1>Nginx forbidden.</h1> <br/>request info: 240e:b87:1f6:d800:a504:b4a9:1b4d:4897<EOL>"
2026-04-21T23:01:39.186+08:00  WARN 20416 --- [inker] [nio-8083-exec-3] c.i.b.s.provider.EastMoneyStockProvider  : Failed to fetch concepts for stock. code=300921, market=SZ, message=403 Forbidden: "<h1>Nginx forbidden.</h1> <br/>request info: 240e:b87:1f6:d800:a504:b4a9:1b4d:4897<EOL>"
2026-04-21T23:01:39.229+08:00  WARN 20416 --- [inker] [nio-8083-exec-3] c.i.b.s.provider.EastMoneyStockProvider  : Failed to fetch concepts for stock. code=300922, market=SZ, message=403 Forbidden: "<h1>Nginx forbidden.</h1> <br/>request info: 240e:b87:1f6:d800:a504:b4a9:1b4d:4897<EOL>"
2026-04-21T23:01:39.272+08:00  WARN 20416 --- [inker] [nio-8083-exec-3] c.i.b.s.provider.EastMoneyStockProvider  : Failed to fetch concepts for stock. code=300923, market=SZ, message=403 Forbidden: "<h1>Nginx forbidden.</h1> <br/>request info: 240e:b87:1f6:d800:a504:b4a9:1b4d:4897<EOL>"
2026-04-21T23:01:39.319+08:00  WARN 20416 --- [inker] [nio-8083-exec-3] c.i.b.s.provider.EastMoneyStockProvider  : Failed to fetch concepts for stock. code=300925, market=SZ, message=403 Forbidden: "<h1>Nginx forbidden.</h1> <br/>request info: 240e:b87:1f6:d800:a504:b4a9:1b4d:4897<EOL>"
2026-04-21T23:01:39.368+08:00  WARN 20416 --- [inker] [nio-8083-exec-3] c.i.b.s.provider.EastMoneyStockProvider  : Failed to fetch concepts for stock. code=300926, market=SZ, message=403 Forbidden: "<h1>Nginx forbidden.</h1> <br/>request info: 240e:b87:1f6:d800:a504:b4a9:1b4d:4897<EOL>"
2026-04-21T23:01:39.420+08:00  WARN 20416 --- [inker] [nio-8083-exec-3] c.i.b.s.provider.EastMoneyStockProvider  : Failed to fetch concepts for stock. code=300927, market=SZ, message=403 Forbidden: "<h1>Nginx forbidden.</h1> <br/>request info: 240e:b87:1f6:d800:a504:b4a9:1b4d:4897<EOL>"
2026-04-21T23:01:39.465+08:00  WARN 20416 --- [inker] [nio-8083-exec-3] c.i.b.s.provider.EastMoneyStockProvider  : Failed to fetch concepts for stock. code=300928, market=SZ, message=403 Forbidden: "<h1>Nginx forbidden.</h1> <br/>request info: 240e:b87:1f6:d800:a504:b4a9:1b4d:4897<EOL>"
2026-04-21T23:01:39.513+08:00  WARN 20416 --- [inker] [nio-8083-exec-3] c.i.b.s.provider.EastMoneyStockProvider  : Failed to fetch concepts for stock. code=300929, market=SZ, message=403 Forbidden: "<h1>Nginx forbidden.</h1> <br/>request info: 240e:b87:1f6:d800:a504:b4a9:1b4d:4897<EOL>"
2026-04-21T23:01:39.560+08:00  WARN 20416 --- [inker] [nio-8083-exec-3] c.i.b.s.provider.EastMoneyStockProvider  : Failed to fetch concepts for stock. code=300930, market=SZ, message=403 Forbidden: "<h1>Nginx forbidden.</h1> <br/>request info: 240e:b87:1f6:d800:a504:b4a9:1b4d:4897<EOL>"
2026-04-21T23:01:39.607+08:00  WARN 20416 --- [inker] [nio-8083-exec-3] c.i.b.s.provider.EastMoneyStockProvider  : Failed to fetch concepts for stock. code=300931, market=SZ, message=403 Forbidden: "<h1>Nginx forbidden.</h1> <br/>request info: 240e:b87:1f6:d800:a504:b4a9:1b4d:4897<EOL>"
2026-04-21T23:01:39.655+08:00  WARN 20416 --- [inker] [nio-8083-exec-3] c.i.b.s.provider.EastMoneyStockProvider  : Failed to fetch concepts for stock. code=300932, market=SZ, message=403 Forbidden: "<h1>Nginx forbidden.</h1> <br/>request info: 240e:b87:1f6:d800:a504:b4a9:1b4d:4897<EOL>"
2026-04-21T23:01:39.700+08:00  WARN 20416 --- [inker] [nio-8083-exec-3] c.i.b.s.provider.EastMoneyStockProvider  : Failed to fetch concepts for stock. code=300933, market=SZ, message=403 Forbidden: "<h1>Nginx forbidden.</h1> <br/>request info: 240e:b87:1f6:d800:a504:b4a9:1b4d:4897<EOL>"
2026-04-21T23:01:39.746+08:00  WARN 20416 --- [inker] [nio-8083-exec-3] c.i.b.s.provider.EastMoneyStockProvider  : Failed to fetch concepts for stock. code=300935, market=SZ, message=403 Forbidden: "<h1>Nginx forbidden.</h1> <br/>request info: 240e:b87:1f6:d800:a504:b4a9:1b4d:4897<EOL>"
2026-04-21T23:01:39.791+08:00  WARN 20416 --- [inker] [nio-8083-exec-3] c.i.b.s.provider.EastMoneyStockProvider  : Failed to fetch concepts for stock. code=300936, market=SZ, message=403 Forbidden: "<h1>Nginx forbidden.</h1> <br/>request info: 240e:b87:1f6:d800:a504:b4a9:1b4d:4897<EOL>"
2026-04-21T23:01:39.836+08:00  WARN 20416 --- [inker] [nio-8083-exec-3] c.i.b.s.provider.EastMoneyStockProvider  : Failed to fetch concepts for stock. code=300937, market=SZ, message=403 Forbidden: "<h1>Nginx forbidden.</h1> <br/>request info: 240e:b87:1f6:d800:a504:b4a9:1b4d:4897<EOL>"
2026-04-21T23:01:39.884+08:00  WARN 20416 --- [inker] [nio-8083-exec-3] c.i.b.s.provider.EastMoneyStockProvider  : Failed to fetch concepts for stock. code=300938, market=SZ, message=403 Forbidden: "<h1>Nginx forbidden.</h1> <br/>request info: 240e:b87:1f6:d800:a504:b4a9:1b4d:4897<EOL>"
2026-04-21T23:01:39.934+08:00  WARN 20416 --- [inker] [nio-8083-exec-3] c.i.b.s.provider.EastMoneyStockProvider  : Failed to fetch concepts for stock. code=300939, market=SZ, message=403 Forbidden: "<h1>Nginx forbidden.</h1> <br/>request info: 240e:b87:1f6:d800:a504:b4a9:1b4d:4897<EOL>"
2026-04-21T23:01:39.977+08:00  WARN 20416 --- [inker] [nio-8083-exec-3] c.i.b.s.provider.EastMoneyStockProvider  : Failed to fetch concepts for stock. code=300940, market=SZ, message=403 Forbidden: "<h1>Nginx forbidden.</h1> <br/>request info: 240e:b87:1f6:d800:a504:b4a9:1b4d:4897<EOL>"
2026-04-21T23:01:40.023+08:00  WARN 20416 --- [inker] [nio-8083-exec-3] c.i.b.s.provider.EastMoneyStockProvider  : Failed to fetch concepts for stock. code=300941, market=SZ, message=403 Forbidden: "<h1>Nginx forbidden.</h1> <br/>request info: 240e:b87:1f6:d800:a504:b4a9:1b4d:4897<EOL>"
2026-04-21T23:01:40.069+08:00  WARN 20416 --- [inker] [nio-8083-exec-3] c.i.b.s.provider.EastMoneyStockProvider  : Failed to fetch concepts for stock. code=300942, market=SZ, message=403 Forbidden: "<h1>Nginx forbidden.</h1> <br/>request info: 240e:b87:1f6:d800:a504:b4a9:1b4d:4897<EOL>"
2026-04-21T23:01:40.137+08:00  WARN 20416 --- [inker] [nio-8083-exec-3] c.i.b.s.provider.EastMoneyStockProvider  : Failed to fetch concepts for stock. code=300943, market=SZ, message=403 Forbidden: "<h1>Nginx forbidden.</h1> <br/>request info: 240e:b87:1f6:d800:a504:b4a9:1b4d:4897<EOL>"
2026-04-21T23:01:40.184+08:00  WARN 20416 --- [inker] [nio-8083-exec-3] c.i.b.s.provider.EastMoneyStockProvider  : Failed to fetch concepts for stock. code=300945, market=SZ, message=403 Forbidden: "<h1>Nginx forbidden.</h1> <br/>request info: 240e:b87:1f6:d800:a504:b4a9:1b4d:4897<EOL>"
2026-04-21T23:01:40.227+08:00  WARN 20416 --- [inker] [nio-8083-exec-3] c.i.b.s.provider.EastMoneyStockProvider  : Failed to fetch concepts for stock. code=300946, market=SZ, message=403 Forbidden: "<h1>Nginx forbidden.</h1> <br/>request info: 240e:b87:1f6:d800:a504:b4a9:1b4d:4897<EOL>"
2026-04-21T23:01:40.273+08:00  WARN 20416 --- [inker] [nio-8083-exec-3] c.i.b.s.provider.EastMoneyStockProvider  : Failed to fetch concepts for stock. code=300947, market=SZ, message=403 Forbidden: "<h1>Nginx forbidden.</h1> <br/>request info: 240e:b87:1f6:d800:a504:b4a9:1b4d:4897<EOL>"
2026-04-21T23:01:40.319+08:00  WARN 20416 --- [inker] [nio-8083-exec-3] c.i.b.s.provider.EastMoneyStockProvider  : Failed to fetch concepts for stock. code=300948, market=SZ, message=403 Forbidden: "<h1>Nginx forbidden.</h1> <br/>request info: 240e:b87:1f6:d800:a504:b4a9:1b4d:4897<EOL>"
2026-04-21T23:01:40.365+08:00  WARN 20416 --- [inker] [nio-8083-exec-3] c.i.b.s.provider.EastMoneyStockProvider  : Failed to fetch concepts for stock. code=300949, market=SZ, message=403 Forbidden: "<h1>Nginx forbidden.</h1> <br/>request info: 240e:b87:1f6:d800:a504:b4a9:1b4d:4897<EOL>"
2026-04-21T23:01:40.437+08:00  WARN 20416 --- [inker] [nio-8083-exec-3] c.i.b.s.provider.EastMoneyStockProvider  : Failed to fetch concepts for stock. code=300950, market=SZ, message=403 Forbidden: "<h1>Nginx forbidden.</h1> <br/>request info: 240e:b87:1f6:d800:a504:b4a9:1b4d:4897<EOL>"
2026-04-21T23:01:40.482+08:00  WARN 20416 --- [inker] [nio-8083-exec-3] c.i.b.s.provider.EastMoneyStockProvider  : Failed to fetch concepts for stock. code=300951, market=SZ, message=403 Forbidden: "<h1>Nginx forbidden.</h1> <br/>request info: 240e:b87:1f6:d800:a504:b4a9:1b4d:4897<EOL>"
2026-04-21T23:01:40.532+08:00  WARN 20416 --- [inker] [nio-8083-exec-3] c.i.b.s.provider.EastMoneyStockProvider  : Failed to fetch concepts for stock. code=300952, market=SZ, message=403 Forbidden: "<h1>Nginx forbidden.</h1> <br/>request info: 240e:b87:1f6:d800:a504:b4a9:1b4d:4897<EOL>"
2026-04-21T23:01:40.578+08:00  WARN 20416 --- [inker] [nio-8083-exec-3] c.i.b.s.provider.EastMoneyStockProvider  : Failed to fetch concepts for stock. code=300953, market=SZ, message=403 Forbidden: "<h1>Nginx forbidden.</h1> <br/>request info: 240e:b87:1f6:d800:a504:b4a9:1b4d:4897<EOL>"
2026-04-21T23:01:40.628+08:00  WARN 20416 --- [inker] [nio-8083-exec-3] c.i.b.s.provider.EastMoneyStockProvider  : Failed to fetch concepts for stock. code=300955, market=SZ, message=403 Forbidden: "<h1>Nginx forbidden.</h1> <br/>request info: 240e:b87:1f6:d800:a504:b4a9:1b4d:4897<EOL>"
2026-04-21T23:01:40.675+08:00  WARN 20416 --- [inker] [nio-8083-exec-3] c.i.b.s.provider.EastMoneyStockProvider  : Failed to fetch concepts for stock. code=300956, market=SZ, message=403 Forbidden: "<h1>Nginx forbidden.</h1> <br/>request info: 240e:b87:1f6:d800:a504:b4a9:1b4d:4897<EOL>"
2026-04-21T23:01:40.724+08:00  WARN 20416 --- [inker] [nio-8083-exec-3] c.i.b.s.provider.EastMoneyStockProvider  : Failed to fetch concepts for stock. code=300957, market=SZ, message=403 Forbidden: "<h1>Nginx forbidden.</h1> <br/>request info: 240e:b87:1f6:d800:a504:b4a9:1b4d:4897<EOL>"
2026-04-21T23:01:40.767+08:00  WARN 20416 --- [inker] [nio-8083-exec-3] c.i.b.s.provider.EastMoneyStockProvider  : Failed to fetch concepts for stock. code=300958, market=SZ, message=403 Forbidden: "<h1>Nginx forbidden.</h1> <br/>request info: 240e:b87:1f6:d800:a504:b4a9:1b4d:4897<EOL>"
2026-04-21T23:01:40.812+08:00  WARN 20416 --- [inker] [nio-8083-exec-3] c.i.b.s.provider.EastMoneyStockProvider  : Failed to fetch concepts for stock. code=300959, market=SZ, message=403 Forbidden: "<h1>Nginx forbidden.</h1> <br/>request info: 240e:b87:1f6:d800:a504:b4a9:1b4d:4897<EOL>"
2026-04-21T23:01:40.861+08:00  WARN 20416 --- [inker] [nio-8083-exec-3] c.i.b.s.provider.EastMoneyStockProvider  : Failed to fetch concepts for stock. code=300960, market=SZ, message=403 Forbidden: "<h1>Nginx forbidden.</h1> <br/>request info: 240e:b87:1f6:d800:a504:b4a9:1b4d:4897<EOL>"
2026-04-21T23:01:40.912+08:00  WARN 20416 --- [inker] [nio-8083-exec-3] c.i.b.s.provider.EastMoneyStockProvider  : Failed to fetch concepts for stock. code=300961, market=SZ, message=403 Forbidden: "<h1>Nginx forbidden.</h1> <br/>request info: 240e:b87:1f6:d800:a504:b4a9:1b4d:4897<EOL>"
2026-04-21T23:01:40.957+08:00  WARN 20416 --- [inker] [nio-8083-exec-3] c.i.b.s.provider.EastMoneyStockProvider  : Failed to fetch concepts for stock. code=300962, market=SZ, message=403 Forbidden: "<h1>Nginx forbidden.</h1> <br/>request info: 240e:b87:1f6:d800:a504:b4a9:1b4d:4897<EOL>"
2026-04-21T23:01:41.002+08:00  WARN 20416 --- [inker] [nio-8083-exec-3] c.i.b.s.provider.EastMoneyStockProvider  : Failed to fetch concepts for stock. code=300963, market=SZ, message=403 Forbidden: "<h1>Nginx forbidden.</h1> <br/>request info: 240e:b87:1f6:d800:a504:b4a9:1b4d:4897<EOL>"
2026-04-21T23:01:41.051+08:00  WARN 20416 --- [inker] [nio-8083-exec-3] c.i.b.s.provider.EastMoneyStockProvider  : Failed to fetch concepts for stock. code=300964, market=SZ, message=403 Forbidden: "<h1>Nginx forbidden.</h1> <br/>request info: 240e:b87:1f6:d800:a504:b4a9:1b4d:4897<EOL>"
2026-04-21T23:01:41.099+08:00  WARN 20416 --- [inker] [nio-8083-exec-3] c.i.b.s.provider.EastMoneyStockProvider  : Failed to fetch concepts for stock. code=300965, market=SZ, message=403 Forbidden: "<h1>Nginx forbidden.</h1> <br/>request info: 240e:b87:1f6:d800:a504:b4a9:1b4d:4897<EOL>"
2026-04-21T23:01:41.147+08:00  WARN 20416 --- [inker] [nio-8083-exec-3] c.i.b.s.provider.EastMoneyStockProvider  : Failed to fetch concepts for stock. code=300966, market=SZ, message=403 Forbidden: "<h1>Nginx forbidden.</h1> <br/>request info: 240e:b87:1f6:d800:a504:b4a9:1b4d:4897<EOL>"
2026-04-21T23:01:41.194+08:00  WARN 20416 --- [inker] [nio-8083-exec-3] c.i.b.s.provider.EastMoneyStockProvider  : Failed to fetch concepts for stock. code=300967, market=SZ, message=403 Forbidden: "<h1>Nginx forbidden.</h1> <br/>request info: 240e:b87:1f6:d800:a504:b4a9:1b4d:4897<EOL>"
2026-04-21T23:01:41.239+08:00  WARN 20416 --- [inker] [nio-8083-exec-3] c.i.b.s.provider.EastMoneyStockProvider  : Failed to fetch concepts for stock. code=300968, market=SZ, message=403 Forbidden: "<h1>Nginx forbidden.</h1> <br/>request info: 240e:b87:1f6:d800:a504:b4a9:1b4d:4897<EOL>"
2026-04-21T23:01:41.286+08:00  WARN 20416 --- [inker] [nio-8083-exec-3] c.i.b.s.provider.EastMoneyStockProvider  : Failed to fetch concepts for stock. code=300969, market=SZ, message=403 Forbidden: "<h1>Nginx forbidden.</h1> <br/>request info: 240e:b87:1f6:d800:a504:b4a9:1b4d:4897<EOL>"
2026-04-21T23:01:41.333+08:00  WARN 20416 --- [inker] [nio-8083-exec-3] c.i.b.s.provider.EastMoneyStockProvider  : Failed to fetch concepts for stock. code=300970, market=SZ, message=403 Forbidden: "<h1>Nginx forbidden.</h1> <br/>request info: 240e:b87:1f6:d800:a504:b4a9:1b4d:4897<EOL>"
2026-04-21T23:01:41.378+08:00  WARN 20416 --- [inker] [nio-8083-exec-3] c.i.b.s.provider.EastMoneyStockProvider  : Failed to fetch concepts for stock. code=300971, market=SZ, message=403 Forbidden: "<h1>Nginx forbidden.</h1> <br/>request info: 240e:b87:1f6:d800:a504:b4a9:1b4d:4897<EOL>"
2026-04-21T23:01:41.428+08:00  WARN 20416 --- [inker] [nio-8083-exec-3] c.i.b.s.provider.EastMoneyStockProvider  : Failed to fetch concepts for stock. code=300972, market=SZ, message=403 Forbidden: "<h1>Nginx forbidden.</h1> <br/>request info: 240e:b87:1f6:d800:a504:b4a9:1b4d:4897<EOL>"
2026-04-21T23:01:41.482+08:00  WARN 20416 --- [inker] [nio-8083-exec-3] c.i.b.s.provider.EastMoneyStockProvider  : Failed to fetch concepts for stock. code=300973, market=SZ, message=403 Forbidden: "<h1>Nginx forbidden.</h1> <br/>request info: 240e:b87:1f6:d800:a504:b4a9:1b4d:4897<EOL>"
2026-04-21T23:01:41.529+08:00  WARN 20416 --- [inker] [nio-8083-exec-3] c.i.b.s.provider.EastMoneyStockProvider  : Failed to fetch concepts for stock. code=300975, market=SZ, message=403 Forbidden: "<h1>Nginx forbidden.</h1> <br/>request info: 240e:b87:1f6:d800:a504:b4a9:1b4d:4897<EOL>"
2026-04-21T23:01:41.574+08:00  WARN 20416 --- [inker] [nio-8083-exec-3] c.i.b.s.provider.EastMoneyStockProvider  : Failed to fetch concepts for stock. code=300976, market=SZ, message=403 Forbidden: "<h1>Nginx forbidden.</h1> <br/>request info: 240e:b87:1f6:d800:a504:b4a9:1b4d:4897<EOL>"
2026-04-21T23:01:41.622+08:00  WARN 20416 --- [inker] [nio-8083-exec-3] c.i.b.s.provider.EastMoneyStockProvider  : Failed to fetch concepts for stock. code=300977, market=SZ, message=403 Forbidden: "<h1>Nginx forbidden.</h1> <br/>request info: 240e:b87:1f6:d800:a504:b4a9:1b4d:4897<EOL>"
2026-04-21T23:01:41.668+08:00  WARN 20416 --- [inker] [nio-8083-exec-3] c.i.b.s.provider.EastMoneyStockProvider  : Failed to fetch concepts for stock. code=300978, market=SZ, message=403 Forbidden: "<h1>Nginx forbidden.</h1> <br/>request info: 240e:b87:1f6:d800:a504:b4a9:1b4d:4897<EOL>"
2026-04-21T23:01:41.714+08:00  WARN 20416 --- [inker] [nio-8083-exec-3] c.i.b.s.provider.EastMoneyStockProvider  : Failed to fetch concepts for stock. code=300979, market=SZ, message=403 Forbidden: "<h1>Nginx forbidden.</h1> <br/>request info: 240e:b87:1f6:d800:a504:b4a9:1b4d:4897<EOL>"
2026-04-21T23:01:41.760+08:00  WARN 20416 --- [inker] [nio-8083-exec-3] c.i.b.s.provider.EastMoneyStockProvider  : Failed to fetch concepts for stock. code=300980, market=SZ, message=403 Forbidden: "<h1>Nginx forbidden.</h1> <br/>request info: 240e:b87:1f6:d800:a504:b4a9:1b4d:4897<EOL>"
2026-04-21T23:01:41.803+08:00  WARN 20416 --- [inker] [nio-8083-exec-3] c.i.b.s.provider.EastMoneyStockProvider  : Failed to fetch concepts for stock. code=300981, market=SZ, message=403 Forbidden: "<h1>Nginx forbidden.</h1> <br/>request info: 240e:b87:1f6:d800:a504:b4a9:1b4d:4897<EOL>"
2026-04-21T23:01:41.853+08:00  WARN 20416 --- [inker] [nio-8083-exec-3] c.i.b.s.provider.EastMoneyStockProvider  : Failed to fetch concepts for stock. code=300982, market=SZ, message=403 Forbidden: "<h1>Nginx forbidden.</h1> <br/>request info: 240e:b87:1f6:d800:a504:b4a9:1b4d:4897<EOL>"
2026-04-21T23:01:41.898+08:00  WARN 20416 --- [inker] [nio-8083-exec-3] c.i.b.s.provider.EastMoneyStockProvider  : Failed to fetch concepts for stock. code=300983, market=SZ, message=403 Forbidden: "<h1>Nginx forbidden.</h1> <br/>request info: 240e:b87:1f6:d800:a504:b4a9:1b4d:4897<EOL>"
2026-04-21T23:01:41.948+08:00  WARN 20416 --- [inker] [nio-8083-exec-3] c.i.b.s.provider.EastMoneyStockProvider  : Failed to fetch concepts for stock. code=300984, market=SZ, message=403 Forbidden: "<h1>Nginx forbidden.</h1> <br/>request info: 240e:b87:1f6:d800:a504:b4a9:1b4d:4897<EOL>"
2026-04-21T23:01:41.996+08:00  WARN 20416 --- [inker] [nio-8083-exec-3] c.i.b.s.provider.EastMoneyStockProvider  : Failed to fetch concepts for stock. code=300985, market=SZ, message=403 Forbidden: "<h1>Nginx forbidden.</h1> <br/>request info: 240e:b87:1f6:d800:a504:b4a9:1b4d:4897<EOL>"
2026-04-21T23:01:42.041+08:00  WARN 20416 --- [inker] [nio-8083-exec-3] c.i.b.s.provider.EastMoneyStockProvider  : Failed to fetch concepts for stock. code=300986, market=SZ, message=403 Forbidden: "<h1>Nginx forbidden.</h1> <br/>request info: 240e:b87:1f6:d800:a504:b4a9:1b4d:4897<EOL>"
2026-04-21T23:01:42.113+08:00  WARN 20416 --- [inker] [nio-8083-exec-3] c.i.b.s.provider.EastMoneyStockProvider  : Failed to fetch concepts for stock. code=300987, market=SZ, message=403 Forbidden: "<h1>Nginx forbidden.</h1> <br/>request info: 240e:b87:1f6:d800:a504:b4a9:1b4d:4897<EOL>"
2026-04-21T23:01:42.157+08:00  WARN 20416 --- [inker] [nio-8083-exec-3] c.i.b.s.provider.EastMoneyStockProvider  : Failed to fetch concepts for stock. code=300988, market=SZ, message=403 Forbidden: "<h1>Nginx forbidden.</h1> <br/>request info: 240e:b87:1f6:d800:a504:b4a9:1b4d:4897<EOL>"
2026-04-21T23:01:42.203+08:00  WARN 20416 --- [inker] [nio-8083-exec-3] c.i.b.s.provider.EastMoneyStockProvider  : Failed to fetch concepts for stock. code=300989, market=SZ, message=403 Forbidden: "<h1>Nginx forbidden.</h1> <br/>request info: 240e:b87:1f6:d800:a504:b4a9:1b4d:4897<EOL>"
2026-04-21T23:01:42.248+08:00  WARN 20416 --- [inker] [nio-8083-exec-3] c.i.b.s.provider.EastMoneyStockProvider  : Failed to fetch concepts for stock. code=300990, market=SZ, message=403 Forbidden: "<h1>Nginx forbidden.</h1> <br/>request info: 240e:b87:1f6:d800:a504:b4a9:1b4d:4897<EOL>"
2026-04-21T23:01:42.297+08:00  WARN 20416 --- [inker] [nio-8083-exec-3] c.i.b.s.provider.EastMoneyStockProvider  : Failed to fetch concepts for stock. code=300991, market=SZ, message=403 Forbidden: "<h1>Nginx forbidden.</h1> <br/>request info: 240e:b87:1f6:d800:a504:b4a9:1b4d:4897<EOL>"
2026-04-21T23:01:42.344+08:00  WARN 20416 --- [inker] [nio-8083-exec-3] c.i.b.s.provider.EastMoneyStockProvider  : Failed to fetch concepts for stock. code=300992, market=SZ, message=403 Forbidden: "<h1>Nginx forbidden.</h1> <br/>request info: 240e:b87:1f6:d800:a504:b4a9:1b4d:4897<EOL>"
2026-04-21T23:01:42.387+08:00  WARN 20416 --- [inker] [nio-8083-exec-3] c.i.b.s.provider.EastMoneyStockProvider  : Failed to fetch concepts for stock. code=300993, market=SZ, message=403 Forbidden: "<h1>Nginx forbidden.</h1> <br/>request info: 240e:b87:1f6:d800:a504:b4a9:1b4d:4897<EOL>"
2026-04-21T23:01:42.432+08:00  WARN 20416 --- [inker] [nio-8083-exec-3] c.i.b.s.provider.EastMoneyStockProvider  : Failed to fetch concepts for stock. code=300994, market=SZ, message=403 Forbidden: "<h1>Nginx forbidden.</h1> <br/>request info: 240e:b87:1f6:d800:a504:b4a9:1b4d:4897<EOL>"
2026-04-21T23:01:42.481+08:00  WARN 20416 --- [inker] [nio-8083-exec-3] c.i.b.s.provider.EastMoneyStockProvider  : Failed to fetch concepts for stock. code=300995, market=SZ, message=403 Forbidden: "<h1>Nginx forbidden.</h1> <br/>request info: 240e:b87:1f6:d800:a504:b4a9:1b4d:4897<EOL>"
2026-04-21T23:01:42.531+08:00  WARN 20416 --- [inker] [nio-8083-exec-3] c.i.b.s.provider.EastMoneyStockProvider  : Failed to fetch concepts for stock. code=300996, market=SZ, message=403 Forbidden: "<h1>Nginx forbidden.</h1> <br/>request info: 240e:b87:1f6:d800:a504:b4a9:1b4d:4897<EOL>"
2026-04-21T23:01:42.575+08:00  WARN 20416 --- [inker] [nio-8083-exec-3] c.i.b.s.provider.EastMoneyStockProvider  : Failed to fetch concepts for stock. code=300997, market=SZ, message=403 Forbidden: "<h1>Nginx forbidden.</h1> <br/>request info: 240e:b87:1f6:d800:a504:b4a9:1b4d:4897<EOL>"
2026-04-21T23:01:42.623+08:00  WARN 20416 --- [inker] [nio-8083-exec-3] c.i.b.s.provider.EastMoneyStockProvider  : Failed to fetch concepts for stock. code=300998, market=SZ, message=403 Forbidden: "<h1>Nginx forbidden.</h1> <br/>request info: 240e:b87:1f6:d800:a504:b4a9:1b4d:4897<EOL>"
2026-04-21T23:01:42.669+08:00  WARN 20416 --- [inker] [nio-8083-exec-3] c.i.b.s.provider.EastMoneyStockProvider  : Failed to fetch concepts for stock. code=300999, market=SZ, message=403 Forbidden: "<h1>Nginx forbidden.</h1> <br/>request info: 240e:b87:1f6:d800:a504:b4a9:1b4d:4897<EOL>"
2026-04-21T23:01:42.717+08:00  WARN 20416 --- [inker] [nio-8083-exec-3] c.i.b.s.provider.EastMoneyStockProvider  : Failed to fetch concepts for stock. code=301000, market=SZ, message=403 Forbidden: "<h1>Nginx forbidden.</h1> <br/>request info: 240e:b87:1f6:d800:a504:b4a9:1b4d:4897<EOL>"
2026-04-21T23:01:42.763+08:00  WARN 20416 --- [inker] [nio-8083-exec-3] c.i.b.s.provider.EastMoneyStockProvider  : Failed to fetch concepts for stock. code=301001, market=SZ, message=403 Forbidden: "<h1>Nginx forbidden.</h1> <br/>request info: 240e:b87:1f6:d800:a504:b4a9:1b4d:4897<EOL>"
2026-04-21T23:01:42.811+08:00  WARN 20416 --- [inker] [nio-8083-exec-3] c.i.b.s.provider.EastMoneyStockProvider  : Failed to fetch concepts for stock. code=301002, market=SZ, message=403 Forbidden: "<h1>Nginx forbidden.</h1> <br/>request info: 240e:b87:1f6:d800:a504:b4a9:1b4d:4897<EOL>"
2026-04-21T23:01:42.859+08:00  WARN 20416 --- [inker] [nio-8083-exec-3] c.i.b.s.provider.EastMoneyStockProvider  : Failed to fetch concepts for stock. code=301003, market=SZ, message=403 Forbidden: "<h1>Nginx forbidden.</h1> <br/>request info: 240e:b87:1f6:d800:a504:b4a9:1b4d:4897<EOL>"
2026-04-21T23:01:42.908+08:00  WARN 20416 --- [inker] [nio-8083-exec-3] c.i.b.s.provider.EastMoneyStockProvider  : Failed to fetch concepts for stock. code=301004, market=SZ, message=403 Forbidden: "<h1>Nginx forbidden.</h1> <br/>request info: 240e:b87:1f6:d800:a504:b4a9:1b4d:4897<EOL>"
2026-04-21T23:01:42.955+08:00  WARN 20416 --- [inker] [nio-8083-exec-3] c.i.b.s.provider.EastMoneyStockProvider  : Failed to fetch concepts for stock. code=301005, market=SZ, message=403 Forbidden: "<h1>Nginx forbidden.</h1> <br/>request info: 240e:b87:1f6:d800:a504:b4a9:1b4d:4897<EOL>"
2026-04-21T23:01:43.001+08:00  WARN 20416 --- [inker] [nio-8083-exec-3] c.i.b.s.provider.EastMoneyStockProvider  : Failed to fetch concepts for stock. code=301006, market=SZ, message=403 Forbidden: "<h1>Nginx forbidden.</h1> <br/>request info: 240e:b87:1f6:d800:a504:b4a9:1b4d:4897<EOL>"
2026-04-21T23:01:43.047+08:00  WARN 20416 --- [inker] [nio-8083-exec-3] c.i.b.s.provider.EastMoneyStockProvider  : Failed to fetch concepts for stock. code=301007, market=SZ, message=403 Forbidden: "<h1>Nginx forbidden.</h1> <br/>request info: 240e:b87:1f6:d800:a504:b4a9:1b4d:4897<EOL>"
2026-04-21T23:01:43.094+08:00  WARN 20416 --- [inker] [nio-8083-exec-3] c.i.b.s.provider.EastMoneyStockProvider  : Failed to fetch concepts for stock. code=301008, market=SZ, message=403 Forbidden: "<h1>Nginx forbidden.</h1> <br/>request info: 240e:b87:1f6:d800:a504:b4a9:1b4d:4897<EOL>"
2026-04-21T23:01:43.140+08:00  WARN 20416 --- [inker] [nio-8083-exec-3] c.i.b.s.provider.EastMoneyStockProvider  : Failed to fetch concepts for stock. code=301009, market=SZ, message=403 Forbidden: "<h1>Nginx forbidden.</h1> <br/>request info: 240e:b87:1f6:d800:a504:b4a9:1b4d:4897<EOL>"
2026-04-21T23:01:43.279+08:00  WARN 20416 --- [inker] [nio-8083-exec-3] c.i.b.s.provider.EastMoneyStockProvider  : Failed to fetch concepts for stock. code=301010, market=SZ, message=403 Forbidden: "<h1>Nginx forbidden.</h1> <br/>request info: 240e:b87:1f6:d800:a504:b4a9:1b4d:4897<EOL>"
2026-04-21T23:01:43.326+08:00  WARN 20416 --- [inker] [nio-8083-exec-3] c.i.b.s.provider.EastMoneyStockProvider  : Failed to fetch concepts for stock. code=301011, market=SZ, message=403 Forbidden: "<h1>Nginx forbidden.</h1> <br/>request info: 240e:b87:1f6:d800:a504:b4a9:1b4d:4897<EOL>"
2026-04-21T23:01:43.370+08:00  WARN 20416 --- [inker] [nio-8083-exec-3] c.i.b.s.provider.EastMoneyStockProvider  : Failed to fetch concepts for stock. code=301012, market=SZ, message=403 Forbidden: "<h1>Nginx forbidden.</h1> <br/>request info: 240e:b87:1f6:d800:a504:b4a9:1b4d:4897<EOL>"
2026-04-21T23:01:43.417+08:00  WARN 20416 --- [inker] [nio-8083-exec-3] c.i.b.s.provider.EastMoneyStockProvider  : Failed to fetch concepts for stock. code=301013, market=SZ, message=403 Forbidden: "<h1>Nginx forbidden.</h1> <br/>request info: 240e:b87:1f6:d800:a504:b4a9:1b4d:4897<EOL>"
2026-04-21T23:01:43.463+08:00  WARN 20416 --- [inker] [nio-8083-exec-3] c.i.b.s.provider.EastMoneyStockProvider  : Failed to fetch concepts for stock. code=301015, market=SZ, message=403 Forbidden: "<h1>Nginx forbidden.</h1> <br/>request info: 240e:b87:1f6:d800:a504:b4a9:1b4d:4897<EOL>"
2026-04-21T23:01:43.511+08:00  WARN 20416 --- [inker] [nio-8083-exec-3] c.i.b.s.provider.EastMoneyStockProvider  : Failed to fetch concepts for stock. code=301016, market=SZ, message=403 Forbidden: "<h1>Nginx forbidden.</h1> <br/>request info: 240e:b87:1f6:d800:a504:b4a9:1b4d:4897<EOL>"
2026-04-21T23:01:43.556+08:00  WARN 20416 --- [inker] [nio-8083-exec-3] c.i.b.s.provider.EastMoneyStockProvider  : Failed to fetch concepts for stock. code=301017, market=SZ, message=403 Forbidden: "<h1>Nginx forbidden.</h1> <br/>request info: 240e:b87:1f6:d800:a504:b4a9:1b4d:4897<EOL>"
2026-04-21T23:01:43.601+08:00  WARN 20416 --- [inker] [nio-8083-exec-3] c.i.b.s.provider.EastMoneyStockProvider  : Failed to fetch concepts for stock. code=301018, market=SZ, message=403 Forbidden: "<h1>Nginx forbidden.</h1> <br/>request info: 240e:b87:1f6:d800:a504:b4a9:1b4d:4897<EOL>"
2026-04-21T23:01:43.651+08:00  WARN 20416 --- [inker] [nio-8083-exec-3] c.i.b.s.provider.EastMoneyStockProvider  : Failed to fetch concepts for stock. code=301019, market=SZ, message=403 Forbidden: "<h1>Nginx forbidden.</h1> <br/>request info: 240e:b87:1f6:d800:a504:b4a9:1b4d:4897<EOL>"
2026-04-21T23:01:43.699+08:00  WARN 20416 --- [inker] [nio-8083-exec-3] c.i.b.s.provider.EastMoneyStockProvider  : Failed to fetch concepts for stock. code=301020, market=SZ, message=403 Forbidden: "<h1>Nginx forbidden.</h1> <br/>request info: 240e:b87:1f6:d800:a504:b4a9:1b4d:4897<EOL>"
2026-04-21T23:01:43.753+08:00  WARN 20416 --- [inker] [nio-8083-exec-3] c.i.b.s.provider.EastMoneyStockProvider  : Failed to fetch concepts for stock. code=301021, market=SZ, message=403 Forbidden: "<h1>Nginx forbidden.</h1> <br/>request info: 240e:b87:1f6:d800:a504:b4a9:1b4d:4897<EOL>"
2026-04-21T23:01:43.798+08:00  WARN 20416 --- [inker] [nio-8083-exec-3] c.i.b.s.provider.EastMoneyStockProvider  : Failed to fetch concepts for stock. code=301022, market=SZ, message=403 Forbidden: "<h1>Nginx forbidden.</h1> <br/>request info: 240e:b87:1f6:d800:a504:b4a9:1b4d:4897<EOL>"
2026-04-21T23:01:43.871+08:00  WARN 20416 --- [inker] [nio-8083-exec-3] c.i.b.s.provider.EastMoneyStockProvider  : Failed to fetch concepts for stock. code=301023, market=SZ, message=403 Forbidden: "<h1>Nginx forbidden.</h1> <br/>request info: 240e:b87:1f6:d800:a504:b4a9:1b4d:4897<EOL>"
2026-04-21T23:01:43.916+08:00  WARN 20416 --- [inker] [nio-8083-exec-3] c.i.b.s.provider.EastMoneyStockProvider  : Failed to fetch concepts for stock. code=301024, market=SZ, message=403 Forbidden: "<h1>Nginx forbidden.</h1> <br/>request info: 240e:b87:1f6:d800:a504:b4a9:1b4d:4897<EOL>"
2026-04-21T23:01:43.960+08:00  WARN 20416 --- [inker] [nio-8083-exec-3] c.i.b.s.provider.EastMoneyStockProvider  : Failed to fetch concepts for stock. code=301025, market=SZ, message=403 Forbidden: "<h1>Nginx forbidden.</h1> <br/>request info: 240e:b87:1f6:d800:a504:b4a9:1b4d:4897<EOL>"
2026-04-21T23:01:44.040+08:00  WARN 20416 --- [inker] [nio-8083-exec-3] c.i.b.s.provider.EastMoneyStockProvider  : Failed to fetch concepts for stock. code=301026, market=SZ, message=403 Forbidden: "<h1>Nginx forbidden.</h1> <br/>request info: 240e:b87:1f6:d800:a504:b4a9:1b4d:4897<EOL>"
2026-04-21T23:01:44.088+08:00  WARN 20416 --- [inker] [nio-8083-exec-3] c.i.b.s.provider.EastMoneyStockProvider  : Failed to fetch concepts for stock. code=301027, market=SZ, message=403 Forbidden: "<h1>Nginx forbidden.</h1> <br/>request info: 240e:b87:1f6:d800:a504:b4a9:1b4d:4897<EOL>"
2026-04-21T23:01:44.135+08:00  WARN 20416 --- [inker] [nio-8083-exec-3] c.i.b.s.provider.EastMoneyStockProvider  : Failed to fetch concepts for stock. code=301028, market=SZ, message=403 Forbidden: "<h1>Nginx forbidden.</h1> <br/>request info: 240e:b87:1f6:d800:a504:b4a9:1b4d:4897<EOL>"
2026-04-21T23:01:44.184+08:00  WARN 20416 --- [inker] [nio-8083-exec-3] c.i.b.s.provider.EastMoneyStockProvider  : Failed to fetch concepts for stock. code=301029, market=SZ, message=403 Forbidden: "<h1>Nginx forbidden.</h1> <br/>request info: 240e:b87:1f6:d800:a504:b4a9:1b4d:4897<EOL>"
2026-04-21T23:01:44.230+08:00  WARN 20416 --- [inker] [nio-8083-exec-3] c.i.b.s.provider.EastMoneyStockProvider  : Failed to fetch concepts for stock. code=301030, market=SZ, message=403 Forbidden: "<h1>Nginx forbidden.</h1> <br/>request info: 240e:b87:1f6:d800:a504:b4a9:1b4d:4897<EOL>"
2026-04-21T23:01:44.277+08:00  WARN 20416 --- [inker] [nio-8083-exec-3] c.i.b.s.provider.EastMoneyStockProvider  : Failed to fetch concepts for stock. code=301031, market=SZ, message=403 Forbidden: "<h1>Nginx forbidden.</h1> <br/>request info: 240e:b87:1f6:d800:a504:b4a9:1b4d:4897<EOL>"
2026-04-21T23:01:44.328+08:00  WARN 20416 --- [inker] [nio-8083-exec-3] c.i.b.s.provider.EastMoneyStockProvider  : Failed to fetch concepts for stock. code=301032, market=SZ, message=403 Forbidden: "<h1>Nginx forbidden.</h1> <br/>request info: 240e:b87:1f6:d800:a504:b4a9:1b4d:4897<EOL>"
2026-04-21T23:01:44.373+08:00  WARN 20416 --- [inker] [nio-8083-exec-3] c.i.b.s.provider.EastMoneyStockProvider  : Failed to fetch concepts for stock. code=301033, market=SZ, message=403 Forbidden: "<h1>Nginx forbidden.</h1> <br/>request info: 240e:b87:1f6:d800:a504:b4a9:1b4d:4897<EOL>"
2026-04-21T23:01:44.424+08:00  WARN 20416 --- [inker] [nio-8083-exec-3] c.i.b.s.provider.EastMoneyStockProvider  : Failed to fetch concepts for stock. code=301035, market=SZ, message=403 Forbidden: "<h1>Nginx forbidden.</h1> <br/>request info: 240e:b87:1f6:d800:a504:b4a9:1b4d:4897<EOL>"
2026-04-21T23:01:44.473+08:00  WARN 20416 --- [inker] [nio-8083-exec-3] c.i.b.s.provider.EastMoneyStockProvider  : Failed to fetch concepts for stock. code=301036, market=SZ, message=403 Forbidden: "<h1>Nginx forbidden.</h1> <br/>request info: 240e:b87:1f6:d800:a504:b4a9:1b4d:4897<EOL>"
2026-04-21T23:01:44.519+08:00  WARN 20416 --- [inker] [nio-8083-exec-3] c.i.b.s.provider.EastMoneyStockProvider  : Failed to fetch concepts for stock. code=301037, market=SZ, message=403 Forbidden: "<h1>Nginx forbidden.</h1> <br/>request info: 240e:b87:1f6:d800:a504:b4a9:1b4d:4897<EOL>"
2026-04-21T23:01:44.566+08:00  WARN 20416 --- [inker] [nio-8083-exec-3] c.i.b.s.provider.EastMoneyStockProvider  : Failed to fetch concepts for stock. code=301038, market=SZ, message=403 Forbidden: "<h1>Nginx forbidden.</h1> <br/>request info: 240e:b87:1f6:d800:a504:b4a9:1b4d:4897<EOL>"
2026-04-21T23:01:44.612+08:00  WARN 20416 --- [inker] [nio-8083-exec-3] c.i.b.s.provider.EastMoneyStockProvider  : Failed to fetch concepts for stock. code=301039, market=SZ, message=403 Forbidden: "<h1>Nginx forbidden.</h1> <br/>request info: 240e:b87:1f6:d800:a504:b4a9:1b4d:4897<EOL>"
2026-04-21T23:01:44.657+08:00  WARN 20416 --- [inker] [nio-8083-exec-3] c.i.b.s.provider.EastMoneyStockProvider  : Failed to fetch concepts for stock. code=301040, market=SZ, message=403 Forbidden: "<h1>Nginx forbidden.</h1> <br/>request info: 240e:b87:1f6:d800:a504:b4a9:1b4d:4897<EOL>"
2026-04-21T23:01:44.707+08:00  WARN 20416 --- [inker] [nio-8083-exec-3] c.i.b.s.provider.EastMoneyStockProvider  : Failed to fetch concepts for stock. code=301041, market=SZ, message=403 Forbidden: "<h1>Nginx forbidden.</h1> <br/>request info: 240e:b87:1f6:d800:a504:b4a9:1b4d:4897<EOL>"
2026-04-21T23:01:44.753+08:00  WARN 20416 --- [inker] [nio-8083-exec-3] c.i.b.s.provider.EastMoneyStockProvider  : Failed to fetch concepts for stock. code=301042, market=SZ, message=403 Forbidden: "<h1>Nginx forbidden.</h1> <br/>request info: 240e:b87:1f6:d800:a504:b4a9:1b4d:4897<EOL>"
2026-04-21T23:01:44.802+08:00  WARN 20416 --- [inker] [nio-8083-exec-3] c.i.b.s.provider.EastMoneyStockProvider  : Failed to fetch concepts for stock. code=301043, market=SZ, message=403 Forbidden: "<h1>Nginx forbidden.</h1> <br/>request info: 240e:b87:1f6:d800:a504:b4a9:1b4d:4897<EOL>"
2026-04-21T23:01:44.850+08:00  WARN 20416 --- [inker] [nio-8083-exec-3] c.i.b.s.provider.EastMoneyStockProvider  : Failed to fetch concepts for stock. code=301045, market=SZ, message=403 Forbidden: "<h1>Nginx forbidden.</h1> <br/>request info: 240e:b87:1f6:d800:a504:b4a9:1b4d:4897<EOL>"
2026-04-21T23:01:44.900+08:00  WARN 20416 --- [inker] [nio-8083-exec-3] c.i.b.s.provider.EastMoneyStockProvider  : Failed to fetch concepts for stock. code=301046, market=SZ, message=403 Forbidden: "<h1>Nginx forbidden.</h1> <br/>request info: 240e:b87:1f6:d800:a504:b4a9:1b4d:4897<EOL>"
2026-04-21T23:01:44.949+08:00  WARN 20416 --- [inker] [nio-8083-exec-3] c.i.b.s.provider.EastMoneyStockProvider  : Failed to fetch concepts for stock. code=301047, market=SZ, message=403 Forbidden: "<h1>Nginx forbidden.</h1> <br/>request info: 240e:b87:1f6:d800:a504:b4a9:1b4d:4897<EOL>"
2026-04-21T23:01:44.995+08:00  WARN 20416 --- [inker] [nio-8083-exec-3] c.i.b.s.provider.EastMoneyStockProvider  : Failed to fetch concepts for stock. code=301048, market=SZ, message=403 Forbidden: "<h1>Nginx forbidden.</h1> <br/>request info: 240e:b87:1f6:d800:a504:b4a9:1b4d:4897<EOL>"
2026-04-21T23:01:45.049+08:00  WARN 20416 --- [inker] [nio-8083-exec-3] c.i.b.s.provider.EastMoneyStockProvider  : Failed to fetch concepts for stock. code=301049, market=SZ, message=403 Forbidden: "<h1>Nginx forbidden.</h1> <br/>request info: 240e:b87:1f6:d800:a504:b4a9:1b4d:4897<EOL>"
2026-04-21T23:01:45.103+08:00  WARN 20416 --- [inker] [nio-8083-exec-3] c.i.b.s.provider.EastMoneyStockProvider  : Failed to fetch concepts for stock. code=301050, market=SZ, message=403 Forbidden: "<h1>Nginx forbidden.</h1> <br/>request info: 240e:b87:1f6:d800:a504:b4a9:1b4d:4897<EOL>"
2026-04-21T23:01:45.151+08:00  WARN 20416 --- [inker] [nio-8083-exec-3] c.i.b.s.provider.EastMoneyStockProvider  : Failed to fetch concepts for stock. code=301051, market=SZ, message=403 Forbidden: "<h1>Nginx forbidden.</h1> <br/>request info: 240e:b87:1f6:d800:a504:b4a9:1b4d:4897<EOL>"
2026-04-21T23:01:45.198+08:00  WARN 20416 --- [inker] [nio-8083-exec-3] c.i.b.s.provider.EastMoneyStockProvider  : Failed to fetch concepts for stock. code=301052, market=SZ, message=403 Forbidden: "<h1>Nginx forbidden.</h1> <br/>request info: 240e:b87:1f6:d800:a504:b4a9:1b4d:4897<EOL>"
2026-04-21T23:01:45.245+08:00  WARN 20416 --- [inker] [nio-8083-exec-3] c.i.b.s.provider.EastMoneyStockProvider  : Failed to fetch concepts for stock. code=301053, market=SZ, message=403 Forbidden: "<h1>Nginx forbidden.</h1> <br/>request info: 240e:b87:1f6:d800:a504:b4a9:1b4d:4897<EOL>"
2026-04-21T23:01:45.293+08:00  WARN 20416 --- [inker] [nio-8083-exec-3] c.i.b.s.provider.EastMoneyStockProvider  : Failed to fetch concepts for stock. code=301055, market=SZ, message=403 Forbidden: "<h1>Nginx forbidden.</h1> <br/>request info: 240e:b87:1f6:d800:a504:b4a9:1b4d:4897<EOL>"
2026-04-21T23:01:45.337+08:00  WARN 20416 --- [inker] [nio-8083-exec-3] c.i.b.s.provider.EastMoneyStockProvider  : Failed to fetch concepts for stock. code=301056, market=SZ, message=403 Forbidden: "<h1>Nginx forbidden.</h1> <br/>request info: 240e:b87:1f6:d800:a504:b4a9:1b4d:4897<EOL>"
2026-04-21T23:01:45.383+08:00  WARN 20416 --- [inker] [nio-8083-exec-3] c.i.b.s.provider.EastMoneyStockProvider  : Failed to fetch concepts for stock. code=301057, market=SZ, message=403 Forbidden: "<h1>Nginx forbidden.</h1> <br/>request info: 240e:b87:1f6:d800:a504:b4a9:1b4d:4897<EOL>"
2026-04-21T23:01:45.431+08:00  WARN 20416 --- [inker] [nio-8083-exec-3] c.i.b.s.provider.EastMoneyStockProvider  : Failed to fetch concepts for stock. code=301058, market=SZ, message=403 Forbidden: "<h1>Nginx forbidden.</h1> <br/>request info: 240e:b87:1f6:d800:a504:b4a9:1b4d:4897<EOL>"
2026-04-21T23:01:45.478+08:00  WARN 20416 --- [inker] [nio-8083-exec-3] c.i.b.s.provider.EastMoneyStockProvider  : Failed to fetch concepts for stock. code=301059, market=SZ, message=403 Forbidden: "<h1>Nginx forbidden.</h1> <br/>request info: 240e:b87:1f6:d800:a504:b4a9:1b4d:4897<EOL>"
2026-04-21T23:01:45.524+08:00  WARN 20416 --- [inker] [nio-8083-exec-3] c.i.b.s.provider.EastMoneyStockProvider  : Failed to fetch concepts for stock. code=301060, market=SZ, message=403 Forbidden: "<h1>Nginx forbidden.</h1> <br/>request info: 240e:b87:1f6:d800:a504:b4a9:1b4d:4897<EOL>"
2026-04-21T23:01:45.567+08:00  WARN 20416 --- [inker] [nio-8083-exec-3] c.i.b.s.provider.EastMoneyStockProvider  : Failed to fetch concepts for stock. code=301061, market=SZ, message=403 Forbidden: "<h1>Nginx forbidden.</h1> <br/>request info: 240e:b87:1f6:d800:a504:b4a9:1b4d:4897<EOL>"
2026-04-21T23:01:45.614+08:00  WARN 20416 --- [inker] [nio-8083-exec-3] c.i.b.s.provider.EastMoneyStockProvider  : Failed to fetch concepts for stock. code=301062, market=SZ, message=403 Forbidden: "<h1>Nginx forbidden.</h1> <br/>request info: 240e:b87:1f6:d800:a504:b4a9:1b4d:4897<EOL>"
2026-04-21T23:01:45.660+08:00  WARN 20416 --- [inker] [nio-8083-exec-3] c.i.b.s.provider.EastMoneyStockProvider  : Failed to fetch concepts for stock. code=301063, market=SZ, message=403 Forbidden: "<h1>Nginx forbidden.</h1> <br/>request info: 240e:b87:1f6:d800:a504:b4a9:1b4d:4897<EOL>"
2026-04-21T23:01:45.705+08:00  WARN 20416 --- [inker] [nio-8083-exec-3] c.i.b.s.provider.EastMoneyStockProvider  : Failed to fetch concepts for stock. code=301065, market=SZ, message=403 Forbidden: "<h1>Nginx forbidden.</h1> <br/>request info: 240e:b87:1f6:d800:a504:b4a9:1b4d:4897<EOL>"
2026-04-21T23:01:45.752+08:00  WARN 20416 --- [inker] [nio-8083-exec-3] c.i.b.s.provider.EastMoneyStockProvider  : Failed to fetch concepts for stock. code=301066, market=SZ, message=403 Forbidden: "<h1>Nginx forbidden.</h1> <br/>request info: 240e:b87:1f6:d800:a504:b4a9:1b4d:4897<EOL>"
2026-04-21T23:01:45.797+08:00  WARN 20416 --- [inker] [nio-8083-exec-3] c.i.b.s.provider.EastMoneyStockProvider  : Failed to fetch concepts for stock. code=301067, market=SZ, message=403 Forbidden: "<h1>Nginx forbidden.</h1> <br/>request info: 240e:b87:1f6:d800:a504:b4a9:1b4d:4897<EOL>"
2026-04-21T23:01:45.845+08:00  WARN 20416 --- [inker] [nio-8083-exec-3] c.i.b.s.provider.EastMoneyStockProvider  : Failed to fetch concepts for stock. code=301068, market=SZ, message=403 Forbidden: "<h1>Nginx forbidden.</h1> <br/>request info: 240e:b87:1f6:d800:a504:b4a9:1b4d:4897<EOL>"
2026-04-21T23:01:45.891+08:00  WARN 20416 --- [inker] [nio-8083-exec-3] c.i.b.s.provider.EastMoneyStockProvider  : Failed to fetch concepts for stock. code=301069, market=SZ, message=403 Forbidden: "<h1>Nginx forbidden.</h1> <br/>request info: 240e:b87:1f6:d800:a504:b4a9:1b4d:4897<EOL>"
2026-04-21T23:01:45.946+08:00  WARN 20416 --- [inker] [nio-8083-exec-3] c.i.b.s.provider.EastMoneyStockProvider  : Failed to fetch concepts for stock. code=301070, market=SZ, message=403 Forbidden: "<h1>Nginx forbidden.</h1> <br/>request info: 240e:b87:1f6:d800:a504:b4a9:1b4d:4897<EOL>"
2026-04-21T23:01:45.991+08:00  WARN 20416 --- [inker] [nio-8083-exec-3] c.i.b.s.provider.EastMoneyStockProvider  : Failed to fetch concepts for stock. code=301071, market=SZ, message=403 Forbidden: "<h1>Nginx forbidden.</h1> <br/>request info: 240e:b87:1f6:d800:a504:b4a9:1b4d:4897<EOL>"
2026-04-21T23:01:46.045+08:00  WARN 20416 --- [inker] [nio-8083-exec-3] c.i.b.s.provider.EastMoneyStockProvider  : Failed to fetch concepts for stock. code=301072, market=SZ, message=403 Forbidden: "<h1>Nginx forbidden.</h1> <br/>request info: 240e:b87:1f6:d800:a504:b4a9:1b4d:4897<EOL>"
2026-04-21T23:01:46.090+08:00  WARN 20416 --- [inker] [nio-8083-exec-3] c.i.b.s.provider.EastMoneyStockProvider  : Failed to fetch concepts for stock. code=301073, market=SZ, message=403 Forbidden: "<h1>Nginx forbidden.</h1> <br/>request info: 240e:b87:1f6:d800:a504:b4a9:1b4d:4897<EOL>"
2026-04-21T23:01:46.140+08:00  WARN 20416 --- [inker] [nio-8083-exec-3] c.i.b.s.provider.EastMoneyStockProvider  : Failed to fetch concepts for stock. code=301075, market=SZ, message=403 Forbidden: "<h1>Nginx forbidden.</h1> <br/>request info: 240e:b87:1f6:d800:a504:b4a9:1b4d:4897<EOL>"
2026-04-21T23:01:46.186+08:00  WARN 20416 --- [inker] [nio-8083-exec-3] c.i.b.s.provider.EastMoneyStockProvider  : Failed to fetch concepts for stock. code=301076, market=SZ, message=403 Forbidden: "<h1>Nginx forbidden.</h1> <br/>request info: 240e:b87:1f6:d800:a504:b4a9:1b4d:4897<EOL>"
2026-04-21T23:01:46.237+08:00  WARN 20416 --- [inker] [nio-8083-exec-3] c.i.b.s.provider.EastMoneyStockProvider  : Failed to fetch concepts for stock. code=301077, market=SZ, message=403 Forbidden: "<h1>Nginx forbidden.</h1> <br/>request info: 240e:b87:1f6:d800:a504:b4a9:1b4d:4897<EOL>"
2026-04-21T23:01:46.281+08:00  WARN 20416 --- [inker] [nio-8083-exec-3] c.i.b.s.provider.EastMoneyStockProvider  : Failed to fetch concepts for stock. code=301078, market=SZ, message=403 Forbidden: "<h1>Nginx forbidden.</h1> <br/>request info: 240e:b87:1f6:d800:a504:b4a9:1b4d:4897<EOL>"
2026-04-21T23:01:46.329+08:00  WARN 20416 --- [inker] [nio-8083-exec-3] c.i.b.s.provider.EastMoneyStockProvider  : Failed to fetch concepts for stock. code=301079, market=SZ, message=403 Forbidden: "<h1>Nginx forbidden.</h1> <br/>request info: 240e:b87:1f6:d800:a504:b4a9:1b4d:4897<EOL>"
2026-04-21T23:01:46.380+08:00  WARN 20416 --- [inker] [nio-8083-exec-3] c.i.b.s.provider.EastMoneyStockProvider  : Failed to fetch concepts for stock. code=301080, market=SZ, message=403 Forbidden: "<h1>Nginx forbidden.</h1> <br/>request info: 240e:b87:1f6:d800:a504:b4a9:1b4d:4897<EOL>"
2026-04-21T23:01:46.429+08:00  WARN 20416 --- [inker] [nio-8083-exec-3] c.i.b.s.provider.EastMoneyStockProvider  : Failed to fetch concepts for stock. code=301081, market=SZ, message=403 Forbidden: "<h1>Nginx forbidden.</h1> <br/>request info: 240e:b87:1f6:d800:a504:b4a9:1b4d:4897<EOL>"
2026-04-21T23:01:46.510+08:00  WARN 20416 --- [inker] [nio-8083-exec-3] c.i.b.s.provider.EastMoneyStockProvider  : Failed to fetch concepts for stock. code=301082, market=SZ, message=403 Forbidden: "<h1>Nginx forbidden.</h1> <br/>request info: 240e:b87:1f6:d800:a504:b4a9:1b4d:4897<EOL>"
2026-04-21T23:01:46.561+08:00  WARN 20416 --- [inker] [nio-8083-exec-3] c.i.b.s.provider.EastMoneyStockProvider  : Failed to fetch concepts for stock. code=301083, market=SZ, message=403 Forbidden: "<h1>Nginx forbidden.</h1> <br/>request info: 240e:b87:1f6:d800:a504:b4a9:1b4d:4897<EOL>"
2026-04-21T23:01:46.609+08:00  WARN 20416 --- [inker] [nio-8083-exec-3] c.i.b.s.provider.EastMoneyStockProvider  : Failed to fetch concepts for stock. code=301085, market=SZ, message=403 Forbidden: "<h1>Nginx forbidden.</h1> <br/>request info: 240e:b87:1f6:d800:a504:b4a9:1b4d:4897<EOL>"
2026-04-21T23:01:46.659+08:00  WARN 20416 --- [inker] [nio-8083-exec-3] c.i.b.s.provider.EastMoneyStockProvider  : Failed to fetch concepts for stock. code=301086, market=SZ, message=403 Forbidden: "<h1>Nginx forbidden.</h1> <br/>request info: 240e:b87:1f6:d800:a504:b4a9:1b4d:4897<EOL>"
2026-04-21T23:01:46.705+08:00  WARN 20416 --- [inker] [nio-8083-exec-3] c.i.b.s.provider.EastMoneyStockProvider  : Failed to fetch concepts for stock. code=301087, market=SZ, message=403 Forbidden: "<h1>Nginx forbidden.</h1> <br/>request info: 240e:b87:1f6:d800:a504:b4a9:1b4d:4897<EOL>"
2026-04-21T23:01:46.749+08:00  WARN 20416 --- [inker] [nio-8083-exec-3] c.i.b.s.provider.EastMoneyStockProvider  : Failed to fetch concepts for stock. code=301088, market=SZ, message=403 Forbidden: "<h1>Nginx forbidden.</h1> <br/>request info: 240e:b87:1f6:d800:a504:b4a9:1b4d:4897<EOL>"
2026-04-21T23:01:46.795+08:00  WARN 20416 --- [inker] [nio-8083-exec-3] c.i.b.s.provider.EastMoneyStockProvider  : Failed to fetch concepts for stock. code=301089, market=SZ, message=403 Forbidden: "<h1>Nginx forbidden.</h1> <br/>request info: 240e:b87:1f6:d800:a504:b4a9:1b4d:4897<EOL>"
2026-04-21T23:01:46.844+08:00  WARN 20416 --- [inker] [nio-8083-exec-3] c.i.b.s.provider.EastMoneyStockProvider  : Failed to fetch concepts for stock. code=301090, market=SZ, message=403 Forbidden: "<h1>Nginx forbidden.</h1> <br/>request info: 240e:b87:1f6:d800:a504:b4a9:1b4d:4897<EOL>"
2026-04-21T23:01:46.894+08:00  WARN 20416 --- [inker] [nio-8083-exec-3] c.i.b.s.provider.EastMoneyStockProvider  : Failed to fetch concepts for stock. code=301091, market=SZ, message=403 Forbidden: "<h1>Nginx forbidden.</h1> <br/>request info: 240e:b87:1f6:d800:a504:b4a9:1b4d:4897<EOL>"
2026-04-21T23:01:46.939+08:00  WARN 20416 --- [inker] [nio-8083-exec-3] c.i.b.s.provider.EastMoneyStockProvider  : Failed to fetch concepts for stock. code=301092, market=SZ, message=403 Forbidden: "<h1>Nginx forbidden.</h1> <br/>request info: 240e:b87:1f6:d800:a504:b4a9:1b4d:4897<EOL>"
2026-04-21T23:01:46.987+08:00  WARN 20416 --- [inker] [nio-8083-exec-3] c.i.b.s.provider.EastMoneyStockProvider  : Failed to fetch concepts for stock. code=301093, market=SZ, message=403 Forbidden: "<h1>Nginx forbidden.</h1> <br/>request info: 240e:b87:1f6:d800:a504:b4a9:1b4d:4897<EOL>"
2026-04-21T23:01:47.034+08:00  WARN 20416 --- [inker] [nio-8083-exec-3] c.i.b.s.provider.EastMoneyStockProvider  : Failed to fetch concepts for stock. code=301095, market=SZ, message=403 Forbidden: "<h1>Nginx forbidden.</h1> <br/>request info: 240e:b87:1f6:d800:a504:b4a9:1b4d:4897<EOL>"
2026-04-21T23:01:47.081+08:00  WARN 20416 --- [inker] [nio-8083-exec-3] c.i.b.s.provider.EastMoneyStockProvider  : Failed to fetch concepts for stock. code=301096, market=SZ, message=403 Forbidden: "<h1>Nginx forbidden.</h1> <br/>request info: 240e:b87:1f6:d800:a504:b4a9:1b4d:4897<EOL>"
2026-04-21T23:01:47.152+08:00  WARN 20416 --- [inker] [nio-8083-exec-3] c.i.b.s.provider.EastMoneyStockProvider  : Failed to fetch concepts for stock. code=301097, market=SZ, message=403 Forbidden: "<h1>Nginx forbidden.</h1> <br/>request info: 240e:b87:1f6:d800:a504:b4a9:1b4d:4897<EOL>"
2026-04-21T23:01:47.208+08:00  WARN 20416 --- [inker] [nio-8083-exec-3] c.i.b.s.provider.EastMoneyStockProvider  : Failed to fetch concepts for stock. code=301098, market=SZ, message=403 Forbidden: "<h1>Nginx forbidden.</h1> <br/>request info: 240e:b87:1f6:d800:a504:b4a9:1b4d:4897<EOL>"
2026-04-21T23:01:47.279+08:00  WARN 20416 --- [inker] [nio-8083-exec-3] c.i.b.s.provider.EastMoneyStockProvider  : Failed to fetch concepts for stock. code=301099, market=SZ, message=403 Forbidden: "<h1>Nginx forbidden.</h1> <br/>request info: 240e:b87:1f6:d800:a504:b4a9:1b4d:4897<EOL>"
2026-04-21T23:01:47.329+08:00  WARN 20416 --- [inker] [nio-8083-exec-3] c.i.b.s.provider.EastMoneyStockProvider  : Failed to fetch concepts for stock. code=301100, market=SZ, message=403 Forbidden: "<h1>Nginx forbidden.</h1> <br/>request info: 240e:b87:1f6:d800:a504:b4a9:1b4d:4897<EOL>"
2026-04-21T23:01:47.379+08:00  WARN 20416 --- [inker] [nio-8083-exec-3] c.i.b.s.provider.EastMoneyStockProvider  : Failed to fetch concepts for stock. code=301101, market=SZ, message=403 Forbidden: "<h1>Nginx forbidden.</h1> <br/>request info: 240e:b87:1f6:d800:a504:b4a9:1b4d:4897<EOL>"
2026-04-21T23:01:47.423+08:00  WARN 20416 --- [inker] [nio-8083-exec-3] c.i.b.s.provider.EastMoneyStockProvider  : Failed to fetch concepts for stock. code=301102, market=SZ, message=403 Forbidden: "<h1>Nginx forbidden.</h1> <br/>request info: 240e:b87:1f6:d800:a504:b4a9:1b4d:4897<EOL>"
2026-04-21T23:01:47.472+08:00  WARN 20416 --- [inker] [nio-8083-exec-3] c.i.b.s.provider.EastMoneyStockProvider  : Failed to fetch concepts for stock. code=301103, market=SZ, message=403 Forbidden: "<h1>Nginx forbidden.</h1> <br/>request info: 240e:b87:1f6:d800:a504:b4a9:1b4d:4897<EOL>"
2026-04-21T23:01:47.525+08:00  WARN 20416 --- [inker] [nio-8083-exec-3] c.i.b.s.provider.EastMoneyStockProvider  : Failed to fetch concepts for stock. code=301105, market=SZ, message=403 Forbidden: "<h1>Nginx forbidden.</h1> <br/>request info: 240e:b87:1f6:d800:a504:b4a9:1b4d:4897<EOL>"
2026-04-21T23:01:47.674+08:00  WARN 20416 --- [inker] [nio-8083-exec-3] c.i.b.s.provider.EastMoneyStockProvider  : Failed to fetch concepts for stock. code=301106, market=SZ, message=403 Forbidden: "<h1>Nginx forbidden.</h1> <br/>request info: 240e:b87:1f6:d800:a504:b4a9:1b4d:4897<EOL>"
2026-04-21T23:01:47.723+08:00  WARN 20416 --- [inker] [nio-8083-exec-3] c.i.b.s.provider.EastMoneyStockProvider  : Failed to fetch concepts for stock. code=301107, market=SZ, message=403 Forbidden: "<h1>Nginx forbidden.</h1> <br/>request info: 240e:b87:1f6:d800:a504:b4a9:1b4d:4897<EOL>"
2026-04-21T23:01:47.774+08:00  WARN 20416 --- [inker] [nio-8083-exec-3] c.i.b.s.provider.EastMoneyStockProvider  : Failed to fetch concepts for stock. code=301108, market=SZ, message=403 Forbidden: "<h1>Nginx forbidden.</h1> <br/>request info: 240e:b87:1f6:d800:a504:b4a9:1b4d:4897<EOL>"
2026-04-21T23:01:47.816+08:00  WARN 20416 --- [inker] [nio-8083-exec-3] c.i.b.s.provider.EastMoneyStockProvider  : Failed to fetch concepts for stock. code=301109, market=SZ, message=403 Forbidden: "<h1>Nginx forbidden.</h1> <br/>request info: 240e:b87:1f6:d800:a504:b4a9:1b4d:4897<EOL>"
2026-04-21T23:01:47.861+08:00  WARN 20416 --- [inker] [nio-8083-exec-3] c.i.b.s.provider.EastMoneyStockProvider  : Failed to fetch concepts for stock. code=301110, market=SZ, message=403 Forbidden: "<h1>Nginx forbidden.</h1> <br/>request info: 240e:b87:1f6:d800:a504:b4a9:1b4d:4897<EOL>"
2026-04-21T23:01:47.909+08:00  WARN 20416 --- [inker] [nio-8083-exec-3] c.i.b.s.provider.EastMoneyStockProvider  : Failed to fetch concepts for stock. code=301111, market=SZ, message=403 Forbidden: "<h1>Nginx forbidden.</h1> <br/>request info: 240e:b87:1f6:d800:a504:b4a9:1b4d:4897<EOL>"
2026-04-21T23:01:47.958+08:00  WARN 20416 --- [inker] [nio-8083-exec-3] c.i.b.s.provider.EastMoneyStockProvider  : Failed to fetch concepts for stock. code=301112, market=SZ, message=403 Forbidden: "<h1>Nginx forbidden.</h1> <br/>request info: 240e:b87:1f6:d800:a504:b4a9:1b4d:4897<EOL>"
2026-04-21T23:01:48.007+08:00  WARN 20416 --- [inker] [nio-8083-exec-3] c.i.b.s.provider.EastMoneyStockProvider  : Failed to fetch concepts for stock. code=301113, market=SZ, message=403 Forbidden: "<h1>Nginx forbidden.</h1> <br/>request info: 240e:b87:1f6:d800:a504:b4a9:1b4d:4897<EOL>"
2026-04-21T23:01:48.057+08:00  WARN 20416 --- [inker] [nio-8083-exec-3] c.i.b.s.provider.EastMoneyStockProvider  : Failed to fetch concepts for stock. code=301115, market=SZ, message=403 Forbidden: "<h1>Nginx forbidden.</h1> <br/>request info: 240e:b87:1f6:d800:a504:b4a9:1b4d:4897<EOL>"
2026-04-21T23:01:48.107+08:00  WARN 20416 --- [inker] [nio-8083-exec-3] c.i.b.s.provider.EastMoneyStockProvider  : Failed to fetch concepts for stock. code=301116, market=SZ, message=403 Forbidden: "<h1>Nginx forbidden.</h1> <br/>request info: 240e:b87:1f6:d800:a504:b4a9:1b4d:4897<EOL>"
2026-04-21T23:01:48.158+08:00  WARN 20416 --- [inker] [nio-8083-exec-3] c.i.b.s.provider.EastMoneyStockProvider  : Failed to fetch concepts for stock. code=301117, market=SZ, message=403 Forbidden: "<h1>Nginx forbidden.</h1> <br/>request info: 240e:b87:1f6:d800:a504:b4a9:1b4d:4897<EOL>"
2026-04-21T23:01:48.204+08:00  WARN 20416 --- [inker] [nio-8083-exec-3] c.i.b.s.provider.EastMoneyStockProvider  : Failed to fetch concepts for stock. code=301118, market=SZ, message=403 Forbidden: "<h1>Nginx forbidden.</h1> <br/>request info: 240e:b87:1f6:d800:a504:b4a9:1b4d:4897<EOL>"
2026-04-21T23:01:48.277+08:00  WARN 20416 --- [inker] [nio-8083-exec-3] c.i.b.s.provider.EastMoneyStockProvider  : Failed to fetch concepts for stock. code=301119, market=SZ, message=403 Forbidden: "<h1>Nginx forbidden.</h1> <br/>request info: 240e:b87:1f6:d800:a504:b4a9:1b4d:4897<EOL>"
2026-04-21T23:01:48.327+08:00  WARN 20416 --- [inker] [nio-8083-exec-3] c.i.b.s.provider.EastMoneyStockProvider  : Failed to fetch concepts for stock. code=301120, market=SZ, message=403 Forbidden: "<h1>Nginx forbidden.</h1> <br/>request info: 240e:b87:1f6:d800:a504:b4a9:1b4d:4897<EOL>"
2026-04-21T23:01:48.374+08:00  WARN 20416 --- [inker] [nio-8083-exec-3] c.i.b.s.provider.EastMoneyStockProvider  : Failed to fetch concepts for stock. code=301121, market=SZ, message=403 Forbidden: "<h1>Nginx forbidden.</h1> <br/>request info: 240e:b87:1f6:d800:a504:b4a9:1b4d:4897<EOL>"
2026-04-21T23:01:48.422+08:00  WARN 20416 --- [inker] [nio-8083-exec-3] c.i.b.s.provider.EastMoneyStockProvider  : Failed to fetch concepts for stock. code=301122, market=SZ, message=403 Forbidden: "<h1>Nginx forbidden.</h1> <br/>request info: 240e:b87:1f6:d800:a504:b4a9:1b4d:4897<EOL>"
2026-04-21T23:01:48.468+08:00  WARN 20416 --- [inker] [nio-8083-exec-3] c.i.b.s.provider.EastMoneyStockProvider  : Failed to fetch concepts for stock. code=301123, market=SZ, message=403 Forbidden: "<h1>Nginx forbidden.</h1> <br/>request info: 240e:b87:1f6:d800:a504:b4a9:1b4d:4897<EOL>"
2026-04-21T23:01:48.513+08:00  WARN 20416 --- [inker] [nio-8083-exec-3] c.i.b.s.provider.EastMoneyStockProvider  : Failed to fetch concepts for stock. code=301125, market=SZ, message=403 Forbidden: "<h1>Nginx forbidden.</h1> <br/>request info: 240e:b87:1f6:d800:a504:b4a9:1b4d:4897<EOL>"
2026-04-21T23:01:48.565+08:00  WARN 20416 --- [inker] [nio-8083-exec-3] c.i.b.s.provider.EastMoneyStockProvider  : Failed to fetch concepts for stock. code=301126, market=SZ, message=403 Forbidden: "<h1>Nginx forbidden.</h1> <br/>request info: 240e:b87:1f6:d800:a504:b4a9:1b4d:4897<EOL>"
2026-04-21T23:01:48.615+08:00  WARN 20416 --- [inker] [nio-8083-exec-3] c.i.b.s.provider.EastMoneyStockProvider  : Failed to fetch concepts for stock. code=301127, market=SZ, message=403 Forbidden: "<h1>Nginx forbidden.</h1> <br/>request info: 240e:b87:1f6:d800:a504:b4a9:1b4d:4897<EOL>"
2026-04-21T23:01:48.662+08:00  WARN 20416 --- [inker] [nio-8083-exec-3] c.i.b.s.provider.EastMoneyStockProvider  : Failed to fetch concepts for stock. code=301128, market=SZ, message=403 Forbidden: "<h1>Nginx forbidden.</h1> <br/>request info: 240e:b87:1f6:d800:a504:b4a9:1b4d:4897<EOL>"
2026-04-21T23:01:48.708+08:00  WARN 20416 --- [inker] [nio-8083-exec-3] c.i.b.s.provider.EastMoneyStockProvider  : Failed to fetch concepts for stock. code=301129, market=SZ, message=403 Forbidden: "<h1>Nginx forbidden.</h1> <br/>request info: 240e:b87:1f6:d800:a504:b4a9:1b4d:4897<EOL>"
2026-04-21T23:01:48.756+08:00  WARN 20416 --- [inker] [nio-8083-exec-3] c.i.b.s.provider.EastMoneyStockProvider  : Failed to fetch concepts for stock. code=301130, market=SZ, message=403 Forbidden: "<h1>Nginx forbidden.</h1> <br/>request info: 240e:b87:1f6:d800:a504:b4a9:1b4d:4897<EOL>"
2026-04-21T23:01:48.805+08:00  WARN 20416 --- [inker] [nio-8083-exec-3] c.i.b.s.provider.EastMoneyStockProvider  : Failed to fetch concepts for stock. code=301131, market=SZ, message=403 Forbidden: "<h1>Nginx forbidden.</h1> <br/>request info: 240e:b87:1f6:d800:a504:b4a9:1b4d:4897<EOL>"
2026-04-21T23:01:48.850+08:00  WARN 20416 --- [inker] [nio-8083-exec-3] c.i.b.s.provider.EastMoneyStockProvider  : Failed to fetch concepts for stock. code=301132, market=SZ, message=403 Forbidden: "<h1>Nginx forbidden.</h1> <br/>request info: 240e:b87:1f6:d800:a504:b4a9:1b4d:4897<EOL>"
2026-04-21T23:01:48.894+08:00  WARN 20416 --- [inker] [nio-8083-exec-3] c.i.b.s.provider.EastMoneyStockProvider  : Failed to fetch concepts for stock. code=301133, market=SZ, message=403 Forbidden: "<h1>Nginx forbidden.</h1> <br/>request info: 240e:b87:1f6:d800:a504:b4a9:1b4d:4897<EOL>"
2026-04-21T23:01:48.942+08:00  WARN 20416 --- [inker] [nio-8083-exec-3] c.i.b.s.provider.EastMoneyStockProvider  : Failed to fetch concepts for stock. code=301135, market=SZ, message=403 Forbidden: "<h1>Nginx forbidden.</h1> <br/>request info: 240e:b87:1f6:d800:a504:b4a9:1b4d:4897<EOL>"
2026-04-21T23:01:48.990+08:00  WARN 20416 --- [inker] [nio-8083-exec-3] c.i.b.s.provider.EastMoneyStockProvider  : Failed to fetch concepts for stock. code=301136, market=SZ, message=403 Forbidden: "<h1>Nginx forbidden.</h1> <br/>request info: 240e:b87:1f6:d800:a504:b4a9:1b4d:4897<EOL>"
2026-04-21T23:01:49.037+08:00  WARN 20416 --- [inker] [nio-8083-exec-3] c.i.b.s.provider.EastMoneyStockProvider  : Failed to fetch concepts for stock. code=301137, market=SZ, message=403 Forbidden: "<h1>Nginx forbidden.</h1> <br/>request info: 240e:b87:1f6:d800:a504:b4a9:1b4d:4897<EOL>"
2026-04-21T23:01:49.080+08:00  WARN 20416 --- [inker] [nio-8083-exec-3] c.i.b.s.provider.EastMoneyStockProvider  : Failed to fetch concepts for stock. code=301138, market=SZ, message=403 Forbidden: "<h1>Nginx forbidden.</h1> <br/>request info: 240e:b87:1f6:d800:a504:b4a9:1b4d:4897<EOL>"
2026-04-21T23:01:49.129+08:00  WARN 20416 --- [inker] [nio-8083-exec-3] c.i.b.s.provider.EastMoneyStockProvider  : Failed to fetch concepts for stock. code=301139, market=SZ, message=403 Forbidden: "<h1>Nginx forbidden.</h1> <br/>request info: 240e:b87:1f6:d800:a504:b4a9:1b4d:4897<EOL>"
2026-04-21T23:01:49.175+08:00  WARN 20416 --- [inker] [nio-8083-exec-3] c.i.b.s.provider.EastMoneyStockProvider  : Failed to fetch concepts for stock. code=301141, market=SZ, message=403 Forbidden: "<h1>Nginx forbidden.</h1> <br/>request info: 240e:b87:1f6:d800:a504:b4a9:1b4d:4897<EOL>"
2026-04-21T23:01:49.220+08:00  WARN 20416 --- [inker] [nio-8083-exec-3] c.i.b.s.provider.EastMoneyStockProvider  : Failed to fetch concepts for stock. code=301148, market=SZ, message=403 Forbidden: "<h1>Nginx forbidden.</h1> <br/>request info: 240e:b87:1f6:d800:a504:b4a9:1b4d:4897<EOL>"
2026-04-21T23:01:49.269+08:00  WARN 20416 --- [inker] [nio-8083-exec-3] c.i.b.s.provider.EastMoneyStockProvider  : Failed to fetch concepts for stock. code=301149, market=SZ, message=403 Forbidden: "<h1>Nginx forbidden.</h1> <br/>request info: 240e:b87:1f6:d800:a504:b4a9:1b4d:4897<EOL>"
2026-04-21T23:01:49.574+08:00  WARN 20416 --- [inker] [nio-8083-exec-3] c.i.b.s.provider.EastMoneyStockProvider  : Failed to fetch concepts for stock. code=301150, market=SZ, message=403 Forbidden: "<h1>Nginx forbidden.</h1> <br/>request info: 240e:b87:1f6:d800:a504:b4a9:1b4d:4897<EOL>"
2026-04-21T23:01:49.621+08:00  WARN 20416 --- [inker] [nio-8083-exec-3] c.i.b.s.provider.EastMoneyStockProvider  : Failed to fetch concepts for stock. code=301151, market=SZ, message=403 Forbidden: "<h1>Nginx forbidden.</h1> <br/>request info: 240e:b87:1f6:d800:a504:b4a9:1b4d:4897<EOL>"
2026-04-21T23:01:49.668+08:00  WARN 20416 --- [inker] [nio-8083-exec-3] c.i.b.s.provider.EastMoneyStockProvider  : Failed to fetch concepts for stock. code=301152, market=SZ, message=403 Forbidden: "<h1>Nginx forbidden.</h1> <br/>request info: 240e:b87:1f6:d800:a504:b4a9:1b4d:4897<EOL>"
2026-04-21T23:01:49.714+08:00  WARN 20416 --- [inker] [nio-8083-exec-3] c.i.b.s.provider.EastMoneyStockProvider  : Failed to fetch concepts for stock. code=301153, market=SZ, message=403 Forbidden: "<h1>Nginx forbidden.</h1> <br/>request info: 240e:b87:1f6:d800:a504:b4a9:1b4d:4897<EOL>"
2026-04-21T23:01:49.764+08:00  WARN 20416 --- [inker] [nio-8083-exec-3] c.i.b.s.provider.EastMoneyStockProvider  : Failed to fetch concepts for stock. code=301155, market=SZ, message=403 Forbidden: "<h1>Nginx forbidden.</h1> <br/>request info: 240e:b87:1f6:d800:a504:b4a9:1b4d:4897<EOL>"
2026-04-21T23:01:49.809+08:00  WARN 20416 --- [inker] [nio-8083-exec-3] c.i.b.s.provider.EastMoneyStockProvider  : Failed to fetch concepts for stock. code=301156, market=SZ, message=403 Forbidden: "<h1>Nginx forbidden.</h1> <br/>request info: 240e:b87:1f6:d800:a504:b4a9:1b4d:4897<EOL>"
2026-04-21T23:01:49.859+08:00  WARN 20416 --- [inker] [nio-8083-exec-3] c.i.b.s.provider.EastMoneyStockProvider  : Failed to fetch concepts for stock. code=301157, market=SZ, message=403 Forbidden: "<h1>Nginx forbidden.</h1> <br/>request info: 240e:b87:1f6:d800:a504:b4a9:1b4d:4897<EOL>"
2026-04-21T23:01:49.906+08:00  WARN 20416 --- [inker] [nio-8083-exec-3] c.i.b.s.provider.EastMoneyStockProvider  : Failed to fetch concepts for stock. code=301158, market=SZ, message=403 Forbidden: "<h1>Nginx forbidden.</h1> <br/>request info: 240e:b87:1f6:d800:a504:b4a9:1b4d:4897<EOL>"
2026-04-21T23:01:49.952+08:00  WARN 20416 --- [inker] [nio-8083-exec-3] c.i.b.s.provider.EastMoneyStockProvider  : Failed to fetch concepts for stock. code=301159, market=SZ, message=403 Forbidden: "<h1>Nginx forbidden.</h1> <br/>request info: 240e:b87:1f6:d800:a504:b4a9:1b4d:4897<EOL>"
2026-04-21T23:01:50.032+08:00  WARN 20416 --- [inker] [nio-8083-exec-3] c.i.b.s.provider.EastMoneyStockProvider  : Failed to fetch concepts for stock. code=301160, market=SZ, message=403 Forbidden: "<h1>Nginx forbidden.</h1> <br/>request info: 240e:b87:1f6:d800:a504:b4a9:1b4d:4897<EOL>"
2026-04-21T23:01:50.085+08:00  WARN 20416 --- [inker] [nio-8083-exec-3] c.i.b.s.provider.EastMoneyStockProvider  : Failed to fetch concepts for stock. code=301161, market=SZ, message=403 Forbidden: "<h1>Nginx forbidden.</h1> <br/>request info: 240e:b87:1f6:d800:a504:b4a9:1b4d:4897<EOL>"
2026-04-21T23:01:50.138+08:00  WARN 20416 --- [inker] [nio-8083-exec-3] c.i.b.s.provider.EastMoneyStockProvider  : Failed to fetch concepts for stock. code=301162, market=SZ, message=403 Forbidden: "<h1>Nginx forbidden.</h1> <br/>request info: 240e:b87:1f6:d800:a504:b4a9:1b4d:4897<EOL>"
2026-04-21T23:01:50.186+08:00  WARN 20416 --- [inker] [nio-8083-exec-3] c.i.b.s.provider.EastMoneyStockProvider  : Failed to fetch concepts for stock. code=301163, market=SZ, message=403 Forbidden: "<h1>Nginx forbidden.</h1> <br/>request info: 240e:b87:1f6:d800:a504:b4a9:1b4d:4897<EOL>"
2026-04-21T23:01:50.234+08:00  WARN 20416 --- [inker] [nio-8083-exec-3] c.i.b.s.provider.EastMoneyStockProvider  : Failed to fetch concepts for stock. code=301165, market=SZ, message=403 Forbidden: "<h1>Nginx forbidden.</h1> <br/>request info: 240e:b87:1f6:d800:a504:b4a9:1b4d:4897<EOL>"
2026-04-21T23:01:50.280+08:00  WARN 20416 --- [inker] [nio-8083-exec-3] c.i.b.s.provider.EastMoneyStockProvider  : Failed to fetch concepts for stock. code=301166, market=SZ, message=403 Forbidden: "<h1>Nginx forbidden.</h1> <br/>request info: 240e:b87:1f6:d800:a504:b4a9:1b4d:4897<EOL>"
2026-04-21T23:01:50.326+08:00  WARN 20416 --- [inker] [nio-8083-exec-3] c.i.b.s.provider.EastMoneyStockProvider  : Failed to fetch concepts for stock. code=301167, market=SZ, message=403 Forbidden: "<h1>Nginx forbidden.</h1> <br/>request info: 240e:b87:1f6:d800:a504:b4a9:1b4d:4897<EOL>"
2026-04-21T23:01:50.373+08:00  WARN 20416 --- [inker] [nio-8083-exec-3] c.i.b.s.provider.EastMoneyStockProvider  : Failed to fetch concepts for stock. code=301168, market=SZ, message=403 Forbidden: "<h1>Nginx forbidden.</h1> <br/>request info: 240e:b87:1f6:d800:a504:b4a9:1b4d:4897<EOL>"
2026-04-21T23:01:50.418+08:00  WARN 20416 --- [inker] [nio-8083-exec-3] c.i.b.s.provider.EastMoneyStockProvider  : Failed to fetch concepts for stock. code=301169, market=SZ, message=403 Forbidden: "<h1>Nginx forbidden.</h1> <br/>request info: 240e:b87:1f6:d800:a504:b4a9:1b4d:4897<EOL>"
2026-04-21T23:01:50.463+08:00  WARN 20416 --- [inker] [nio-8083-exec-3] c.i.b.s.provider.EastMoneyStockProvider  : Failed to fetch concepts for stock. code=301170, market=SZ, message=403 Forbidden: "<h1>Nginx forbidden.</h1> <br/>request info: 240e:b87:1f6:d800:a504:b4a9:1b4d:4897<EOL>"
2026-04-21T23:01:50.511+08:00  WARN 20416 --- [inker] [nio-8083-exec-3] c.i.b.s.provider.EastMoneyStockProvider  : Failed to fetch concepts for stock. code=301171, market=SZ, message=403 Forbidden: "<h1>Nginx forbidden.</h1> <br/>request info: 240e:b87:1f6:d800:a504:b4a9:1b4d:4897<EOL>"
2026-04-21T23:01:50.559+08:00  WARN 20416 --- [inker] [nio-8083-exec-3] c.i.b.s.provider.EastMoneyStockProvider  : Failed to fetch concepts for stock. code=301172, market=SZ, message=403 Forbidden: "<h1>Nginx forbidden.</h1> <br/>request info: 240e:b87:1f6:d800:a504:b4a9:1b4d:4897<EOL>"
2026-04-21T23:01:50.604+08:00  WARN 20416 --- [inker] [nio-8083-exec-3] c.i.b.s.provider.EastMoneyStockProvider  : Failed to fetch concepts for stock. code=301173, market=SZ, message=403 Forbidden: "<h1>Nginx forbidden.</h1> <br/>request info: 240e:b87:1f6:d800:a504:b4a9:1b4d:4897<EOL>"
2026-04-21T23:01:50.676+08:00  WARN 20416 --- [inker] [nio-8083-exec-3] c.i.b.s.provider.EastMoneyStockProvider  : Failed to fetch concepts for stock. code=301175, market=SZ, message=403 Forbidden: "<h1>Nginx forbidden.</h1> <br/>request info: 240e:b87:1f6:d800:a504:b4a9:1b4d:4897<EOL>"
2026-04-21T23:01:50.725+08:00  WARN 20416 --- [inker] [nio-8083-exec-3] c.i.b.s.provider.EastMoneyStockProvider  : Failed to fetch concepts for stock. code=301176, market=SZ, message=403 Forbidden: "<h1>Nginx forbidden.</h1> <br/>request info: 240e:b87:1f6:d800:a504:b4a9:1b4d:4897<EOL>"
2026-04-21T23:01:50.773+08:00  WARN 20416 --- [inker] [nio-8083-exec-3] c.i.b.s.provider.EastMoneyStockProvider  : Failed to fetch concepts for stock. code=301177, market=SZ, message=403 Forbidden: "<h1>Nginx forbidden.</h1> <br/>request info: 240e:b87:1f6:d800:a504:b4a9:1b4d:4897<EOL>"
2026-04-21T23:01:50.822+08:00  WARN 20416 --- [inker] [nio-8083-exec-3] c.i.b.s.provider.EastMoneyStockProvider  : Failed to fetch concepts for stock. code=301178, market=SZ, message=403 Forbidden: "<h1>Nginx forbidden.</h1> <br/>request info: 240e:b87:1f6:d800:a504:b4a9:1b4d:4897<EOL>"
2026-04-21T23:01:50.867+08:00  WARN 20416 --- [inker] [nio-8083-exec-3] c.i.b.s.provider.EastMoneyStockProvider  : Failed to fetch concepts for stock. code=301179, market=SZ, message=403 Forbidden: "<h1>Nginx forbidden.</h1> <br/>request info: 240e:b87:1f6:d800:a504:b4a9:1b4d:4897<EOL>"
2026-04-21T23:01:50.913+08:00  WARN 20416 --- [inker] [nio-8083-exec-3] c.i.b.s.provider.EastMoneyStockProvider  : Failed to fetch concepts for stock. code=301180, market=SZ, message=403 Forbidden: "<h1>Nginx forbidden.</h1> <br/>request info: 240e:b87:1f6:d800:a504:b4a9:1b4d:4897<EOL>"
2026-04-21T23:01:50.962+08:00  WARN 20416 --- [inker] [nio-8083-exec-3] c.i.b.s.provider.EastMoneyStockProvider  : Failed to fetch concepts for stock. code=301181, market=SZ, message=403 Forbidden: "<h1>Nginx forbidden.</h1> <br/>request info: 240e:b87:1f6:d800:a504:b4a9:1b4d:4897<EOL>"
2026-04-21T23:01:51.010+08:00  WARN 20416 --- [inker] [nio-8083-exec-3] c.i.b.s.provider.EastMoneyStockProvider  : Failed to fetch concepts for stock. code=301182, market=SZ, message=403 Forbidden: "<h1>Nginx forbidden.</h1> <br/>request info: 240e:b87:1f6:d800:a504:b4a9:1b4d:4897<EOL>"
2026-04-21T23:01:51.057+08:00  WARN 20416 --- [inker] [nio-8083-exec-3] c.i.b.s.provider.EastMoneyStockProvider  : Failed to fetch concepts for stock. code=301183, market=SZ, message=403 Forbidden: "<h1>Nginx forbidden.</h1> <br/>request info: 240e:b87:1f6:d800:a504:b4a9:1b4d:4897<EOL>"
2026-04-21T23:01:51.104+08:00  WARN 20416 --- [inker] [nio-8083-exec-3] c.i.b.s.provider.EastMoneyStockProvider  : Failed to fetch concepts for stock. code=301185, market=SZ, message=403 Forbidden: "<h1>Nginx forbidden.</h1> <br/>request info: 240e:b87:1f6:d800:a504:b4a9:1b4d:4897<EOL>"
2026-04-21T23:01:51.154+08:00  WARN 20416 --- [inker] [nio-8083-exec-3] c.i.b.s.provider.EastMoneyStockProvider  : Failed to fetch concepts for stock. code=301186, market=SZ, message=403 Forbidden: "<h1>Nginx forbidden.</h1> <br/>request info: 240e:b87:1f6:d800:a504:b4a9:1b4d:4897<EOL>"
2026-04-21T23:01:51.205+08:00  WARN 20416 --- [inker] [nio-8083-exec-3] c.i.b.s.provider.EastMoneyStockProvider  : Failed to fetch concepts for stock. code=301187, market=SZ, message=403 Forbidden: "<h1>Nginx forbidden.</h1> <br/>request info: 240e:b87:1f6:d800:a504:b4a9:1b4d:4897<EOL>"
2026-04-21T23:01:51.255+08:00  WARN 20416 --- [inker] [nio-8083-exec-3] c.i.b.s.provider.EastMoneyStockProvider  : Failed to fetch concepts for stock. code=301188, market=SZ, message=403 Forbidden: "<h1>Nginx forbidden.</h1> <br/>request info: 240e:b87:1f6:d800:a504:b4a9:1b4d:4897<EOL>"
2026-04-21T23:01:51.303+08:00  WARN 20416 --- [inker] [nio-8083-exec-3] c.i.b.s.provider.EastMoneyStockProvider  : Failed to fetch concepts for stock. code=301189, market=SZ, message=403 Forbidden: "<h1>Nginx forbidden.</h1> <br/>request info: 240e:b87:1f6:d800:a504:b4a9:1b4d:4897<EOL>"
2026-04-21T23:01:51.383+08:00  WARN 20416 --- [inker] [nio-8083-exec-3] c.i.b.s.provider.EastMoneyStockProvider  : Failed to fetch concepts for stock. code=301190, market=SZ, message=403 Forbidden: "<h1>Nginx forbidden.</h1> <br/>request info: 240e:b87:1f6:d800:a504:b4a9:1b4d:4897<EOL>"
2026-04-21T23:01:51.431+08:00  WARN 20416 --- [inker] [nio-8083-exec-3] c.i.b.s.provider.EastMoneyStockProvider  : Failed to fetch concepts for stock. code=301191, market=SZ, message=403 Forbidden: "<h1>Nginx forbidden.</h1> <br/>request info: 240e:b87:1f6:d800:a504:b4a9:1b4d:4897<EOL>"
2026-04-21T23:01:51.479+08:00  WARN 20416 --- [inker] [nio-8083-exec-3] c.i.b.s.provider.EastMoneyStockProvider  : Failed to fetch concepts for stock. code=301192, market=SZ, message=403 Forbidden: "<h1>Nginx forbidden.</h1> <br/>request info: 240e:b87:1f6:d800:a504:b4a9:1b4d:4897<EOL>"
2026-04-21T23:01:51.525+08:00  WARN 20416 --- [inker] [nio-8083-exec-3] c.i.b.s.provider.EastMoneyStockProvider  : Failed to fetch concepts for stock. code=301193, market=SZ, message=403 Forbidden: "<h1>Nginx forbidden.</h1> <br/>request info: 240e:b87:1f6:d800:a504:b4a9:1b4d:4897<EOL>"
2026-04-21T23:01:51.574+08:00  WARN 20416 --- [inker] [nio-8083-exec-3] c.i.b.s.provider.EastMoneyStockProvider  : Failed to fetch concepts for stock. code=301195, market=SZ, message=403 Forbidden: "<h1>Nginx forbidden.</h1> <br/>request info: 240e:b87:1f6:d800:a504:b4a9:1b4d:4897<EOL>"
2026-04-21T23:01:51.622+08:00  WARN 20416 --- [inker] [nio-8083-exec-3] c.i.b.s.provider.EastMoneyStockProvider  : Failed to fetch concepts for stock. code=301196, market=SZ, message=403 Forbidden: "<h1>Nginx forbidden.</h1> <br/>request info: 240e:b87:1f6:d800:a504:b4a9:1b4d:4897<EOL>"
2026-04-21T23:01:51.668+08:00  WARN 20416 --- [inker] [nio-8083-exec-3] c.i.b.s.provider.EastMoneyStockProvider  : Failed to fetch concepts for stock. code=301197, market=SZ, message=403 Forbidden: "<h1>Nginx forbidden.</h1> <br/>request info: 240e:b87:1f6:d800:a504:b4a9:1b4d:4897<EOL>"
2026-04-21T23:01:51.713+08:00  WARN 20416 --- [inker] [nio-8083-exec-3] c.i.b.s.provider.EastMoneyStockProvider  : Failed to fetch concepts for stock. code=301198, market=SZ, message=403 Forbidden: "<h1>Nginx forbidden.</h1> <br/>request info: 240e:b87:1f6:d800:a504:b4a9:1b4d:4897<EOL>"
2026-04-21T23:01:51.764+08:00  WARN 20416 --- [inker] [nio-8083-exec-3] c.i.b.s.provider.EastMoneyStockProvider  : Failed to fetch concepts for stock. code=301199, market=SZ, message=403 Forbidden: "<h1>Nginx forbidden.</h1> <br/>request info: 240e:b87:1f6:d800:a504:b4a9:1b4d:4897<EOL>"
2026-04-21T23:01:51.815+08:00  WARN 20416 --- [inker] [nio-8083-exec-3] c.i.b.s.provider.EastMoneyStockProvider  : Failed to fetch concepts for stock. code=301200, market=SZ, message=403 Forbidden: "<h1>Nginx forbidden.</h1> <br/>request info: 240e:b87:1f6:d800:a504:b4a9:1b4d:4897<EOL>"
2026-04-21T23:01:51.865+08:00  WARN 20416 --- [inker] [nio-8083-exec-3] c.i.b.s.provider.EastMoneyStockProvider  : Failed to fetch concepts for stock. code=301201, market=SZ, message=403 Forbidden: "<h1>Nginx forbidden.</h1> <br/>request info: 240e:b87:1f6:d800:a504:b4a9:1b4d:4897<EOL>"
2026-04-21T23:01:51.914+08:00  WARN 20416 --- [inker] [nio-8083-exec-3] c.i.b.s.provider.EastMoneyStockProvider  : Failed to fetch concepts for stock. code=301202, market=SZ, message=403 Forbidden: "<h1>Nginx forbidden.</h1> <br/>request info: 240e:b87:1f6:d800:a504:b4a9:1b4d:4897<EOL>"
2026-04-21T23:01:51.960+08:00  WARN 20416 --- [inker] [nio-8083-exec-3] c.i.b.s.provider.EastMoneyStockProvider  : Failed to fetch concepts for stock. code=301203, market=SZ, message=403 Forbidden: "<h1>Nginx forbidden.</h1> <br/>request info: 240e:b87:1f6:d800:a504:b4a9:1b4d:4897<EOL>"
2026-04-21T23:01:52.005+08:00  WARN 20416 --- [inker] [nio-8083-exec-3] c.i.b.s.provider.EastMoneyStockProvider  : Failed to fetch concepts for stock. code=301205, market=SZ, message=403 Forbidden: "<h1>Nginx forbidden.</h1> <br/>request info: 240e:b87:1f6:d800:a504:b4a9:1b4d:4897<EOL>"
2026-04-21T23:01:52.050+08:00  WARN 20416 --- [inker] [nio-8083-exec-3] c.i.b.s.provider.EastMoneyStockProvider  : Failed to fetch concepts for stock. code=301206, market=SZ, message=403 Forbidden: "<h1>Nginx forbidden.</h1> <br/>request info: 240e:b87:1f6:d800:a504:b4a9:1b4d:4897<EOL>"
2026-04-21T23:01:52.097+08:00  WARN 20416 --- [inker] [nio-8083-exec-3] c.i.b.s.provider.EastMoneyStockProvider  : Failed to fetch concepts for stock. code=301207, market=SZ, message=403 Forbidden: "<h1>Nginx forbidden.</h1> <br/>request info: 240e:b87:1f6:d800:a504:b4a9:1b4d:4897<EOL>"
2026-04-21T23:01:52.152+08:00  WARN 20416 --- [inker] [nio-8083-exec-3] c.i.b.s.provider.EastMoneyStockProvider  : Failed to fetch concepts for stock. code=301208, market=SZ, message=403 Forbidden: "<h1>Nginx forbidden.</h1> <br/>request info: 240e:b87:1f6:d800:a504:b4a9:1b4d:4897<EOL>"
2026-04-21T23:01:52.202+08:00  WARN 20416 --- [inker] [nio-8083-exec-3] c.i.b.s.provider.EastMoneyStockProvider  : Failed to fetch concepts for stock. code=301209, market=SZ, message=403 Forbidden: "<h1>Nginx forbidden.</h1> <br/>request info: 240e:b87:1f6:d800:a504:b4a9:1b4d:4897<EOL>"
2026-04-21T23:01:52.249+08:00  WARN 20416 --- [inker] [nio-8083-exec-3] c.i.b.s.provider.EastMoneyStockProvider  : Failed to fetch concepts for stock. code=301210, market=SZ, message=403 Forbidden: "<h1>Nginx forbidden.</h1> <br/>request info: 240e:b87:1f6:d800:a504:b4a9:1b4d:4897<EOL>"
2026-04-21T23:01:52.296+08:00  WARN 20416 --- [inker] [nio-8083-exec-3] c.i.b.s.provider.EastMoneyStockProvider  : Failed to fetch concepts for stock. code=301211, market=SZ, message=403 Forbidden: "<h1>Nginx forbidden.</h1> <br/>request info: 240e:b87:1f6:d800:a504:b4a9:1b4d:4897<EOL>"
2026-04-21T23:01:52.344+08:00  WARN 20416 --- [inker] [nio-8083-exec-3] c.i.b.s.provider.EastMoneyStockProvider  : Failed to fetch concepts for stock. code=301212, market=SZ, message=403 Forbidden: "<h1>Nginx forbidden.</h1> <br/>request info: 240e:b87:1f6:d800:a504:b4a9:1b4d:4897<EOL>"
2026-04-21T23:01:52.396+08:00  WARN 20416 --- [inker] [nio-8083-exec-3] c.i.b.s.provider.EastMoneyStockProvider  : Failed to fetch concepts for stock. code=301213, market=SZ, message=403 Forbidden: "<h1>Nginx forbidden.</h1> <br/>request info: 240e:b87:1f6:d800:a504:b4a9:1b4d:4897<EOL>"
2026-04-21T23:01:52.444+08:00  WARN 20416 --- [inker] [nio-8083-exec-3] c.i.b.s.provider.EastMoneyStockProvider  : Failed to fetch concepts for stock. code=301215, market=SZ, message=403 Forbidden: "<h1>Nginx forbidden.</h1> <br/>request info: 240e:b87:1f6:d800:a504:b4a9:1b4d:4897<EOL>"
2026-04-21T23:01:52.515+08:00  WARN 20416 --- [inker] [nio-8083-exec-3] c.i.b.s.provider.EastMoneyStockProvider  : Failed to fetch concepts for stock. code=301216, market=SZ, message=403 Forbidden: "<h1>Nginx forbidden.</h1> <br/>request info: 240e:b87:1f6:d800:a504:b4a9:1b4d:4897<EOL>"
2026-04-21T23:01:52.578+08:00  WARN 20416 --- [inker] [nio-8083-exec-3] c.i.b.s.provider.EastMoneyStockProvider  : Failed to fetch concepts for stock. code=301217, market=SZ, message=403 Forbidden: "<h1>Nginx forbidden.</h1> <br/>request info: 240e:b87:1f6:d800:a504:b4a9:1b4d:4897<EOL>"
2026-04-21T23:01:52.626+08:00  WARN 20416 --- [inker] [nio-8083-exec-3] c.i.b.s.provider.EastMoneyStockProvider  : Failed to fetch concepts for stock. code=301218, market=SZ, message=403 Forbidden: "<h1>Nginx forbidden.</h1> <br/>request info: 240e:b87:1f6:d800:a504:b4a9:1b4d:4897<EOL>"
2026-04-21T23:01:52.693+08:00  WARN 20416 --- [inker] [nio-8083-exec-3] c.i.b.s.provider.EastMoneyStockProvider  : Failed to fetch concepts for stock. code=301219, market=SZ, message=403 Forbidden: "<h1>Nginx forbidden.</h1> <br/>request info: 240e:b87:1f6:d800:a504:b4a9:1b4d:4897<EOL>"
2026-04-21T23:01:52.740+08:00  WARN 20416 --- [inker] [nio-8083-exec-3] c.i.b.s.provider.EastMoneyStockProvider  : Failed to fetch concepts for stock. code=301220, market=SZ, message=403 Forbidden: "<h1>Nginx forbidden.</h1> <br/>request info: 240e:b87:1f6:d800:a504:b4a9:1b4d:4897<EOL>"
2026-04-21T23:01:52.791+08:00  WARN 20416 --- [inker] [nio-8083-exec-3] c.i.b.s.provider.EastMoneyStockProvider  : Failed to fetch concepts for stock. code=301221, market=SZ, message=403 Forbidden: "<h1>Nginx forbidden.</h1> <br/>request info: 240e:b87:1f6:d800:a504:b4a9:1b4d:4897<EOL>"
2026-04-21T23:01:52.838+08:00  WARN 20416 --- [inker] [nio-8083-exec-3] c.i.b.s.provider.EastMoneyStockProvider  : Failed to fetch concepts for stock. code=301222, market=SZ, message=403 Forbidden: "<h1>Nginx forbidden.</h1> <br/>request info: 240e:b87:1f6:d800:a504:b4a9:1b4d:4897<EOL>"
2026-04-21T23:01:52.890+08:00  WARN 20416 --- [inker] [nio-8083-exec-3] c.i.b.s.provider.EastMoneyStockProvider  : Failed to fetch concepts for stock. code=301223, market=SZ, message=403 Forbidden: "<h1>Nginx forbidden.</h1> <br/>request info: 240e:b87:1f6:d800:a504:b4a9:1b4d:4897<EOL>"
2026-04-21T23:01:52.939+08:00  WARN 20416 --- [inker] [nio-8083-exec-3] c.i.b.s.provider.EastMoneyStockProvider  : Failed to fetch concepts for stock. code=301225, market=SZ, message=403 Forbidden: "<h1>Nginx forbidden.</h1> <br/>request info: 240e:b87:1f6:d800:a504:b4a9:1b4d:4897<EOL>"
2026-04-21T23:01:52.984+08:00  WARN 20416 --- [inker] [nio-8083-exec-3] c.i.b.s.provider.EastMoneyStockProvider  : Failed to fetch concepts for stock. code=301226, market=SZ, message=403 Forbidden: "<h1>Nginx forbidden.</h1> <br/>request info: 240e:b87:1f6:d800:a504:b4a9:1b4d:4897<EOL>"
2026-04-21T23:01:53.030+08:00  WARN 20416 --- [inker] [nio-8083-exec-3] c.i.b.s.provider.EastMoneyStockProvider  : Failed to fetch concepts for stock. code=301227, market=SZ, message=403 Forbidden: "<h1>Nginx forbidden.</h1> <br/>request info: 240e:b87:1f6:d800:a504:b4a9:1b4d:4897<EOL>"
2026-04-21T23:01:53.082+08:00  WARN 20416 --- [inker] [nio-8083-exec-3] c.i.b.s.provider.EastMoneyStockProvider  : Failed to fetch concepts for stock. code=301228, market=SZ, message=403 Forbidden: "<h1>Nginx forbidden.</h1> <br/>request info: 240e:b87:1f6:d800:a504:b4a9:1b4d:4897<EOL>"
2026-04-21T23:01:53.128+08:00  WARN 20416 --- [inker] [nio-8083-exec-3] c.i.b.s.provider.EastMoneyStockProvider  : Failed to fetch concepts for stock. code=301229, market=SZ, message=403 Forbidden: "<h1>Nginx forbidden.</h1> <br/>request info: 240e:b87:1f6:d800:a504:b4a9:1b4d:4897<EOL>"
2026-04-21T23:01:53.175+08:00  WARN 20416 --- [inker] [nio-8083-exec-3] c.i.b.s.provider.EastMoneyStockProvider  : Failed to fetch concepts for stock. code=301230, market=SZ, message=403 Forbidden: "<h1>Nginx forbidden.</h1> <br/>request info: 240e:b87:1f6:d800:a504:b4a9:1b4d:4897<EOL>"
2026-04-21T23:01:53.229+08:00  WARN 20416 --- [inker] [nio-8083-exec-3] c.i.b.s.provider.EastMoneyStockProvider  : Failed to fetch concepts for stock. code=301231, market=SZ, message=403 Forbidden: "<h1>Nginx forbidden.</h1> <br/>request info: 240e:b87:1f6:d800:a504:b4a9:1b4d:4897<EOL>"
2026-04-21T23:01:53.276+08:00  WARN 20416 --- [inker] [nio-8083-exec-3] c.i.b.s.provider.EastMoneyStockProvider  : Failed to fetch concepts for stock. code=301232, market=SZ, message=403 Forbidden: "<h1>Nginx forbidden.</h1> <br/>request info: 240e:b87:1f6:d800:a504:b4a9:1b4d:4897<EOL>"
2026-04-21T23:01:53.323+08:00  WARN 20416 --- [inker] [nio-8083-exec-3] c.i.b.s.provider.EastMoneyStockProvider  : Failed to fetch concepts for stock. code=301233, market=SZ, message=403 Forbidden: "<h1>Nginx forbidden.</h1> <br/>request info: 240e:b87:1f6:d800:a504:b4a9:1b4d:4897<EOL>"
2026-04-21T23:01:53.385+08:00  WARN 20416 --- [inker] [nio-8083-exec-3] c.i.b.s.provider.EastMoneyStockProvider  : Failed to fetch concepts for stock. code=301234, market=SZ, message=403 Forbidden: "<h1>Nginx forbidden.</h1> <br/>request info: 240e:b87:1f6:d800:a504:b4a9:1b4d:4897<EOL>"
2026-04-21T23:01:53.437+08:00  WARN 20416 --- [inker] [nio-8083-exec-3] c.i.b.s.provider.EastMoneyStockProvider  : Failed to fetch concepts for stock. code=301235, market=SZ, message=403 Forbidden: "<h1>Nginx forbidden.</h1> <br/>request info: 240e:b87:1f6:d800:a504:b4a9:1b4d:4897<EOL>"
2026-04-21T23:01:53.487+08:00  WARN 20416 --- [inker] [nio-8083-exec-3] c.i.b.s.provider.EastMoneyStockProvider  : Failed to fetch concepts for stock. code=301236, market=SZ, message=403 Forbidden: "<h1>Nginx forbidden.</h1> <br/>request info: 240e:b87:1f6:d800:a504:b4a9:1b4d:4897<EOL>"
2026-04-21T23:01:53.538+08:00  WARN 20416 --- [inker] [nio-8083-exec-3] c.i.b.s.provider.EastMoneyStockProvider  : Failed to fetch concepts for stock. code=301237, market=SZ, message=403 Forbidden: "<h1>Nginx forbidden.</h1> <br/>request info: 240e:b87:1f6:d800:a504:b4a9:1b4d:4897<EOL>"
2026-04-21T23:01:53.585+08:00  WARN 20416 --- [inker] [nio-8083-exec-3] c.i.b.s.provider.EastMoneyStockProvider  : Failed to fetch concepts for stock. code=301238, market=SZ, message=403 Forbidden: "<h1>Nginx forbidden.</h1> <br/>request info: 240e:b87:1f6:d800:a504:b4a9:1b4d:4897<EOL>"
2026-04-21T23:01:53.635+08:00  WARN 20416 --- [inker] [nio-8083-exec-3] c.i.b.s.provider.EastMoneyStockProvider  : Failed to fetch concepts for stock. code=301239, market=SZ, message=403 Forbidden: "<h1>Nginx forbidden.</h1> <br/>request info: 240e:b87:1f6:d800:a504:b4a9:1b4d:4897<EOL>"
2026-04-21T23:01:53.682+08:00  WARN 20416 --- [inker] [nio-8083-exec-3] c.i.b.s.provider.EastMoneyStockProvider  : Failed to fetch concepts for stock. code=301246, market=SZ, message=403 Forbidden: "<h1>Nginx forbidden.</h1> <br/>request info: 240e:b87:1f6:d800:a504:b4a9:1b4d:4897<EOL>"
2026-04-21T23:01:53.728+08:00  WARN 20416 --- [inker] [nio-8083-exec-3] c.i.b.s.provider.EastMoneyStockProvider  : Failed to fetch concepts for stock. code=301248, market=SZ, message=403 Forbidden: "<h1>Nginx forbidden.</h1> <br/>request info: 240e:b87:1f6:d800:a504:b4a9:1b4d:4897<EOL>"
2026-04-21T23:01:53.780+08:00  WARN 20416 --- [inker] [nio-8083-exec-3] c.i.b.s.provider.EastMoneyStockProvider  : Failed to fetch concepts for stock. code=301251, market=SZ, message=403 Forbidden: "<h1>Nginx forbidden.</h1> <br/>request info: 240e:b87:1f6:d800:a504:b4a9:1b4d:4897<EOL>"
2026-04-21T23:01:53.828+08:00  WARN 20416 --- [inker] [nio-8083-exec-3] c.i.b.s.provider.EastMoneyStockProvider  : Failed to fetch concepts for stock. code=301252, market=SZ, message=403 Forbidden: "<h1>Nginx forbidden.</h1> <br/>request info: 240e:b87:1f6:d800:a504:b4a9:1b4d:4897<EOL>"
2026-04-21T23:01:53.874+08:00  WARN 20416 --- [inker] [nio-8083-exec-3] c.i.b.s.provider.EastMoneyStockProvider  : Failed to fetch concepts for stock. code=301255, market=SZ, message=403 Forbidden: "<h1>Nginx forbidden.</h1> <br/>request info: 240e:b87:1f6:d800:a504:b4a9:1b4d:4897<EOL>"
2026-04-21T23:01:53.922+08:00  WARN 20416 --- [inker] [nio-8083-exec-3] c.i.b.s.provider.EastMoneyStockProvider  : Failed to fetch concepts for stock. code=301256, market=SZ, message=403 Forbidden: "<h1>Nginx forbidden.</h1> <br/>request info: 240e:b87:1f6:d800:a504:b4a9:1b4d:4897<EOL>"
2026-04-21T23:01:53.970+08:00  WARN 20416 --- [inker] [nio-8083-exec-3] c.i.b.s.provider.EastMoneyStockProvider  : Failed to fetch concepts for stock. code=301257, market=SZ, message=403 Forbidden: "<h1>Nginx forbidden.</h1> <br/>request info: 240e:b87:1f6:d800:a504:b4a9:1b4d:4897<EOL>"
2026-04-21T23:01:54.017+08:00  WARN 20416 --- [inker] [nio-8083-exec-3] c.i.b.s.provider.EastMoneyStockProvider  : Failed to fetch concepts for stock. code=301258, market=SZ, message=403 Forbidden: "<h1>Nginx forbidden.</h1> <br/>request info: 240e:b87:1f6:d800:a504:b4a9:1b4d:4897<EOL>"
2026-04-21T23:01:54.065+08:00  WARN 20416 --- [inker] [nio-8083-exec-3] c.i.b.s.provider.EastMoneyStockProvider  : Failed to fetch concepts for stock. code=301259, market=SZ, message=403 Forbidden: "<h1>Nginx forbidden.</h1> <br/>request info: 240e:b87:1f6:d800:a504:b4a9:1b4d:4897<EOL>"
2026-04-21T23:01:54.116+08:00  WARN 20416 --- [inker] [nio-8083-exec-3] c.i.b.s.provider.EastMoneyStockProvider  : Failed to fetch concepts for stock. code=301260, market=SZ, message=403 Forbidden: "<h1>Nginx forbidden.</h1> <br/>request info: 240e:b87:1f6:d800:a504:b4a9:1b4d:4897<EOL>"
2026-04-21T23:01:54.163+08:00  WARN 20416 --- [inker] [nio-8083-exec-3] c.i.b.s.provider.EastMoneyStockProvider  : Failed to fetch concepts for stock. code=301261, market=SZ, message=403 Forbidden: "<h1>Nginx forbidden.</h1> <br/>request info: 240e:b87:1f6:d800:a504:b4a9:1b4d:4897<EOL>"
2026-04-21T23:01:54.213+08:00  WARN 20416 --- [inker] [nio-8083-exec-3] c.i.b.s.provider.EastMoneyStockProvider  : Failed to fetch concepts for stock. code=301262, market=SZ, message=403 Forbidden: "<h1>Nginx forbidden.</h1> <br/>request info: 240e:b87:1f6:d800:a504:b4a9:1b4d:4897<EOL>"
2026-04-21T23:01:54.259+08:00  WARN 20416 --- [inker] [nio-8083-exec-3] c.i.b.s.provider.EastMoneyStockProvider  : Failed to fetch concepts for stock. code=301263, market=SZ, message=403 Forbidden: "<h1>Nginx forbidden.</h1> <br/>request info: 240e:b87:1f6:d800:a504:b4a9:1b4d:4897<EOL>"
2026-04-21T23:01:54.308+08:00  WARN 20416 --- [inker] [nio-8083-exec-3] c.i.b.s.provider.EastMoneyStockProvider  : Failed to fetch concepts for stock. code=301265, market=SZ, message=403 Forbidden: "<h1>Nginx forbidden.</h1> <br/>request info: 240e:b87:1f6:d800:a504:b4a9:1b4d:4897<EOL>"
2026-04-21T23:01:54.384+08:00  WARN 20416 --- [inker] [nio-8083-exec-3] c.i.b.s.provider.EastMoneyStockProvider  : Failed to fetch concepts for stock. code=301266, market=SZ, message=403 Forbidden: "<h1>Nginx forbidden.</h1> <br/>request info: 240e:b87:1f6:d800:a504:b4a9:1b4d:4897<EOL>"
2026-04-21T23:01:54.434+08:00  WARN 20416 --- [inker] [nio-8083-exec-3] c.i.b.s.provider.EastMoneyStockProvider  : Failed to fetch concepts for stock. code=301267, market=SZ, message=403 Forbidden: "<h1>Nginx forbidden.</h1> <br/>request info: 240e:b87:1f6:d800:a504:b4a9:1b4d:4897<EOL>"
2026-04-21T23:01:54.480+08:00  WARN 20416 --- [inker] [nio-8083-exec-3] c.i.b.s.provider.EastMoneyStockProvider  : Failed to fetch concepts for stock. code=301268, market=SZ, message=403 Forbidden: "<h1>Nginx forbidden.</h1> <br/>request info: 240e:b87:1f6:d800:a504:b4a9:1b4d:4897<EOL>"
2026-04-21T23:01:54.527+08:00  WARN 20416 --- [inker] [nio-8083-exec-3] c.i.b.s.provider.EastMoneyStockProvider  : Failed to fetch concepts for stock. code=301269, market=SZ, message=403 Forbidden: "<h1>Nginx forbidden.</h1> <br/>request info: 240e:b87:1f6:d800:a504:b4a9:1b4d:4897<EOL>"
2026-04-21T23:01:54.576+08:00  WARN 20416 --- [inker] [nio-8083-exec-3] c.i.b.s.provider.EastMoneyStockProvider  : Failed to fetch concepts for stock. code=301270, market=SZ, message=403 Forbidden: "<h1>Nginx forbidden.</h1> <br/>request info: 240e:b87:1f6:d800:a504:b4a9:1b4d:4897<EOL>"
2026-04-21T23:01:54.625+08:00  WARN 20416 --- [inker] [nio-8083-exec-3] c.i.b.s.provider.EastMoneyStockProvider  : Failed to fetch concepts for stock. code=301272, market=SZ, message=403 Forbidden: "<h1>Nginx forbidden.</h1> <br/>request info: 240e:b87:1f6:d800:a504:b4a9:1b4d:4897<EOL>"
2026-04-21T23:01:54.676+08:00  WARN 20416 --- [inker] [nio-8083-exec-3] c.i.b.s.provider.EastMoneyStockProvider  : Failed to fetch concepts for stock. code=301273, market=SZ, message=403 Forbidden: "<h1>Nginx forbidden.</h1> <br/>request info: 240e:b87:1f6:d800:a504:b4a9:1b4d:4897<EOL>"
2026-04-21T23:01:54.727+08:00  WARN 20416 --- [inker] [nio-8083-exec-3] c.i.b.s.provider.EastMoneyStockProvider  : Failed to fetch concepts for stock. code=301275, market=SZ, message=403 Forbidden: "<h1>Nginx forbidden.</h1> <br/>request info: 240e:b87:1f6:d800:a504:b4a9:1b4d:4897<EOL>"
2026-04-21T23:01:54.782+08:00  WARN 20416 --- [inker] [nio-8083-exec-3] c.i.b.s.provider.EastMoneyStockProvider  : Failed to fetch concepts for stock. code=301276, market=SZ, message=403 Forbidden: "<h1>Nginx forbidden.</h1> <br/>request info: 240e:b87:1f6:d800:a504:b4a9:1b4d:4897<EOL>"
2026-04-21T23:01:54.830+08:00  WARN 20416 --- [inker] [nio-8083-exec-3] c.i.b.s.provider.EastMoneyStockProvider  : Failed to fetch concepts for stock. code=301277, market=SZ, message=403 Forbidden: "<h1>Nginx forbidden.</h1> <br/>request info: 240e:b87:1f6:d800:a504:b4a9:1b4d:4897<EOL>"
2026-04-21T23:01:54.878+08:00  WARN 20416 --- [inker] [nio-8083-exec-3] c.i.b.s.provider.EastMoneyStockProvider  : Failed to fetch concepts for stock. code=301278, market=SZ, message=403 Forbidden: "<h1>Nginx forbidden.</h1> <br/>request info: 240e:b87:1f6:d800:a504:b4a9:1b4d:4897<EOL>"
2026-04-21T23:01:54.948+08:00  WARN 20416 --- [inker] [nio-8083-exec-3] c.i.b.s.provider.EastMoneyStockProvider  : Failed to fetch concepts for stock. code=301279, market=SZ, message=403 Forbidden: "<h1>Nginx forbidden.</h1> <br/>request info: 240e:b87:1f6:d800:a504:b4a9:1b4d:4897<EOL>"
2026-04-21T23:01:54.995+08:00  WARN 20416 --- [inker] [nio-8083-exec-3] c.i.b.s.provider.EastMoneyStockProvider  : Failed to fetch concepts for stock. code=301280, market=SZ, message=403 Forbidden: "<h1>Nginx forbidden.</h1> <br/>request info: 240e:b87:1f6:d800:a504:b4a9:1b4d:4897<EOL>"
2026-04-21T23:01:55.049+08:00  WARN 20416 --- [inker] [nio-8083-exec-3] c.i.b.s.provider.EastMoneyStockProvider  : Failed to fetch concepts for stock. code=301281, market=SZ, message=403 Forbidden: "<h1>Nginx forbidden.</h1> <br/>request info: 240e:b87:1f6:d800:a504:b4a9:1b4d:4897<EOL>"
2026-04-21T23:01:55.095+08:00  WARN 20416 --- [inker] [nio-8083-exec-3] c.i.b.s.provider.EastMoneyStockProvider  : Failed to fetch concepts for stock. code=301282, market=SZ, message=403 Forbidden: "<h1>Nginx forbidden.</h1> <br/>request info: 240e:b87:1f6:d800:a504:b4a9:1b4d:4897<EOL>"
2026-04-21T23:01:55.140+08:00  WARN 20416 --- [inker] [nio-8083-exec-3] c.i.b.s.provider.EastMoneyStockProvider  : Failed to fetch concepts for stock. code=301283, market=SZ, message=403 Forbidden: "<h1>Nginx forbidden.</h1> <br/>request info: 240e:b87:1f6:d800:a504:b4a9:1b4d:4897<EOL>"
2026-04-21T23:01:55.191+08:00  WARN 20416 --- [inker] [nio-8083-exec-3] c.i.b.s.provider.EastMoneyStockProvider  : Failed to fetch concepts for stock. code=301285, market=SZ, message=403 Forbidden: "<h1>Nginx forbidden.</h1> <br/>request info: 240e:b87:1f6:d800:a504:b4a9:1b4d:4897<EOL>"
2026-04-21T23:01:55.238+08:00  WARN 20416 --- [inker] [nio-8083-exec-3] c.i.b.s.provider.EastMoneyStockProvider  : Failed to fetch concepts for stock. code=301286, market=SZ, message=403 Forbidden: "<h1>Nginx forbidden.</h1> <br/>request info: 240e:b87:1f6:d800:a504:b4a9:1b4d:4897<EOL>"
2026-04-21T23:01:55.287+08:00  WARN 20416 --- [inker] [nio-8083-exec-3] c.i.b.s.provider.EastMoneyStockProvider  : Failed to fetch concepts for stock. code=301287, market=SZ, message=403 Forbidden: "<h1>Nginx forbidden.</h1> <br/>request info: 240e:b87:1f6:d800:a504:b4a9:1b4d:4897<EOL>"
2026-04-21T23:01:55.335+08:00  WARN 20416 --- [inker] [nio-8083-exec-3] c.i.b.s.provider.EastMoneyStockProvider  : Failed to fetch concepts for stock. code=301289, market=SZ, message=403 Forbidden: "<h1>Nginx forbidden.</h1> <br/>request info: 240e:b87:1f6:d800:a504:b4a9:1b4d:4897<EOL>"
2026-04-21T23:01:55.386+08:00  WARN 20416 --- [inker] [nio-8083-exec-3] c.i.b.s.provider.EastMoneyStockProvider  : Failed to fetch concepts for stock. code=301290, market=SZ, message=403 Forbidden: "<h1>Nginx forbidden.</h1> <br/>request info: 240e:b87:1f6:d800:a504:b4a9:1b4d:4897<EOL>"
2026-04-21T23:01:55.432+08:00  WARN 20416 --- [inker] [nio-8083-exec-3] c.i.b.s.provider.EastMoneyStockProvider  : Failed to fetch concepts for stock. code=301291, market=SZ, message=403 Forbidden: "<h1>Nginx forbidden.</h1> <br/>request info: 240e:b87:1f6:d800:a504:b4a9:1b4d:4897<EOL>"
2026-04-21T23:01:55.508+08:00  WARN 20416 --- [inker] [nio-8083-exec-3] c.i.b.s.provider.EastMoneyStockProvider  : Failed to fetch concepts for stock. code=301292, market=SZ, message=403 Forbidden: "<h1>Nginx forbidden.</h1> <br/>request info: 240e:b87:1f6:d800:a504:b4a9:1b4d:4897<EOL>"
2026-04-21T23:01:55.556+08:00  WARN 20416 --- [inker] [nio-8083-exec-3] c.i.b.s.provider.EastMoneyStockProvider  : Failed to fetch concepts for stock. code=301293, market=SZ, message=403 Forbidden: "<h1>Nginx forbidden.</h1> <br/>request info: 240e:b87:1f6:d800:a504:b4a9:1b4d:4897<EOL>"
2026-04-21T23:01:55.617+08:00  WARN 20416 --- [inker] [nio-8083-exec-3] c.i.b.s.provider.EastMoneyStockProvider  : Failed to fetch concepts for stock. code=301295, market=SZ, message=403 Forbidden: "<h1>Nginx forbidden.</h1> <br/>request info: 240e:b87:1f6:d800:a504:b4a9:1b4d:4897<EOL>"
2026-04-21T23:01:55.662+08:00  WARN 20416 --- [inker] [nio-8083-exec-3] c.i.b.s.provider.EastMoneyStockProvider  : Failed to fetch concepts for stock. code=301296, market=SZ, message=403 Forbidden: "<h1>Nginx forbidden.</h1> <br/>request info: 240e:b87:1f6:d800:a504:b4a9:1b4d:4897<EOL>"
2026-04-21T23:01:55.710+08:00  WARN 20416 --- [inker] [nio-8083-exec-3] c.i.b.s.provider.EastMoneyStockProvider  : Failed to fetch concepts for stock. code=301297, market=SZ, message=403 Forbidden: "<h1>Nginx forbidden.</h1> <br/>request info: 240e:b87:1f6:d800:a504:b4a9:1b4d:4897<EOL>"
2026-04-21T23:01:55.758+08:00  WARN 20416 --- [inker] [nio-8083-exec-3] c.i.b.s.provider.EastMoneyStockProvider  : Failed to fetch concepts for stock. code=301298, market=SZ, message=403 Forbidden: "<h1>Nginx forbidden.</h1> <br/>request info: 240e:b87:1f6:d800:a504:b4a9:1b4d:4897<EOL>"
2026-04-21T23:01:55.804+08:00  WARN 20416 --- [inker] [nio-8083-exec-3] c.i.b.s.provider.EastMoneyStockProvider  : Failed to fetch concepts for stock. code=301299, market=SZ, message=403 Forbidden: "<h1>Nginx forbidden.</h1> <br/>request info: 240e:b87:1f6:d800:a504:b4a9:1b4d:4897<EOL>"
2026-04-21T23:01:55.851+08:00  WARN 20416 --- [inker] [nio-8083-exec-3] c.i.b.s.provider.EastMoneyStockProvider  : Failed to fetch concepts for stock. code=301300, market=SZ, message=403 Forbidden: "<h1>Nginx forbidden.</h1> <br/>request info: 240e:b87:1f6:d800:a504:b4a9:1b4d:4897<EOL>"
2026-04-21T23:01:55.900+08:00  WARN 20416 --- [inker] [nio-8083-exec-3] c.i.b.s.provider.EastMoneyStockProvider  : Failed to fetch concepts for stock. code=301301, market=SZ, message=403 Forbidden: "<h1>Nginx forbidden.</h1> <br/>request info: 240e:b87:1f6:d800:a504:b4a9:1b4d:4897<EOL>"
2026-04-21T23:01:55.946+08:00  WARN 20416 --- [inker] [nio-8083-exec-3] c.i.b.s.provider.EastMoneyStockProvider  : Failed to fetch concepts for stock. code=301302, market=SZ, message=403 Forbidden: "<h1>Nginx forbidden.</h1> <br/>request info: 240e:b87:1f6:d800:a504:b4a9:1b4d:4897<EOL>"
2026-04-21T23:01:55.994+08:00  WARN 20416 --- [inker] [nio-8083-exec-3] c.i.b.s.provider.EastMoneyStockProvider  : Failed to fetch concepts for stock. code=301303, market=SZ, message=403 Forbidden: "<h1>Nginx forbidden.</h1> <br/>request info: 240e:b87:1f6:d800:a504:b4a9:1b4d:4897<EOL>"
2026-04-21T23:01:56.044+08:00  WARN 20416 --- [inker] [nio-8083-exec-3] c.i.b.s.provider.EastMoneyStockProvider  : Failed to fetch concepts for stock. code=301305, market=SZ, message=403 Forbidden: "<h1>Nginx forbidden.</h1> <br/>request info: 240e:b87:1f6:d800:a504:b4a9:1b4d:4897<EOL>"
2026-04-21T23:01:56.115+08:00  WARN 20416 --- [inker] [nio-8083-exec-3] c.i.b.s.provider.EastMoneyStockProvider  : Failed to fetch concepts for stock. code=301306, market=SZ, message=403 Forbidden: "<h1>Nginx forbidden.</h1> <br/>request info: 240e:b87:1f6:d800:a504:b4a9:1b4d:4897<EOL>"
2026-04-21T23:01:56.163+08:00  WARN 20416 --- [inker] [nio-8083-exec-3] c.i.b.s.provider.EastMoneyStockProvider  : Failed to fetch concepts for stock. code=301307, market=SZ, message=403 Forbidden: "<h1>Nginx forbidden.</h1> <br/>request info: 240e:b87:1f6:d800:a504:b4a9:1b4d:4897<EOL>"
2026-04-21T23:01:56.209+08:00  WARN 20416 --- [inker] [nio-8083-exec-3] c.i.b.s.provider.EastMoneyStockProvider  : Failed to fetch concepts for stock. code=301308, market=SZ, message=403 Forbidden: "<h1>Nginx forbidden.</h1> <br/>request info: 240e:b87:1f6:d800:a504:b4a9:1b4d:4897<EOL>"
2026-04-21T23:01:56.254+08:00  WARN 20416 --- [inker] [nio-8083-exec-3] c.i.b.s.provider.EastMoneyStockProvider  : Failed to fetch concepts for stock. code=301309, market=SZ, message=403 Forbidden: "<h1>Nginx forbidden.</h1> <br/>request info: 240e:b87:1f6:d800:a504:b4a9:1b4d:4897<EOL>"
2026-04-21T23:01:56.303+08:00  WARN 20416 --- [inker] [nio-8083-exec-3] c.i.b.s.provider.EastMoneyStockProvider  : Failed to fetch concepts for stock. code=301310, market=SZ, message=403 Forbidden: "<h1>Nginx forbidden.</h1> <br/>request info: 240e:b87:1f6:d800:a504:b4a9:1b4d:4897<EOL>"
2026-04-21T23:01:56.353+08:00  WARN 20416 --- [inker] [nio-8083-exec-3] c.i.b.s.provider.EastMoneyStockProvider  : Failed to fetch concepts for stock. code=301311, market=SZ, message=403 Forbidden: "<h1>Nginx forbidden.</h1> <br/>request info: 240e:b87:1f6:d800:a504:b4a9:1b4d:4897<EOL>"
2026-04-21T23:01:56.400+08:00  WARN 20416 --- [inker] [nio-8083-exec-3] c.i.b.s.provider.EastMoneyStockProvider  : Failed to fetch concepts for stock. code=301312, market=SZ, message=403 Forbidden: "<h1>Nginx forbidden.</h1> <br/>request info: 240e:b87:1f6:d800:a504:b4a9:1b4d:4897<EOL>"
2026-04-21T23:01:56.453+08:00  WARN 20416 --- [inker] [nio-8083-exec-3] c.i.b.s.provider.EastMoneyStockProvider  : Failed to fetch concepts for stock. code=301313, market=SZ, message=403 Forbidden: "<h1>Nginx forbidden.</h1> <br/>request info: 240e:b87:1f6:d800:a504:b4a9:1b4d:4897<EOL>"
2026-04-21T23:01:56.503+08:00  WARN 20416 --- [inker] [nio-8083-exec-3] c.i.b.s.provider.EastMoneyStockProvider  : Failed to fetch concepts for stock. code=301314, market=SZ, message=403 Forbidden: "<h1>Nginx forbidden.</h1> <br/>request info: 240e:b87:1f6:d800:a504:b4a9:1b4d:4897<EOL>"
2026-04-21T23:01:56.551+08:00  WARN 20416 --- [inker] [nio-8083-exec-3] c.i.b.s.provider.EastMoneyStockProvider  : Failed to fetch concepts for stock. code=301315, market=SZ, message=403 Forbidden: "<h1>Nginx forbidden.</h1> <br/>request info: 240e:b87:1f6:d800:a504:b4a9:1b4d:4897<EOL>"
2026-04-21T23:01:56.600+08:00  WARN 20416 --- [inker] [nio-8083-exec-3] c.i.b.s.provider.EastMoneyStockProvider  : Failed to fetch concepts for stock. code=301316, market=SZ, message=403 Forbidden: "<h1>Nginx forbidden.</h1> <br/>request info: 240e:b87:1f6:d800:a504:b4a9:1b4d:4897<EOL>"
2026-04-21T23:01:56.647+08:00  WARN 20416 --- [inker] [nio-8083-exec-3] c.i.b.s.provider.EastMoneyStockProvider  : Failed to fetch concepts for stock. code=301317, market=SZ, message=403 Forbidden: "<h1>Nginx forbidden.</h1> <br/>request info: 240e:b87:1f6:d800:a504:b4a9:1b4d:4897<EOL>"
2026-04-21T23:01:56.695+08:00  WARN 20416 --- [inker] [nio-8083-exec-3] c.i.b.s.provider.EastMoneyStockProvider  : Failed to fetch concepts for stock. code=301318, market=SZ, message=403 Forbidden: "<h1>Nginx forbidden.</h1> <br/>request info: 240e:b87:1f6:d800:a504:b4a9:1b4d:4897<EOL>"
2026-04-21T23:01:56.747+08:00  WARN 20416 --- [inker] [nio-8083-exec-3] c.i.b.s.provider.EastMoneyStockProvider  : Failed to fetch concepts for stock. code=301319, market=SZ, message=403 Forbidden: "<h1>Nginx forbidden.</h1> <br/>request info: 240e:b87:1f6:d800:a504:b4a9:1b4d:4897<EOL>"
2026-04-21T23:01:56.793+08:00  WARN 20416 --- [inker] [nio-8083-exec-3] c.i.b.s.provider.EastMoneyStockProvider  : Failed to fetch concepts for stock. code=301320, market=SZ, message=403 Forbidden: "<h1>Nginx forbidden.</h1> <br/>request info: 240e:b87:1f6:d800:a504:b4a9:1b4d:4897<EOL>"
2026-04-21T23:01:56.843+08:00  WARN 20416 --- [inker] [nio-8083-exec-3] c.i.b.s.provider.EastMoneyStockProvider  : Failed to fetch concepts for stock. code=301321, market=SZ, message=403 Forbidden: "<h1>Nginx forbidden.</h1> <br/>request info: 240e:b87:1f6:d800:a504:b4a9:1b4d:4897<EOL>"
2026-04-21T23:01:56.889+08:00  WARN 20416 --- [inker] [nio-8083-exec-3] c.i.b.s.provider.EastMoneyStockProvider  : Failed to fetch concepts for stock. code=301322, market=SZ, message=403 Forbidden: "<h1>Nginx forbidden.</h1> <br/>request info: 240e:b87:1f6:d800:a504:b4a9:1b4d:4897<EOL>"
2026-04-21T23:01:56.939+08:00  WARN 20416 --- [inker] [nio-8083-exec-3] c.i.b.s.provider.EastMoneyStockProvider  : Failed to fetch concepts for stock. code=301323, market=SZ, message=403 Forbidden: "<h1>Nginx forbidden.</h1> <br/>request info: 240e:b87:1f6:d800:a504:b4a9:1b4d:4897<EOL>"
2026-04-21T23:01:56.989+08:00  WARN 20416 --- [inker] [nio-8083-exec-3] c.i.b.s.provider.EastMoneyStockProvider  : Failed to fetch concepts for stock. code=301325, market=SZ, message=403 Forbidden: "<h1>Nginx forbidden.</h1> <br/>request info: 240e:b87:1f6:d800:a504:b4a9:1b4d:4897<EOL>"
2026-04-21T23:01:57.037+08:00  WARN 20416 --- [inker] [nio-8083-exec-3] c.i.b.s.provider.EastMoneyStockProvider  : Failed to fetch concepts for stock. code=301326, market=SZ, message=403 Forbidden: "<h1>Nginx forbidden.</h1> <br/>request info: 240e:b87:1f6:d800:a504:b4a9:1b4d:4897<EOL>"
2026-04-21T23:01:57.115+08:00  WARN 20416 --- [inker] [nio-8083-exec-3] c.i.b.s.provider.EastMoneyStockProvider  : Failed to fetch concepts for stock. code=301327, market=SZ, message=403 Forbidden: "<h1>Nginx forbidden.</h1> <br/>request info: 240e:b87:1f6:d800:a504:b4a9:1b4d:4897<EOL>"
2026-04-21T23:01:57.160+08:00  WARN 20416 --- [inker] [nio-8083-exec-3] c.i.b.s.provider.EastMoneyStockProvider  : Failed to fetch concepts for stock. code=301328, market=SZ, message=403 Forbidden: "<h1>Nginx forbidden.</h1> <br/>request info: 240e:b87:1f6:d800:a504:b4a9:1b4d:4897<EOL>"
2026-04-21T23:01:57.206+08:00  WARN 20416 --- [inker] [nio-8083-exec-3] c.i.b.s.provider.EastMoneyStockProvider  : Failed to fetch concepts for stock. code=301329, market=SZ, message=403 Forbidden: "<h1>Nginx forbidden.</h1> <br/>request info: 240e:b87:1f6:d800:a504:b4a9:1b4d:4897<EOL>"
2026-04-21T23:01:57.252+08:00  WARN 20416 --- [inker] [nio-8083-exec-3] c.i.b.s.provider.EastMoneyStockProvider  : Failed to fetch concepts for stock. code=301330, market=SZ, message=403 Forbidden: "<h1>Nginx forbidden.</h1> <br/>request info: 240e:b87:1f6:d800:a504:b4a9:1b4d:4897<EOL>"
2026-04-21T23:01:57.301+08:00  WARN 20416 --- [inker] [nio-8083-exec-3] c.i.b.s.provider.EastMoneyStockProvider  : Failed to fetch concepts for stock. code=301331, market=SZ, message=403 Forbidden: "<h1>Nginx forbidden.</h1> <br/>request info: 240e:b87:1f6:d800:a504:b4a9:1b4d:4897<EOL>"
2026-04-21T23:01:57.346+08:00  WARN 20416 --- [inker] [nio-8083-exec-3] c.i.b.s.provider.EastMoneyStockProvider  : Failed to fetch concepts for stock. code=301332, market=SZ, message=403 Forbidden: "<h1>Nginx forbidden.</h1> <br/>request info: 240e:b87:1f6:d800:a504:b4a9:1b4d:4897<EOL>"
2026-04-21T23:01:57.394+08:00  WARN 20416 --- [inker] [nio-8083-exec-3] c.i.b.s.provider.EastMoneyStockProvider  : Failed to fetch concepts for stock. code=301333, market=SZ, message=403 Forbidden: "<h1>Nginx forbidden.</h1> <br/>request info: 240e:b87:1f6:d800:a504:b4a9:1b4d:4897<EOL>"
2026-04-21T23:01:57.440+08:00  WARN 20416 --- [inker] [nio-8083-exec-3] c.i.b.s.provider.EastMoneyStockProvider  : Failed to fetch concepts for stock. code=301335, market=SZ, message=403 Forbidden: "<h1>Nginx forbidden.</h1> <br/>request info: 240e:b87:1f6:d800:a504:b4a9:1b4d:4897<EOL>"
2026-04-21T23:01:57.486+08:00  WARN 20416 --- [inker] [nio-8083-exec-3] c.i.b.s.provider.EastMoneyStockProvider  : Failed to fetch concepts for stock. code=301336, market=SZ, message=403 Forbidden: "<h1>Nginx forbidden.</h1> <br/>request info: 240e:b87:1f6:d800:a504:b4a9:1b4d:4897<EOL>"
2026-04-21T23:01:57.534+08:00  WARN 20416 --- [inker] [nio-8083-exec-3] c.i.b.s.provider.EastMoneyStockProvider  : Failed to fetch concepts for stock. code=301337, market=SZ, message=403 Forbidden: "<h1>Nginx forbidden.</h1> <br/>request info: 240e:b87:1f6:d800:a504:b4a9:1b4d:4897<EOL>"
2026-04-21T23:01:57.580+08:00  WARN 20416 --- [inker] [nio-8083-exec-3] c.i.b.s.provider.EastMoneyStockProvider  : Failed to fetch concepts for stock. code=301338, market=SZ, message=403 Forbidden: "<h1>Nginx forbidden.</h1> <br/>request info: 240e:b87:1f6:d800:a504:b4a9:1b4d:4897<EOL>"
2026-04-21T23:01:57.627+08:00  WARN 20416 --- [inker] [nio-8083-exec-3] c.i.b.s.provider.EastMoneyStockProvider  : Failed to fetch concepts for stock. code=301339, market=SZ, message=403 Forbidden: "<h1>Nginx forbidden.</h1> <br/>request info: 240e:b87:1f6:d800:a504:b4a9:1b4d:4897<EOL>"
2026-04-21T23:01:57.677+08:00  WARN 20416 --- [inker] [nio-8083-exec-3] c.i.b.s.provider.EastMoneyStockProvider  : Failed to fetch concepts for stock. code=301345, market=SZ, message=403 Forbidden: "<h1>Nginx forbidden.</h1> <br/>request info: 240e:b87:1f6:d800:a504:b4a9:1b4d:4897<EOL>"
2026-04-21T23:01:57.725+08:00  WARN 20416 --- [inker] [nio-8083-exec-3] c.i.b.s.provider.EastMoneyStockProvider  : Failed to fetch concepts for stock. code=301348, market=SZ, message=403 Forbidden: "<h1>Nginx forbidden.</h1> <br/>request info: 240e:b87:1f6:d800:a504:b4a9:1b4d:4897<EOL>"
2026-04-21T23:01:57.789+08:00  WARN 20416 --- [inker] [nio-8083-exec-3] c.i.b.s.provider.EastMoneyStockProvider  : Failed to fetch concepts for stock. code=301349, market=SZ, message=403 Forbidden: "<h1>Nginx forbidden.</h1> <br/>request info: 240e:b87:1f6:d800:a504:b4a9:1b4d:4897<EOL>"
2026-04-21T23:01:57.833+08:00  WARN 20416 --- [inker] [nio-8083-exec-3] c.i.b.s.provider.EastMoneyStockProvider  : Failed to fetch concepts for stock. code=301353, market=SZ, message=403 Forbidden: "<h1>Nginx forbidden.</h1> <br/>request info: 240e:b87:1f6:d800:a504:b4a9:1b4d:4897<EOL>"
2026-04-21T23:01:57.880+08:00  WARN 20416 --- [inker] [nio-8083-exec-3] c.i.b.s.provider.EastMoneyStockProvider  : Failed to fetch concepts for stock. code=301355, market=SZ, message=403 Forbidden: "<h1>Nginx forbidden.</h1> <br/>request info: 240e:b87:1f6:d800:a504:b4a9:1b4d:4897<EOL>"
2026-04-21T23:01:57.933+08:00  WARN 20416 --- [inker] [nio-8083-exec-3] c.i.b.s.provider.EastMoneyStockProvider  : Failed to fetch concepts for stock. code=301356, market=SZ, message=403 Forbidden: "<h1>Nginx forbidden.</h1> <br/>request info: 240e:b87:1f6:d800:a504:b4a9:1b4d:4897<EOL>"
2026-04-21T23:01:57.978+08:00  WARN 20416 --- [inker] [nio-8083-exec-3] c.i.b.s.provider.EastMoneyStockProvider  : Failed to fetch concepts for stock. code=301357, market=SZ, message=403 Forbidden: "<h1>Nginx forbidden.</h1> <br/>request info: 240e:b87:1f6:d800:a504:b4a9:1b4d:4897<EOL>"
2026-04-21T23:01:58.026+08:00  WARN 20416 --- [inker] [nio-8083-exec-3] c.i.b.s.provider.EastMoneyStockProvider  : Failed to fetch concepts for stock. code=301358, market=SZ, message=403 Forbidden: "<h1>Nginx forbidden.</h1> <br/>request info: 240e:b87:1f6:d800:a504:b4a9:1b4d:4897<EOL>"
2026-04-21T23:01:58.075+08:00  WARN 20416 --- [inker] [nio-8083-exec-3] c.i.b.s.provider.EastMoneyStockProvider  : Failed to fetch concepts for stock. code=301359, market=SZ, message=403 Forbidden: "<h1>Nginx forbidden.</h1> <br/>request info: 240e:b87:1f6:d800:a504:b4a9:1b4d:4897<EOL>"
2026-04-21T23:01:58.122+08:00  WARN 20416 --- [inker] [nio-8083-exec-3] c.i.b.s.provider.EastMoneyStockProvider  : Failed to fetch concepts for stock. code=301360, market=SZ, message=403 Forbidden: "<h1>Nginx forbidden.</h1> <br/>request info: 240e:b87:1f6:d800:a504:b4a9:1b4d:4897<EOL>"
2026-04-21T23:01:58.172+08:00  WARN 20416 --- [inker] [nio-8083-exec-3] c.i.b.s.provider.EastMoneyStockProvider  : Failed to fetch concepts for stock. code=301361, market=SZ, message=403 Forbidden: "<h1>Nginx forbidden.</h1> <br/>request info: 240e:b87:1f6:d800:a504:b4a9:1b4d:4897<EOL>"
2026-04-21T23:01:58.216+08:00  WARN 20416 --- [inker] [nio-8083-exec-3] c.i.b.s.provider.EastMoneyStockProvider  : Failed to fetch concepts for stock. code=301362, market=SZ, message=403 Forbidden: "<h1>Nginx forbidden.</h1> <br/>request info: 240e:b87:1f6:d800:a504:b4a9:1b4d:4897<EOL>"
2026-04-21T23:01:58.288+08:00  WARN 20416 --- [inker] [nio-8083-exec-3] c.i.b.s.provider.EastMoneyStockProvider  : Failed to fetch concepts for stock. code=301363, market=SZ, message=403 Forbidden: "<h1>Nginx forbidden.</h1> <br/>request info: 240e:b87:1f6:d800:a504:b4a9:1b4d:4897<EOL>"
2026-04-21T23:01:58.334+08:00  WARN 20416 --- [inker] [nio-8083-exec-3] c.i.b.s.provider.EastMoneyStockProvider  : Failed to fetch concepts for stock. code=301365, market=SZ, message=403 Forbidden: "<h1>Nginx forbidden.</h1> <br/>request info: 240e:b87:1f6:d800:a504:b4a9:1b4d:4897<EOL>"
2026-04-21T23:01:58.380+08:00  WARN 20416 --- [inker] [nio-8083-exec-3] c.i.b.s.provider.EastMoneyStockProvider  : Failed to fetch concepts for stock. code=301366, market=SZ, message=403 Forbidden: "<h1>Nginx forbidden.</h1> <br/>request info: 240e:b87:1f6:d800:a504:b4a9:1b4d:4897<EOL>"
2026-04-21T23:01:58.423+08:00  WARN 20416 --- [inker] [nio-8083-exec-3] c.i.b.s.provider.EastMoneyStockProvider  : Failed to fetch concepts for stock. code=301367, market=SZ, message=403 Forbidden: "<h1>Nginx forbidden.</h1> <br/>request info: 240e:b87:1f6:d800:a504:b4a9:1b4d:4897<EOL>"
2026-04-21T23:01:58.471+08:00  WARN 20416 --- [inker] [nio-8083-exec-3] c.i.b.s.provider.EastMoneyStockProvider  : Failed to fetch concepts for stock. code=301368, market=SZ, message=403 Forbidden: "<h1>Nginx forbidden.</h1> <br/>request info: 240e:b87:1f6:d800:a504:b4a9:1b4d:4897<EOL>"
2026-04-21T23:01:58.519+08:00  WARN 20416 --- [inker] [nio-8083-exec-3] c.i.b.s.provider.EastMoneyStockProvider  : Failed to fetch concepts for stock. code=301369, market=SZ, message=403 Forbidden: "<h1>Nginx forbidden.</h1> <br/>request info: 240e:b87:1f6:d800:a504:b4a9:1b4d:4897<EOL>"
2026-04-21T23:01:58.568+08:00  WARN 20416 --- [inker] [nio-8083-exec-3] c.i.b.s.provider.EastMoneyStockProvider  : Failed to fetch concepts for stock. code=301370, market=SZ, message=403 Forbidden: "<h1>Nginx forbidden.</h1> <br/>request info: 240e:b87:1f6:d800:a504:b4a9:1b4d:4897<EOL>"
2026-04-21T23:01:58.701+08:00  WARN 20416 --- [inker] [nio-8083-exec-3] c.i.b.s.provider.EastMoneyStockProvider  : Failed to fetch concepts for stock. code=301371, market=SZ, message=403 Forbidden: "<h1>Nginx forbidden.</h1> <br/>request info: 240e:b87:1f6:d800:a504:b4a9:1b4d:4897<EOL>"
2026-04-21T23:01:58.747+08:00  WARN 20416 --- [inker] [nio-8083-exec-3] c.i.b.s.provider.EastMoneyStockProvider  : Failed to fetch concepts for stock. code=301372, market=SZ, message=403 Forbidden: "<h1>Nginx forbidden.</h1> <br/>request info: 240e:b87:1f6:d800:a504:b4a9:1b4d:4897<EOL>"
2026-04-21T23:01:58.797+08:00  WARN 20416 --- [inker] [nio-8083-exec-3] c.i.b.s.provider.EastMoneyStockProvider  : Failed to fetch concepts for stock. code=301373, market=SZ, message=403 Forbidden: "<h1>Nginx forbidden.</h1> <br/>request info: 240e:b87:1f6:d800:a504:b4a9:1b4d:4897<EOL>"
2026-04-21T23:01:58.846+08:00  WARN 20416 --- [inker] [nio-8083-exec-3] c.i.b.s.provider.EastMoneyStockProvider  : Failed to fetch concepts for stock. code=301376, market=SZ, message=403 Forbidden: "<h1>Nginx forbidden.</h1> <br/>request info: 240e:b87:1f6:d800:a504:b4a9:1b4d:4897<EOL>"
2026-04-21T23:01:58.894+08:00  WARN 20416 --- [inker] [nio-8083-exec-3] c.i.b.s.provider.EastMoneyStockProvider  : Failed to fetch concepts for stock. code=301377, market=SZ, message=403 Forbidden: "<h1>Nginx forbidden.</h1> <br/>request info: 240e:b87:1f6:d800:a504:b4a9:1b4d:4897<EOL>"
2026-04-21T23:01:58.942+08:00  WARN 20416 --- [inker] [nio-8083-exec-3] c.i.b.s.provider.EastMoneyStockProvider  : Failed to fetch concepts for stock. code=301378, market=SZ, message=403 Forbidden: "<h1>Nginx forbidden.</h1> <br/>request info: 240e:b87:1f6:d800:a504:b4a9:1b4d:4897<EOL>"
2026-04-21T23:01:58.986+08:00  WARN 20416 --- [inker] [nio-8083-exec-3] c.i.b.s.provider.EastMoneyStockProvider  : Failed to fetch concepts for stock. code=301379, market=SZ, message=403 Forbidden: "<h1>Nginx forbidden.</h1> <br/>request info: 240e:b87:1f6:d800:a504:b4a9:1b4d:4897<EOL>"
2026-04-21T23:01:59.033+08:00  WARN 20416 --- [inker] [nio-8083-exec-3] c.i.b.s.provider.EastMoneyStockProvider  : Failed to fetch concepts for stock. code=301380, market=SZ, message=403 Forbidden: "<h1>Nginx forbidden.</h1> <br/>request info: 240e:b87:1f6:d800:a504:b4a9:1b4d:4897<EOL>"
2026-04-21T23:01:59.081+08:00  WARN 20416 --- [inker] [nio-8083-exec-3] c.i.b.s.provider.EastMoneyStockProvider  : Failed to fetch concepts for stock. code=301381, market=SZ, message=403 Forbidden: "<h1>Nginx forbidden.</h1> <br/>request info: 240e:b87:1f6:d800:a504:b4a9:1b4d:4897<EOL>"
2026-04-21T23:01:59.188+08:00  WARN 20416 --- [inker] [nio-8083-exec-3] c.i.b.s.provider.EastMoneyStockProvider  : Failed to fetch concepts for stock. code=301382, market=SZ, message=403 Forbidden: "<h1>Nginx forbidden.</h1> <br/>request info: 240e:b87:1f6:d800:a504:b4a9:1b4d:4897<EOL>"
2026-04-21T23:01:59.238+08:00  WARN 20416 --- [inker] [nio-8083-exec-3] c.i.b.s.provider.EastMoneyStockProvider  : Failed to fetch concepts for stock. code=301383, market=SZ, message=403 Forbidden: "<h1>Nginx forbidden.</h1> <br/>request info: 240e:b87:1f6:d800:a504:b4a9:1b4d:4897<EOL>"
2026-04-21T23:01:59.285+08:00  WARN 20416 --- [inker] [nio-8083-exec-3] c.i.b.s.provider.EastMoneyStockProvider  : Failed to fetch concepts for stock. code=301386, market=SZ, message=403 Forbidden: "<h1>Nginx forbidden.</h1> <br/>request info: 240e:b87:1f6:d800:a504:b4a9:1b4d:4897<EOL>"
2026-04-21T23:01:59.331+08:00  WARN 20416 --- [inker] [nio-8083-exec-3] c.i.b.s.provider.EastMoneyStockProvider  : Failed to fetch concepts for stock. code=301387, market=SZ, message=403 Forbidden: "<h1>Nginx forbidden.</h1> <br/>request info: 240e:b87:1f6:d800:a504:b4a9:1b4d:4897<EOL>"
2026-04-21T23:01:59.379+08:00  WARN 20416 --- [inker] [nio-8083-exec-3] c.i.b.s.provider.EastMoneyStockProvider  : Failed to fetch concepts for stock. code=301388, market=SZ, message=403 Forbidden: "<h1>Nginx forbidden.</h1> <br/>request info: 240e:b87:1f6:d800:a504:b4a9:1b4d:4897<EOL>"
2026-04-21T23:01:59.422+08:00  WARN 20416 --- [inker] [nio-8083-exec-3] c.i.b.s.provider.EastMoneyStockProvider  : Failed to fetch concepts for stock. code=301389, market=SZ, message=403 Forbidden: "<h1>Nginx forbidden.</h1> <br/>request info: 240e:b87:1f6:d800:a504:b4a9:1b4d:4897<EOL>"
2026-04-21T23:01:59.470+08:00  WARN 20416 --- [inker] [nio-8083-exec-3] c.i.b.s.provider.EastMoneyStockProvider  : Failed to fetch concepts for stock. code=301390, market=SZ, message=403 Forbidden: "<h1>Nginx forbidden.</h1> <br/>request info: 240e:b87:1f6:d800:a504:b4a9:1b4d:4897<EOL>"
2026-04-21T23:01:59.515+08:00  WARN 20416 --- [inker] [nio-8083-exec-3] c.i.b.s.provider.EastMoneyStockProvider  : Failed to fetch concepts for stock. code=301391, market=SZ, message=403 Forbidden: "<h1>Nginx forbidden.</h1> <br/>request info: 240e:b87:1f6:d800:a504:b4a9:1b4d:4897<EOL>"
2026-04-21T23:01:59.564+08:00  WARN 20416 --- [inker] [nio-8083-exec-3] c.i.b.s.provider.EastMoneyStockProvider  : Failed to fetch concepts for stock. code=301392, market=SZ, message=403 Forbidden: "<h1>Nginx forbidden.</h1> <br/>request info: 240e:b87:1f6:d800:a504:b4a9:1b4d:4897<EOL>"
2026-04-21T23:01:59.614+08:00  WARN 20416 --- [inker] [nio-8083-exec-3] c.i.b.s.provider.EastMoneyStockProvider  : Failed to fetch concepts for stock. code=301393, market=SZ, message=403 Forbidden: "<h1>Nginx forbidden.</h1> <br/>request info: 240e:b87:1f6:d800:a504:b4a9:1b4d:4897<EOL>"
2026-04-21T23:01:59.664+08:00  WARN 20416 --- [inker] [nio-8083-exec-3] c.i.b.s.provider.EastMoneyStockProvider  : Failed to fetch concepts for stock. code=301395, market=SZ, message=403 Forbidden: "<h1>Nginx forbidden.</h1> <br/>request info: 240e:b87:1f6:d800:a504:b4a9:1b4d:4897<EOL>"
2026-04-21T23:01:59.710+08:00  WARN 20416 --- [inker] [nio-8083-exec-3] c.i.b.s.provider.EastMoneyStockProvider  : Failed to fetch concepts for stock. code=301396, market=SZ, message=403 Forbidden: "<h1>Nginx forbidden.</h1> <br/>request info: 240e:b87:1f6:d800:a504:b4a9:1b4d:4897<EOL>"
2026-04-21T23:01:59.758+08:00  WARN 20416 --- [inker] [nio-8083-exec-3] c.i.b.s.provider.EastMoneyStockProvider  : Failed to fetch concepts for stock. code=301397, market=SZ, message=403 Forbidden: "<h1>Nginx forbidden.</h1> <br/>request info: 240e:b87:1f6:d800:a504:b4a9:1b4d:4897<EOL>"
2026-04-21T23:01:59.803+08:00  WARN 20416 --- [inker] [nio-8083-exec-3] c.i.b.s.provider.EastMoneyStockProvider  : Failed to fetch concepts for stock. code=301398, market=SZ, message=403 Forbidden: "<h1>Nginx forbidden.</h1> <br/>request info: 240e:b87:1f6:d800:a504:b4a9:1b4d:4897<EOL>"
2026-04-21T23:01:59.851+08:00  WARN 20416 --- [inker] [nio-8083-exec-3] c.i.b.s.provider.EastMoneyStockProvider  : Failed to fetch concepts for stock. code=301399, market=SZ, message=403 Forbidden: "<h1>Nginx forbidden.</h1> <br/>request info: 240e:b87:1f6:d800:a504:b4a9:1b4d:4897<EOL>"
2026-04-21T23:01:59.897+08:00  WARN 20416 --- [inker] [nio-8083-exec-3] c.i.b.s.provider.EastMoneyStockProvider  : Failed to fetch concepts for stock. code=301408, market=SZ, message=403 Forbidden: "<h1>Nginx forbidden.</h1> <br/>request info: 240e:b87:1f6:d800:a504:b4a9:1b4d:4897<EOL>"
2026-04-21T23:01:59.945+08:00  WARN 20416 --- [inker] [nio-8083-exec-3] c.i.b.s.provider.EastMoneyStockProvider  : Failed to fetch concepts for stock. code=301413, market=SZ, message=403 Forbidden: "<h1>Nginx forbidden.</h1> <br/>request info: 240e:b87:1f6:d800:a504:b4a9:1b4d:4897<EOL>"
2026-04-21T23:02:00.015+08:00  WARN 20416 --- [inker] [nio-8083-exec-3] c.i.b.s.provider.EastMoneyStockProvider  : Failed to fetch concepts for stock. code=301418, market=SZ, message=403 Forbidden: "<h1>Nginx forbidden.</h1> <br/>request info: 240e:b87:1f6:d800:a504:b4a9:1b4d:4897<EOL>"
2026-04-21T23:02:00.064+08:00  WARN 20416 --- [inker] [nio-8083-exec-3] c.i.b.s.provider.EastMoneyStockProvider  : Failed to fetch concepts for stock. code=301419, market=SZ, message=403 Forbidden: "<h1>Nginx forbidden.</h1> <br/>request info: 240e:b87:1f6:d800:a504:b4a9:1b4d:4897<EOL>"
2026-04-21T23:02:00.118+08:00  WARN 20416 --- [inker] [nio-8083-exec-3] c.i.b.s.provider.EastMoneyStockProvider  : Failed to fetch concepts for stock. code=301421, market=SZ, message=403 Forbidden: "<h1>Nginx forbidden.</h1> <br/>request info: 240e:b87:1f6:d800:a504:b4a9:1b4d:4897<EOL>"
2026-04-21T23:02:00.163+08:00  WARN 20416 --- [inker] [nio-8083-exec-3] c.i.b.s.provider.EastMoneyStockProvider  : Failed to fetch concepts for stock. code=301428, market=SZ, message=403 Forbidden: "<h1>Nginx forbidden.</h1> <br/>request info: 240e:b87:1f6:d800:a504:b4a9:1b4d:4897<EOL>"
2026-04-21T23:02:00.214+08:00  WARN 20416 --- [inker] [nio-8083-exec-3] c.i.b.s.provider.EastMoneyStockProvider  : Failed to fetch concepts for stock. code=301429, market=SZ, message=403 Forbidden: "<h1>Nginx forbidden.</h1> <br/>request info: 240e:b87:1f6:d800:a504:b4a9:1b4d:4897<EOL>"
2026-04-21T23:02:00.263+08:00  WARN 20416 --- [inker] [nio-8083-exec-3] c.i.b.s.provider.EastMoneyStockProvider  : Failed to fetch concepts for stock. code=301439, market=SZ, message=403 Forbidden: "<h1>Nginx forbidden.</h1> <br/>request info: 240e:b87:1f6:d800:a504:b4a9:1b4d:4897<EOL>"
2026-04-21T23:02:00.311+08:00  WARN 20416 --- [inker] [nio-8083-exec-3] c.i.b.s.provider.EastMoneyStockProvider  : Failed to fetch concepts for stock. code=301446, market=SZ, message=403 Forbidden: "<h1>Nginx forbidden.</h1> <br/>request info: 240e:b87:1f6:d800:a504:b4a9:1b4d:4897<EOL>"
2026-04-21T23:02:00.358+08:00  WARN 20416 --- [inker] [nio-8083-exec-3] c.i.b.s.provider.EastMoneyStockProvider  : Failed to fetch concepts for stock. code=301448, market=SZ, message=403 Forbidden: "<h1>Nginx forbidden.</h1> <br/>request info: 240e:b87:1f6:d800:a504:b4a9:1b4d:4897<EOL>"
2026-04-21T23:02:00.408+08:00  WARN 20416 --- [inker] [nio-8083-exec-3] c.i.b.s.provider.EastMoneyStockProvider  : Failed to fetch concepts for stock. code=301449, market=SZ, message=403 Forbidden: "<h1>Nginx forbidden.</h1> <br/>request info: 240e:b87:1f6:d800:a504:b4a9:1b4d:4897<EOL>"
2026-04-21T23:02:00.456+08:00  WARN 20416 --- [inker] [nio-8083-exec-3] c.i.b.s.provider.EastMoneyStockProvider  : Failed to fetch concepts for stock. code=301456, market=SZ, message=403 Forbidden: "<h1>Nginx forbidden.</h1> <br/>request info: 240e:b87:1f6:d800:a504:b4a9:1b4d:4897<EOL>"
2026-04-21T23:02:00.506+08:00  WARN 20416 --- [inker] [nio-8083-exec-3] c.i.b.s.provider.EastMoneyStockProvider  : Failed to fetch concepts for stock. code=301458, market=SZ, message=403 Forbidden: "<h1>Nginx forbidden.</h1> <br/>request info: 240e:b87:1f6:d800:a504:b4a9:1b4d:4897<EOL>"
2026-04-21T23:02:00.551+08:00  WARN 20416 --- [inker] [nio-8083-exec-3] c.i.b.s.provider.EastMoneyStockProvider  : Failed to fetch concepts for stock. code=301459, market=SZ, message=403 Forbidden: "<h1>Nginx forbidden.</h1> <br/>request info: 240e:b87:1f6:d800:a504:b4a9:1b4d:4897<EOL>"
2026-04-21T23:02:00.604+08:00  WARN 20416 --- [inker] [nio-8083-exec-3] c.i.b.s.provider.EastMoneyStockProvider  : Failed to fetch concepts for stock. code=301468, market=SZ, message=403 Forbidden: "<h1>Nginx forbidden.</h1> <br/>request info: 240e:b87:1f6:d800:a504:b4a9:1b4d:4897<EOL>"
2026-04-21T23:02:00.649+08:00  WARN 20416 --- [inker] [nio-8083-exec-3] c.i.b.s.provider.EastMoneyStockProvider  : Failed to fetch concepts for stock. code=301469, market=SZ, message=403 Forbidden: "<h1>Nginx forbidden.</h1> <br/>request info: 240e:b87:1f6:d800:a504:b4a9:1b4d:4897<EOL>"
2026-04-21T23:02:00.698+08:00  WARN 20416 --- [inker] [nio-8083-exec-3] c.i.b.s.provider.EastMoneyStockProvider  : Failed to fetch concepts for stock. code=301479, market=SZ, message=403 Forbidden: "<h1>Nginx forbidden.</h1> <br/>request info: 240e:b87:1f6:d800:a504:b4a9:1b4d:4897<EOL>"
2026-04-21T23:02:00.741+08:00  WARN 20416 --- [inker] [nio-8083-exec-3] c.i.b.s.provider.EastMoneyStockProvider  : Failed to fetch concepts for stock. code=301486, market=SZ, message=403 Forbidden: "<h1>Nginx forbidden.</h1> <br/>request info: 240e:b87:1f6:d800:a504:b4a9:1b4d:4897<EOL>"
2026-04-21T23:02:00.787+08:00  WARN 20416 --- [inker] [nio-8083-exec-3] c.i.b.s.provider.EastMoneyStockProvider  : Failed to fetch concepts for stock. code=301487, market=SZ, message=403 Forbidden: "<h1>Nginx forbidden.</h1> <br/>request info: 240e:b87:1f6:d800:a504:b4a9:1b4d:4897<EOL>"
2026-04-21T23:02:00.841+08:00  WARN 20416 --- [inker] [nio-8083-exec-3] c.i.b.s.provider.EastMoneyStockProvider  : Failed to fetch concepts for stock. code=301488, market=SZ, message=403 Forbidden: "<h1>Nginx forbidden.</h1> <br/>request info: 240e:b87:1f6:d800:a504:b4a9:1b4d:4897<EOL>"
2026-04-21T23:02:00.888+08:00  WARN 20416 --- [inker] [nio-8083-exec-3] c.i.b.s.provider.EastMoneyStockProvider  : Failed to fetch concepts for stock. code=301489, market=SZ, message=403 Forbidden: "<h1>Nginx forbidden.</h1> <br/>request info: 240e:b87:1f6:d800:a504:b4a9:1b4d:4897<EOL>"
2026-04-21T23:02:00.935+08:00  WARN 20416 --- [inker] [nio-8083-exec-3] c.i.b.s.provider.EastMoneyStockProvider  : Failed to fetch concepts for stock. code=301491, market=SZ, message=403 Forbidden: "<h1>Nginx forbidden.</h1> <br/>request info: 240e:b87:1f6:d800:a504:b4a9:1b4d:4897<EOL>"
2026-04-21T23:02:00.987+08:00  WARN 20416 --- [inker] [nio-8083-exec-3] c.i.b.s.provider.EastMoneyStockProvider  : Failed to fetch concepts for stock. code=301498, market=SZ, message=403 Forbidden: "<h1>Nginx forbidden.</h1> <br/>request info: 240e:b87:1f6:d800:a504:b4a9:1b4d:4897<EOL>"
2026-04-21T23:02:01.036+08:00  WARN 20416 --- [inker] [nio-8083-exec-3] c.i.b.s.provider.EastMoneyStockProvider  : Failed to fetch concepts for stock. code=301499, market=SZ, message=403 Forbidden: "<h1>Nginx forbidden.</h1> <br/>request info: 240e:b87:1f6:d800:a504:b4a9:1b4d:4897<EOL>"
2026-04-21T23:02:01.082+08:00  WARN 20416 --- [inker] [nio-8083-exec-3] c.i.b.s.provider.EastMoneyStockProvider  : Failed to fetch concepts for stock. code=301500, market=SZ, message=403 Forbidden: "<h1>Nginx forbidden.</h1> <br/>request info: 240e:b87:1f6:d800:a504:b4a9:1b4d:4897<EOL>"
2026-04-21T23:02:01.128+08:00  WARN 20416 --- [inker] [nio-8083-exec-3] c.i.b.s.provider.EastMoneyStockProvider  : Failed to fetch concepts for stock. code=301501, market=SZ, message=403 Forbidden: "<h1>Nginx forbidden.</h1> <br/>request info: 240e:b87:1f6:d800:a504:b4a9:1b4d:4897<EOL>"
2026-04-21T23:02:01.177+08:00  WARN 20416 --- [inker] [nio-8083-exec-3] c.i.b.s.provider.EastMoneyStockProvider  : Failed to fetch concepts for stock. code=301502, market=SZ, message=403 Forbidden: "<h1>Nginx forbidden.</h1> <br/>request info: 240e:b87:1f6:d800:a504:b4a9:1b4d:4897<EOL>"
2026-04-21T23:02:01.224+08:00  WARN 20416 --- [inker] [nio-8083-exec-3] c.i.b.s.provider.EastMoneyStockProvider  : Failed to fetch concepts for stock. code=301503, market=SZ, message=403 Forbidden: "<h1>Nginx forbidden.</h1> <br/>request info: 240e:b87:1f6:d800:a504:b4a9:1b4d:4897<EOL>"
2026-04-21T23:02:01.271+08:00  WARN 20416 --- [inker] [nio-8083-exec-3] c.i.b.s.provider.EastMoneyStockProvider  : Failed to fetch concepts for stock. code=301505, market=SZ, message=403 Forbidden: "<h1>Nginx forbidden.</h1> <br/>request info: 240e:b87:1f6:d800:a504:b4a9:1b4d:4897<EOL>"
2026-04-21T23:02:01.320+08:00  WARN 20416 --- [inker] [nio-8083-exec-3] c.i.b.s.provider.EastMoneyStockProvider  : Failed to fetch concepts for stock. code=301507, market=SZ, message=403 Forbidden: "<h1>Nginx forbidden.</h1> <br/>request info: 240e:b87:1f6:d800:a504:b4a9:1b4d:4897<EOL>"
2026-04-21T23:02:01.366+08:00  WARN 20416 --- [inker] [nio-8083-exec-3] c.i.b.s.provider.EastMoneyStockProvider  : Failed to fetch concepts for stock. code=301508, market=SZ, message=403 Forbidden: "<h1>Nginx forbidden.</h1> <br/>request info: 240e:b87:1f6:d800:a504:b4a9:1b4d:4897<EOL>"
2026-04-21T23:02:01.414+08:00  WARN 20416 --- [inker] [nio-8083-exec-3] c.i.b.s.provider.EastMoneyStockProvider  : Failed to fetch concepts for stock. code=301509, market=SZ, message=403 Forbidden: "<h1>Nginx forbidden.</h1> <br/>request info: 240e:b87:1f6:d800:a504:b4a9:1b4d:4897<EOL>"
2026-04-21T23:02:01.462+08:00  WARN 20416 --- [inker] [nio-8083-exec-3] c.i.b.s.provider.EastMoneyStockProvider  : Failed to fetch concepts for stock. code=301510, market=SZ, message=403 Forbidden: "<h1>Nginx forbidden.</h1> <br/>request info: 240e:b87:1f6:d800:a504:b4a9:1b4d:4897<EOL>"
2026-04-21T23:02:01.508+08:00  WARN 20416 --- [inker] [nio-8083-exec-3] c.i.b.s.provider.EastMoneyStockProvider  : Failed to fetch concepts for stock. code=301511, market=SZ, message=403 Forbidden: "<h1>Nginx forbidden.</h1> <br/>request info: 240e:b87:1f6:d800:a504:b4a9:1b4d:4897<EOL>"
2026-04-21T23:02:01.556+08:00  WARN 20416 --- [inker] [nio-8083-exec-3] c.i.b.s.provider.EastMoneyStockProvider  : Failed to fetch concepts for stock. code=301512, market=SZ, message=403 Forbidden: "<h1>Nginx forbidden.</h1> <br/>request info: 240e:b87:1f6:d800:a504:b4a9:1b4d:4897<EOL>"
2026-04-21T23:02:01.606+08:00  WARN 20416 --- [inker] [nio-8083-exec-3] c.i.b.s.provider.EastMoneyStockProvider  : Failed to fetch concepts for stock. code=301513, market=SZ, message=403 Forbidden: "<h1>Nginx forbidden.</h1> <br/>request info: 240e:b87:1f6:d800:a504:b4a9:1b4d:4897<EOL>"
2026-04-21T23:02:01.655+08:00  WARN 20416 --- [inker] [nio-8083-exec-3] c.i.b.s.provider.EastMoneyStockProvider  : Failed to fetch concepts for stock. code=301515, market=SZ, message=403 Forbidden: "<h1>Nginx forbidden.</h1> <br/>request info: 240e:b87:1f6:d800:a504:b4a9:1b4d:4897<EOL>"
2026-04-21T23:02:01.702+08:00  WARN 20416 --- [inker] [nio-8083-exec-3] c.i.b.s.provider.EastMoneyStockProvider  : Failed to fetch concepts for stock. code=301516, market=SZ, message=403 Forbidden: "<h1>Nginx forbidden.</h1> <br/>request info: 240e:b87:1f6:d800:a504:b4a9:1b4d:4897<EOL>"
2026-04-21T23:02:01.750+08:00  WARN 20416 --- [inker] [nio-8083-exec-3] c.i.b.s.provider.EastMoneyStockProvider  : Failed to fetch concepts for stock. code=301517, market=SZ, message=403 Forbidden: "<h1>Nginx forbidden.</h1> <br/>request info: 240e:b87:1f6:d800:a504:b4a9:1b4d:4897<EOL>"
2026-04-21T23:02:01.795+08:00  WARN 20416 --- [inker] [nio-8083-exec-3] c.i.b.s.provider.EastMoneyStockProvider  : Failed to fetch concepts for stock. code=301518, market=SZ, message=403 Forbidden: "<h1>Nginx forbidden.</h1> <br/>request info: 240e:b87:1f6:d800:a504:b4a9:1b4d:4897<EOL>"
2026-04-21T23:02:01.843+08:00  WARN 20416 --- [inker] [nio-8083-exec-3] c.i.b.s.provider.EastMoneyStockProvider  : Failed to fetch concepts for stock. code=301519, market=SZ, message=403 Forbidden: "<h1>Nginx forbidden.</h1> <br/>request info: 240e:b87:1f6:d800:a504:b4a9:1b4d:4897<EOL>"
2026-04-21T23:02:01.892+08:00  WARN 20416 --- [inker] [nio-8083-exec-3] c.i.b.s.provider.EastMoneyStockProvider  : Failed to fetch concepts for stock. code=301520, market=SZ, message=403 Forbidden: "<h1>Nginx forbidden.</h1> <br/>request info: 240e:b87:1f6:d800:a504:b4a9:1b4d:4897<EOL>"
2026-04-21T23:02:01.938+08:00  WARN 20416 --- [inker] [nio-8083-exec-3] c.i.b.s.provider.EastMoneyStockProvider  : Failed to fetch concepts for stock. code=301522, market=SZ, message=403 Forbidden: "<h1>Nginx forbidden.</h1> <br/>request info: 240e:b87:1f6:d800:a504:b4a9:1b4d:4897<EOL>"
2026-04-21T23:02:01.989+08:00  WARN 20416 --- [inker] [nio-8083-exec-3] c.i.b.s.provider.EastMoneyStockProvider  : Failed to fetch concepts for stock. code=301525, market=SZ, message=403 Forbidden: "<h1>Nginx forbidden.</h1> <br/>request info: 240e:b87:1f6:d800:a504:b4a9:1b4d:4897<EOL>"
2026-04-21T23:02:02.033+08:00  WARN 20416 --- [inker] [nio-8083-exec-3] c.i.b.s.provider.EastMoneyStockProvider  : Failed to fetch concepts for stock. code=301526, market=SZ, message=403 Forbidden: "<h1>Nginx forbidden.</h1> <br/>request info: 240e:b87:1f6:d800:a504:b4a9:1b4d:4897<EOL>"
2026-04-21T23:02:02.081+08:00  WARN 20416 --- [inker] [nio-8083-exec-3] c.i.b.s.provider.EastMoneyStockProvider  : Failed to fetch concepts for stock. code=301528, market=SZ, message=403 Forbidden: "<h1>Nginx forbidden.</h1> <br/>request info: 240e:b87:1f6:d800:a504:b4a9:1b4d:4897<EOL>"
2026-04-21T23:02:02.130+08:00  WARN 20416 --- [inker] [nio-8083-exec-3] c.i.b.s.provider.EastMoneyStockProvider  : Failed to fetch concepts for stock. code=301529, market=SZ, message=403 Forbidden: "<h1>Nginx forbidden.</h1> <br/>request info: 240e:b87:1f6:d800:a504:b4a9:1b4d:4897<EOL>"
2026-04-21T23:02:02.177+08:00  WARN 20416 --- [inker] [nio-8083-exec-3] c.i.b.s.provider.EastMoneyStockProvider  : Failed to fetch concepts for stock. code=301533, market=SZ, message=403 Forbidden: "<h1>Nginx forbidden.</h1> <br/>request info: 240e:b87:1f6:d800:a504:b4a9:1b4d:4897<EOL>"
2026-04-21T23:02:02.224+08:00  WARN 20416 --- [inker] [nio-8083-exec-3] c.i.b.s.provider.EastMoneyStockProvider  : Failed to fetch concepts for stock. code=301535, market=SZ, message=403 Forbidden: "<h1>Nginx forbidden.</h1> <br/>request info: 240e:b87:1f6:d800:a504:b4a9:1b4d:4897<EOL>"
2026-04-21T23:02:02.270+08:00  WARN 20416 --- [inker] [nio-8083-exec-3] c.i.b.s.provider.EastMoneyStockProvider  : Failed to fetch concepts for stock. code=301536, market=SZ, message=403 Forbidden: "<h1>Nginx forbidden.</h1> <br/>request info: 240e:b87:1f6:d800:a504:b4a9:1b4d:4897<EOL>"
2026-04-21T23:02:02.315+08:00  WARN 20416 --- [inker] [nio-8083-exec-3] c.i.b.s.provider.EastMoneyStockProvider  : Failed to fetch concepts for stock. code=301538, market=SZ, message=403 Forbidden: "<h1>Nginx forbidden.</h1> <br/>request info: 240e:b87:1f6:d800:a504:b4a9:1b4d:4897<EOL>"
2026-04-21T23:02:02.360+08:00  WARN 20416 --- [inker] [nio-8083-exec-3] c.i.b.s.provider.EastMoneyStockProvider  : Failed to fetch concepts for stock. code=301539, market=SZ, message=403 Forbidden: "<h1>Nginx forbidden.</h1> <br/>request info: 240e:b87:1f6:d800:a504:b4a9:1b4d:4897<EOL>"
2026-04-21T23:02:02.408+08:00  WARN 20416 --- [inker] [nio-8083-exec-3] c.i.b.s.provider.EastMoneyStockProvider  : Failed to fetch concepts for stock. code=301548, market=SZ, message=403 Forbidden: "<h1>Nginx forbidden.</h1> <br/>request info: 240e:b87:1f6:d800:a504:b4a9:1b4d:4897<EOL>"
2026-04-21T23:02:02.454+08:00  WARN 20416 --- [inker] [nio-8083-exec-3] c.i.b.s.provider.EastMoneyStockProvider  : Failed to fetch concepts for stock. code=301550, market=SZ, message=403 Forbidden: "<h1>Nginx forbidden.</h1> <br/>request info: 240e:b87:1f6:d800:a504:b4a9:1b4d:4897<EOL>"
2026-04-21T23:02:02.504+08:00  WARN 20416 --- [inker] [nio-8083-exec-3] c.i.b.s.provider.EastMoneyStockProvider  : Failed to fetch concepts for stock. code=301551, market=SZ, message=403 Forbidden: "<h1>Nginx forbidden.</h1> <br/>request info: 240e:b87:1f6:d800:a504:b4a9:1b4d:4897<EOL>"
2026-04-21T23:02:02.551+08:00  WARN 20416 --- [inker] [nio-8083-exec-3] c.i.b.s.provider.EastMoneyStockProvider  : Failed to fetch concepts for stock. code=301552, market=SZ, message=403 Forbidden: "<h1>Nginx forbidden.</h1> <br/>request info: 240e:b87:1f6:d800:a504:b4a9:1b4d:4897<EOL>"
2026-04-21T23:02:02.599+08:00  WARN 20416 --- [inker] [nio-8083-exec-3] c.i.b.s.provider.EastMoneyStockProvider  : Failed to fetch concepts for stock. code=301555, market=SZ, message=403 Forbidden: "<h1>Nginx forbidden.</h1> <br/>request info: 240e:b87:1f6:d800:a504:b4a9:1b4d:4897<EOL>"
2026-04-21T23:02:02.643+08:00  WARN 20416 --- [inker] [nio-8083-exec-3] c.i.b.s.provider.EastMoneyStockProvider  : Failed to fetch concepts for stock. code=301556, market=SZ, message=403 Forbidden: "<h1>Nginx forbidden.</h1> <br/>request info: 240e:b87:1f6:d800:a504:b4a9:1b4d:4897<EOL>"
2026-04-21T23:02:02.691+08:00  WARN 20416 --- [inker] [nio-8083-exec-3] c.i.b.s.provider.EastMoneyStockProvider  : Failed to fetch concepts for stock. code=301557, market=SZ, message=403 Forbidden: "<h1>Nginx forbidden.</h1> <br/>request info: 240e:b87:1f6:d800:a504:b4a9:1b4d:4897<EOL>"
2026-04-21T23:02:02.736+08:00  WARN 20416 --- [inker] [nio-8083-exec-3] c.i.b.s.provider.EastMoneyStockProvider  : Failed to fetch concepts for stock. code=301558, market=SZ, message=403 Forbidden: "<h1>Nginx forbidden.</h1> <br/>request info: 240e:b87:1f6:d800:a504:b4a9:1b4d:4897<EOL>"
2026-04-21T23:02:02.783+08:00  WARN 20416 --- [inker] [nio-8083-exec-3] c.i.b.s.provider.EastMoneyStockProvider  : Failed to fetch concepts for stock. code=301559, market=SZ, message=403 Forbidden: "<h1>Nginx forbidden.</h1> <br/>request info: 240e:b87:1f6:d800:a504:b4a9:1b4d:4897<EOL>"
2026-04-21T23:02:02.830+08:00  WARN 20416 --- [inker] [nio-8083-exec-3] c.i.b.s.provider.EastMoneyStockProvider  : Failed to fetch concepts for stock. code=301560, market=SZ, message=403 Forbidden: "<h1>Nginx forbidden.</h1> <br/>request info: 240e:b87:1f6:d800:a504:b4a9:1b4d:4897<EOL>"
2026-04-21T23:02:02.874+08:00  WARN 20416 --- [inker] [nio-8083-exec-3] c.i.b.s.provider.EastMoneyStockProvider  : Failed to fetch concepts for stock. code=301563, market=SZ, message=403 Forbidden: "<h1>Nginx forbidden.</h1> <br/>request info: 240e:b87:1f6:d800:a504:b4a9:1b4d:4897<EOL>"
2026-04-21T23:02:02.922+08:00  WARN 20416 --- [inker] [nio-8083-exec-3] c.i.b.s.provider.EastMoneyStockProvider  : Failed to fetch concepts for stock. code=301565, market=SZ, message=403 Forbidden: "<h1>Nginx forbidden.</h1> <br/>request info: 240e:b87:1f6:d800:a504:b4a9:1b4d:4897<EOL>"
2026-04-21T23:02:02.967+08:00  WARN 20416 --- [inker] [nio-8083-exec-3] c.i.b.s.provider.EastMoneyStockProvider  : Failed to fetch concepts for stock. code=301566, market=SZ, message=403 Forbidden: "<h1>Nginx forbidden.</h1> <br/>request info: 240e:b87:1f6:d800:a504:b4a9:1b4d:4897<EOL>"
2026-04-21T23:02:03.017+08:00  WARN 20416 --- [inker] [nio-8083-exec-3] c.i.b.s.provider.EastMoneyStockProvider  : Failed to fetch concepts for stock. code=301567, market=SZ, message=403 Forbidden: "<h1>Nginx forbidden.</h1> <br/>request info: 240e:b87:1f6:d800:a504:b4a9:1b4d:4897<EOL>"
2026-04-21T23:02:03.065+08:00  WARN 20416 --- [inker] [nio-8083-exec-3] c.i.b.s.provider.EastMoneyStockProvider  : Failed to fetch concepts for stock. code=301568, market=SZ, message=403 Forbidden: "<h1>Nginx forbidden.</h1> <br/>request info: 240e:b87:1f6:d800:a504:b4a9:1b4d:4897<EOL>"
2026-04-21T23:02:03.112+08:00  WARN 20416 --- [inker] [nio-8083-exec-3] c.i.b.s.provider.EastMoneyStockProvider  : Failed to fetch concepts for stock. code=301571, market=SZ, message=403 Forbidden: "<h1>Nginx forbidden.</h1> <br/>request info: 240e:b87:1f6:d800:a504:b4a9:1b4d:4897<EOL>"
2026-04-21T23:02:03.160+08:00  WARN 20416 --- [inker] [nio-8083-exec-3] c.i.b.s.provider.EastMoneyStockProvider  : Failed to fetch concepts for stock. code=301575, market=SZ, message=403 Forbidden: "<h1>Nginx forbidden.</h1> <br/>request info: 240e:b87:1f6:d800:a504:b4a9:1b4d:4897<EOL>"
2026-04-21T23:02:03.210+08:00  WARN 20416 --- [inker] [nio-8083-exec-3] c.i.b.s.provider.EastMoneyStockProvider  : Failed to fetch concepts for stock. code=301577, market=SZ, message=403 Forbidden: "<h1>Nginx forbidden.</h1> <br/>request info: 240e:b87:1f6:d800:a504:b4a9:1b4d:4897<EOL>"
2026-04-21T23:02:03.257+08:00  WARN 20416 --- [inker] [nio-8083-exec-3] c.i.b.s.provider.EastMoneyStockProvider  : Failed to fetch concepts for stock. code=301578, market=SZ, message=403 Forbidden: "<h1>Nginx forbidden.</h1> <br/>request info: 240e:b87:1f6:d800:a504:b4a9:1b4d:4897<EOL>"
2026-04-21T23:02:03.305+08:00  WARN 20416 --- [inker] [nio-8083-exec-3] c.i.b.s.provider.EastMoneyStockProvider  : Failed to fetch concepts for stock. code=301580, market=SZ, message=403 Forbidden: "<h1>Nginx forbidden.</h1> <br/>request info: 240e:b87:1f6:d800:a504:b4a9:1b4d:4897<EOL>"
2026-04-21T23:02:03.352+08:00  WARN 20416 --- [inker] [nio-8083-exec-3] c.i.b.s.provider.EastMoneyStockProvider  : Failed to fetch concepts for stock. code=301581, market=SZ, message=403 Forbidden: "<h1>Nginx forbidden.</h1> <br/>request info: 240e:b87:1f6:d800:a504:b4a9:1b4d:4897<EOL>"
2026-04-21T23:02:03.400+08:00  WARN 20416 --- [inker] [nio-8083-exec-3] c.i.b.s.provider.EastMoneyStockProvider  : Failed to fetch concepts for stock. code=301584, market=SZ, message=403 Forbidden: "<h1>Nginx forbidden.</h1> <br/>request info: 240e:b87:1f6:d800:a504:b4a9:1b4d:4897<EOL>"
2026-04-21T23:02:03.447+08:00  WARN 20416 --- [inker] [nio-8083-exec-3] c.i.b.s.provider.EastMoneyStockProvider  : Failed to fetch concepts for stock. code=301585, market=SZ, message=403 Forbidden: "<h1>Nginx forbidden.</h1> <br/>request info: 240e:b87:1f6:d800:a504:b4a9:1b4d:4897<EOL>"
2026-04-21T23:02:03.500+08:00  WARN 20416 --- [inker] [nio-8083-exec-3] c.i.b.s.provider.EastMoneyStockProvider  : Failed to fetch concepts for stock. code=301586, market=SZ, message=403 Forbidden: "<h1>Nginx forbidden.</h1> <br/>request info: 240e:b87:1f6:d800:a504:b4a9:1b4d:4897<EOL>"
2026-04-21T23:02:03.549+08:00  WARN 20416 --- [inker] [nio-8083-exec-3] c.i.b.s.provider.EastMoneyStockProvider  : Failed to fetch concepts for stock. code=301587, market=SZ, message=403 Forbidden: "<h1>Nginx forbidden.</h1> <br/>request info: 240e:b87:1f6:d800:a504:b4a9:1b4d:4897<EOL>"
2026-04-21T23:02:03.601+08:00  WARN 20416 --- [inker] [nio-8083-exec-3] c.i.b.s.provider.EastMoneyStockProvider  : Failed to fetch concepts for stock. code=301588, market=SZ, message=403 Forbidden: "<h1>Nginx forbidden.</h1> <br/>request info: 240e:b87:1f6:d800:a504:b4a9:1b4d:4897<EOL>"
2026-04-21T23:02:03.647+08:00  WARN 20416 --- [inker] [nio-8083-exec-3] c.i.b.s.provider.EastMoneyStockProvider  : Failed to fetch concepts for stock. code=301589, market=SZ, message=403 Forbidden: "<h1>Nginx forbidden.</h1> <br/>request info: 240e:b87:1f6:d800:a504:b4a9:1b4d:4897<EOL>"
2026-04-21T23:02:03.696+08:00  WARN 20416 --- [inker] [nio-8083-exec-3] c.i.b.s.provider.EastMoneyStockProvider  : Failed to fetch concepts for stock. code=301590, market=SZ, message=403 Forbidden: "<h1>Nginx forbidden.</h1> <br/>request info: 240e:b87:1f6:d800:a504:b4a9:1b4d:4897<EOL>"
2026-04-21T23:02:03.744+08:00  WARN 20416 --- [inker] [nio-8083-exec-3] c.i.b.s.provider.EastMoneyStockProvider  : Failed to fetch concepts for stock. code=301591, market=SZ, message=403 Forbidden: "<h1>Nginx forbidden.</h1> <br/>request info: 240e:b87:1f6:d800:a504:b4a9:1b4d:4897<EOL>"
2026-04-21T23:02:03.791+08:00  WARN 20416 --- [inker] [nio-8083-exec-3] c.i.b.s.provider.EastMoneyStockProvider  : Failed to fetch concepts for stock. code=301592, market=SZ, message=403 Forbidden: "<h1>Nginx forbidden.</h1> <br/>request info: 240e:b87:1f6:d800:a504:b4a9:1b4d:4897<EOL>"
2026-04-21T23:02:03.845+08:00  WARN 20416 --- [inker] [nio-8083-exec-3] c.i.b.s.provider.EastMoneyStockProvider  : Failed to fetch concepts for stock. code=301595, market=SZ, message=403 Forbidden: "<h1>Nginx forbidden.</h1> <br/>request info: 240e:b87:1f6:d800:a504:b4a9:1b4d:4897<EOL>"
2026-04-21T23:02:03.893+08:00  WARN 20416 --- [inker] [nio-8083-exec-3] c.i.b.s.provider.EastMoneyStockProvider  : Failed to fetch concepts for stock. code=301596, market=SZ, message=403 Forbidden: "<h1>Nginx forbidden.</h1> <br/>request info: 240e:b87:1f6:d800:a504:b4a9:1b4d:4897<EOL>"
2026-04-21T23:02:03.940+08:00  WARN 20416 --- [inker] [nio-8083-exec-3] c.i.b.s.provider.EastMoneyStockProvider  : Failed to fetch concepts for stock. code=301598, market=SZ, message=403 Forbidden: "<h1>Nginx forbidden.</h1> <br/>request info: 240e:b87:1f6:d800:a504:b4a9:1b4d:4897<EOL>"
2026-04-21T23:02:03.990+08:00  WARN 20416 --- [inker] [nio-8083-exec-3] c.i.b.s.provider.EastMoneyStockProvider  : Failed to fetch concepts for stock. code=301600, market=SZ, message=403 Forbidden: "<h1>Nginx forbidden.</h1> <br/>request info: 240e:b87:1f6:d800:a504:b4a9:1b4d:4897<EOL>"
2026-04-21T23:02:04.039+08:00  WARN 20416 --- [inker] [nio-8083-exec-3] c.i.b.s.provider.EastMoneyStockProvider  : Failed to fetch concepts for stock. code=301601, market=SZ, message=403 Forbidden: "<h1>Nginx forbidden.</h1> <br/>request info: 240e:b87:1f6:d800:a504:b4a9:1b4d:4897<EOL>"
2026-04-21T23:02:04.087+08:00  WARN 20416 --- [inker] [nio-8083-exec-3] c.i.b.s.provider.EastMoneyStockProvider  : Failed to fetch concepts for stock. code=301602, market=SZ, message=403 Forbidden: "<h1>Nginx forbidden.</h1> <br/>request info: 240e:b87:1f6:d800:a504:b4a9:1b4d:4897<EOL>"
2026-04-21T23:02:04.136+08:00  WARN 20416 --- [inker] [nio-8083-exec-3] c.i.b.s.provider.EastMoneyStockProvider  : Failed to fetch concepts for stock. code=301603, market=SZ, message=403 Forbidden: "<h1>Nginx forbidden.</h1> <br/>request info: 240e:b87:1f6:d800:a504:b4a9:1b4d:4897<EOL>"
2026-04-21T23:02:04.187+08:00  WARN 20416 --- [inker] [nio-8083-exec-3] c.i.b.s.provider.EastMoneyStockProvider  : Failed to fetch concepts for stock. code=301606, market=SZ, message=403 Forbidden: "<h1>Nginx forbidden.</h1> <br/>request info: 240e:b87:1f6:d800:a504:b4a9:1b4d:4897<EOL>"
2026-04-21T23:02:04.234+08:00  WARN 20416 --- [inker] [nio-8083-exec-3] c.i.b.s.provider.EastMoneyStockProvider  : Failed to fetch concepts for stock. code=301607, market=SZ, message=403 Forbidden: "<h1>Nginx forbidden.</h1> <br/>request info: 240e:b87:1f6:d800:a504:b4a9:1b4d:4897<EOL>"
2026-04-21T23:02:04.280+08:00  WARN 20416 --- [inker] [nio-8083-exec-3] c.i.b.s.provider.EastMoneyStockProvider  : Failed to fetch concepts for stock. code=301608, market=SZ, message=403 Forbidden: "<h1>Nginx forbidden.</h1> <br/>request info: 240e:b87:1f6:d800:a504:b4a9:1b4d:4897<EOL>"
2026-04-21T23:02:04.326+08:00  WARN 20416 --- [inker] [nio-8083-exec-3] c.i.b.s.provider.EastMoneyStockProvider  : Failed to fetch concepts for stock. code=301609, market=SZ, message=403 Forbidden: "<h1>Nginx forbidden.</h1> <br/>request info: 240e:b87:1f6:d800:a504:b4a9:1b4d:4897<EOL>"
2026-04-21T23:02:04.374+08:00  WARN 20416 --- [inker] [nio-8083-exec-3] c.i.b.s.provider.EastMoneyStockProvider  : Failed to fetch concepts for stock. code=301611, market=SZ, message=403 Forbidden: "<h1>Nginx forbidden.</h1> <br/>request info: 240e:b87:1f6:d800:a504:b4a9:1b4d:4897<EOL>"
2026-04-21T23:02:04.421+08:00  WARN 20416 --- [inker] [nio-8083-exec-3] c.i.b.s.provider.EastMoneyStockProvider  : Failed to fetch concepts for stock. code=301613, market=SZ, message=403 Forbidden: "<h1>Nginx forbidden.</h1> <br/>request info: 240e:b87:1f6:d800:a504:b4a9:1b4d:4897<EOL>"
2026-04-21T23:02:04.470+08:00  WARN 20416 --- [inker] [nio-8083-exec-3] c.i.b.s.provider.EastMoneyStockProvider  : Failed to fetch concepts for stock. code=301616, market=SZ, message=403 Forbidden: "<h1>Nginx forbidden.</h1> <br/>request info: 240e:b87:1f6:d800:a504:b4a9:1b4d:4897<EOL>"
2026-04-21T23:02:04.516+08:00  WARN 20416 --- [inker] [nio-8083-exec-3] c.i.b.s.provider.EastMoneyStockProvider  : Failed to fetch concepts for stock. code=301617, market=SZ, message=403 Forbidden: "<h1>Nginx forbidden.</h1> <br/>request info: 240e:b87:1f6:d800:a504:b4a9:1b4d:4897<EOL>"
2026-04-21T23:02:04.565+08:00  WARN 20416 --- [inker] [nio-8083-exec-3] c.i.b.s.provider.EastMoneyStockProvider  : Failed to fetch concepts for stock. code=301618, market=SZ, message=403 Forbidden: "<h1>Nginx forbidden.</h1> <br/>request info: 240e:b87:1f6:d800:a504:b4a9:1b4d:4897<EOL>"
2026-04-21T23:02:04.615+08:00  WARN 20416 --- [inker] [nio-8083-exec-3] c.i.b.s.provider.EastMoneyStockProvider  : Failed to fetch concepts for stock. code=301622, market=SZ, message=403 Forbidden: "<h1>Nginx forbidden.</h1> <br/>request info: 240e:b87:1f6:d800:a504:b4a9:1b4d:4897<EOL>"
2026-04-21T23:02:04.661+08:00  WARN 20416 --- [inker] [nio-8083-exec-3] c.i.b.s.provider.EastMoneyStockProvider  : Failed to fetch concepts for stock. code=301626, market=SZ, message=403 Forbidden: "<h1>Nginx forbidden.</h1> <br/>request info: 240e:b87:1f6:d800:a504:b4a9:1b4d:4897<EOL>"
2026-04-21T23:02:04.706+08:00  WARN 20416 --- [inker] [nio-8083-exec-3] c.i.b.s.provider.EastMoneyStockProvider  : Failed to fetch concepts for stock. code=301628, market=SZ, message=403 Forbidden: "<h1>Nginx forbidden.</h1> <br/>request info: 240e:b87:1f6:d800:a504:b4a9:1b4d:4897<EOL>"
2026-04-21T23:02:04.754+08:00  WARN 20416 --- [inker] [nio-8083-exec-3] c.i.b.s.provider.EastMoneyStockProvider  : Failed to fetch concepts for stock. code=301629, market=SZ, message=403 Forbidden: "<h1>Nginx forbidden.</h1> <br/>request info: 240e:b87:1f6:d800:a504:b4a9:1b4d:4897<EOL>"
2026-04-21T23:02:04.802+08:00  WARN 20416 --- [inker] [nio-8083-exec-3] c.i.b.s.provider.EastMoneyStockProvider  : Failed to fetch concepts for stock. code=301630, market=SZ, message=403 Forbidden: "<h1>Nginx forbidden.</h1> <br/>request info: 240e:b87:1f6:d800:a504:b4a9:1b4d:4897<EOL>"
2026-04-21T23:02:04.847+08:00  WARN 20416 --- [inker] [nio-8083-exec-3] c.i.b.s.provider.EastMoneyStockProvider  : Failed to fetch concepts for stock. code=301631, market=SZ, message=403 Forbidden: "<h1>Nginx forbidden.</h1> <br/>request info: 240e:b87:1f6:d800:a504:b4a9:1b4d:4897<EOL>"
2026-04-21T23:02:04.897+08:00  WARN 20416 --- [inker] [nio-8083-exec-3] c.i.b.s.provider.EastMoneyStockProvider  : Failed to fetch concepts for stock. code=301632, market=SZ, message=403 Forbidden: "<h1>Nginx forbidden.</h1> <br/>request info: 240e:b87:1f6:d800:a504:b4a9:1b4d:4897<EOL>"
2026-04-21T23:02:04.943+08:00  WARN 20416 --- [inker] [nio-8083-exec-3] c.i.b.s.provider.EastMoneyStockProvider  : Failed to fetch concepts for stock. code=301633, market=SZ, message=403 Forbidden: "<h1>Nginx forbidden.</h1> <br/>request info: 240e:b87:1f6:d800:a504:b4a9:1b4d:4897<EOL>"
2026-04-21T23:02:04.987+08:00  WARN 20416 --- [inker] [nio-8083-exec-3] c.i.b.s.provider.EastMoneyStockProvider  : Failed to fetch concepts for stock. code=301636, market=SZ, message=403 Forbidden: "<h1>Nginx forbidden.</h1> <br/>request info: 240e:b87:1f6:d800:a504:b4a9:1b4d:4897<EOL>"
2026-04-21T23:02:05.036+08:00  WARN 20416 --- [inker] [nio-8083-exec-3] c.i.b.s.provider.EastMoneyStockProvider  : Failed to fetch concepts for stock. code=301638, market=SZ, message=403 Forbidden: "<h1>Nginx forbidden.</h1> <br/>request info: 240e:b87:1f6:d800:a504:b4a9:1b4d:4897<EOL>"
2026-04-21T23:02:05.085+08:00  WARN 20416 --- [inker] [nio-8083-exec-3] c.i.b.s.provider.EastMoneyStockProvider  : Failed to fetch concepts for stock. code=301656, market=SZ, message=403 Forbidden: "<h1>Nginx forbidden.</h1> <br/>request info: 240e:b87:1f6:d800:a504:b4a9:1b4d:4897<EOL>"
2026-04-21T23:02:05.132+08:00  WARN 20416 --- [inker] [nio-8083-exec-3] c.i.b.s.provider.EastMoneyStockProvider  : Failed to fetch concepts for stock. code=301658, market=SZ, message=403 Forbidden: "<h1>Nginx forbidden.</h1> <br/>request info: 240e:b87:1f6:d800:a504:b4a9:1b4d:4897<EOL>"
2026-04-21T23:02:05.182+08:00  WARN 20416 --- [inker] [nio-8083-exec-3] c.i.b.s.provider.EastMoneyStockProvider  : Failed to fetch concepts for stock. code=301662, market=SZ, message=403 Forbidden: "<h1>Nginx forbidden.</h1> <br/>request info: 240e:b87:1f6:d800:a504:b4a9:1b4d:4897<EOL>"
2026-04-21T23:02:05.232+08:00  WARN 20416 --- [inker] [nio-8083-exec-3] c.i.b.s.provider.EastMoneyStockProvider  : Failed to fetch concepts for stock. code=301665, market=SZ, message=403 Forbidden: "<h1>Nginx forbidden.</h1> <br/>request info: 240e:b87:1f6:d800:a504:b4a9:1b4d:4897<EOL>"
2026-04-21T23:02:05.282+08:00  WARN 20416 --- [inker] [nio-8083-exec-3] c.i.b.s.provider.EastMoneyStockProvider  : Failed to fetch concepts for stock. code=301666, market=SZ, message=403 Forbidden: "<h1>Nginx forbidden.</h1> <br/>request info: 240e:b87:1f6:d800:a504:b4a9:1b4d:4897<EOL>"
2026-04-21T23:02:05.328+08:00  WARN 20416 --- [inker] [nio-8083-exec-3] c.i.b.s.provider.EastMoneyStockProvider  : Failed to fetch concepts for stock. code=301667, market=SZ, message=403 Forbidden: "<h1>Nginx forbidden.</h1> <br/>request info: 240e:b87:1f6:d800:a504:b4a9:1b4d:4897<EOL>"
2026-04-21T23:02:05.373+08:00  WARN 20416 --- [inker] [nio-8083-exec-3] c.i.b.s.provider.EastMoneyStockProvider  : Failed to fetch concepts for stock. code=301668, market=SZ, message=403 Forbidden: "<h1>Nginx forbidden.</h1> <br/>request info: 240e:b87:1f6:d800:a504:b4a9:1b4d:4897<EOL>"
2026-04-21T23:02:05.418+08:00  WARN 20416 --- [inker] [nio-8083-exec-3] c.i.b.s.provider.EastMoneyStockProvider  : Failed to fetch concepts for stock. code=301678, market=SZ, message=403 Forbidden: "<h1>Nginx forbidden.</h1> <br/>request info: 240e:b87:1f6:d800:a504:b4a9:1b4d:4897<EOL>"
2026-04-21T23:02:05.468+08:00  WARN 20416 --- [inker] [nio-8083-exec-3] c.i.b.s.provider.EastMoneyStockProvider  : Failed to fetch concepts for stock. code=301680, market=SZ, message=403 Forbidden: "<h1>Nginx forbidden.</h1> <br/>request info: 240e:b87:1f6:d800:a504:b4a9:1b4d:4897<EOL>"
2026-04-21T23:02:05.514+08:00  WARN 20416 --- [inker] [nio-8083-exec-3] c.i.b.s.provider.EastMoneyStockProvider  : Failed to fetch concepts for stock. code=301682, market=SZ, message=403 Forbidden: "<h1>Nginx forbidden.</h1> <br/>request info: 240e:b87:1f6:d800:a504:b4a9:1b4d:4897<EOL>"
2026-04-21T23:02:05.565+08:00  WARN 20416 --- [inker] [nio-8083-exec-3] c.i.b.s.provider.EastMoneyStockProvider  : Failed to fetch concepts for stock. code=301683, market=SZ, message=403 Forbidden: "<h1>Nginx forbidden.</h1> <br/>request info: 240e:b87:1f6:d800:a504:b4a9:1b4d:4897<EOL>"
2026-04-21T23:02:05.610+08:00  WARN 20416 --- [inker] [nio-8083-exec-3] c.i.b.s.provider.EastMoneyStockProvider  : Failed to fetch concepts for stock. code=301687, market=SZ, message=403 Forbidden: "<h1>Nginx forbidden.</h1> <br/>request info: 240e:b87:1f6:d800:a504:b4a9:1b4d:4897<EOL>"
2026-04-21T23:02:05.661+08:00  WARN 20416 --- [inker] [nio-8083-exec-3] c.i.b.s.provider.EastMoneyStockProvider  : Failed to fetch concepts for stock. code=301696, market=SZ, message=403 Forbidden: "<h1>Nginx forbidden.</h1> <br/>request info: 240e:b87:1f6:d800:a504:b4a9:1b4d:4897<EOL>"
2026-04-21T23:02:05.713+08:00  WARN 20416 --- [inker] [nio-8083-exec-3] c.i.b.s.provider.EastMoneyStockProvider  : Failed to fetch concepts for stock. code=302132, market=SZ, message=403 Forbidden: "<h1>Nginx forbidden.</h1> <br/>request info: 240e:b87:1f6:d800:a504:b4a9:1b4d:4897<EOL>"
2026-04-21T23:02:05.759+08:00  WARN 20416 --- [inker] [nio-8083-exec-3] c.i.b.s.provider.EastMoneyStockProvider  : Failed to fetch concepts for stock. code=600000, market=SH, message=403 Forbidden: "<h1>Nginx forbidden.</h1> <br/>request info: 240e:b87:1f6:d800:a504:b4a9:1b4d:4897<EOL>"
2026-04-21T23:02:05.804+08:00  WARN 20416 --- [inker] [nio-8083-exec-3] c.i.b.s.provider.EastMoneyStockProvider  : Failed to fetch concepts for stock. code=600004, market=SH, message=403 Forbidden: "<h1>Nginx forbidden.</h1> <br/>request info: 240e:b87:1f6:d800:a504:b4a9:1b4d:4897<EOL>"
2026-04-21T23:02:05.854+08:00  WARN 20416 --- [inker] [nio-8083-exec-3] c.i.b.s.provider.EastMoneyStockProvider  : Failed to fetch concepts for stock. code=600006, market=SH, message=403 Forbidden: "<h1>Nginx forbidden.</h1> <br/>request info: 240e:b87:1f6:d800:a504:b4a9:1b4d:4897<EOL>"
2026-04-21T23:02:05.902+08:00  WARN 20416 --- [inker] [nio-8083-exec-3] c.i.b.s.provider.EastMoneyStockProvider  : Failed to fetch concepts for stock. code=600007, market=SH, message=403 Forbidden: "<h1>Nginx forbidden.</h1> <br/>request info: 240e:b87:1f6:d800:a504:b4a9:1b4d:4897<EOL>"
2026-04-21T23:02:05.951+08:00  WARN 20416 --- [inker] [nio-8083-exec-3] c.i.b.s.provider.EastMoneyStockProvider  : Failed to fetch concepts for stock. code=600008, market=SH, message=403 Forbidden: "<h1>Nginx forbidden.</h1> <br/>request info: 240e:b87:1f6:d800:a504:b4a9:1b4d:4897<EOL>"
2026-04-21T23:02:06.001+08:00  WARN 20416 --- [inker] [nio-8083-exec-3] c.i.b.s.provider.EastMoneyStockProvider  : Failed to fetch concepts for stock. code=600009, market=SH, message=403 Forbidden: "<h1>Nginx forbidden.</h1> <br/>request info: 240e:b87:1f6:d800:a504:b4a9:1b4d:4897<EOL>"
2026-04-21T23:02:06.049+08:00  WARN 20416 --- [inker] [nio-8083-exec-3] c.i.b.s.provider.EastMoneyStockProvider  : Failed to fetch concepts for stock. code=600010, market=SH, message=403 Forbidden: "<h1>Nginx forbidden.</h1> <br/>request info: 240e:b87:1f6:d800:a504:b4a9:1b4d:4897<EOL>"
2026-04-21T23:02:06.099+08:00  WARN 20416 --- [inker] [nio-8083-exec-3] c.i.b.s.provider.EastMoneyStockProvider  : Failed to fetch concepts for stock. code=600011, market=SH, message=403 Forbidden: "<h1>Nginx forbidden.</h1> <br/>request info: 240e:b87:1f6:d800:a504:b4a9:1b4d:4897<EOL>"
2026-04-21T23:02:06.223+08:00  WARN 20416 --- [inker] [nio-8083-exec-3] c.i.b.s.provider.EastMoneyStockProvider  : Failed to fetch concepts for stock. code=600012, market=SH, message=403 Forbidden: "<h1>Nginx forbidden.</h1> <br/>request info: 240e:b87:1f6:d800:a504:b4a9:1b4d:4897<EOL>"
2026-04-21T23:02:06.272+08:00  WARN 20416 --- [inker] [nio-8083-exec-3] c.i.b.s.provider.EastMoneyStockProvider  : Failed to fetch concepts for stock. code=600015, market=SH, message=403 Forbidden: "<h1>Nginx forbidden.</h1> <br/>request info: 240e:b87:1f6:d800:a504:b4a9:1b4d:4897<EOL>"
2026-04-21T23:02:06.321+08:00  WARN 20416 --- [inker] [nio-8083-exec-3] c.i.b.s.provider.EastMoneyStockProvider  : Failed to fetch concepts for stock. code=600016, market=SH, message=403 Forbidden: "<h1>Nginx forbidden.</h1> <br/>request info: 240e:b87:1f6:d800:a504:b4a9:1b4d:4897<EOL>"
2026-04-21T23:02:06.369+08:00  WARN 20416 --- [inker] [nio-8083-exec-3] c.i.b.s.provider.EastMoneyStockProvider  : Failed to fetch concepts for stock. code=600017, market=SH, message=403 Forbidden: "<h1>Nginx forbidden.</h1> <br/>request info: 240e:b87:1f6:d800:a504:b4a9:1b4d:4897<EOL>"
2026-04-21T23:02:06.416+08:00  WARN 20416 --- [inker] [nio-8083-exec-3] c.i.b.s.provider.EastMoneyStockProvider  : Failed to fetch concepts for stock. code=600018, market=SH, message=403 Forbidden: "<h1>Nginx forbidden.</h1> <br/>request info: 240e:b87:1f6:d800:a504:b4a9:1b4d:4897<EOL>"
2026-04-21T23:02:06.465+08:00  WARN 20416 --- [inker] [nio-8083-exec-3] c.i.b.s.provider.EastMoneyStockProvider  : Failed to fetch concepts for stock. code=600019, market=SH, message=403 Forbidden: "<h1>Nginx forbidden.</h1> <br/>request info: 240e:b87:1f6:d800:a504:b4a9:1b4d:4897<EOL>"
2026-04-21T23:02:06.514+08:00  WARN 20416 --- [inker] [nio-8083-exec-3] c.i.b.s.provider.EastMoneyStockProvider  : Failed to fetch concepts for stock. code=600020, market=SH, message=403 Forbidden: "<h1>Nginx forbidden.</h1> <br/>request info: 240e:b87:1f6:d800:a504:b4a9:1b4d:4897<EOL>"
2026-04-21T23:02:06.565+08:00  WARN 20416 --- [inker] [nio-8083-exec-3] c.i.b.s.provider.EastMoneyStockProvider  : Failed to fetch concepts for stock. code=600021, market=SH, message=403 Forbidden: "<h1>Nginx forbidden.</h1> <br/>request info: 240e:b87:1f6:d800:a504:b4a9:1b4d:4897<EOL>"
2026-04-21T23:02:06.609+08:00  WARN 20416 --- [inker] [nio-8083-exec-3] c.i.b.s.provider.EastMoneyStockProvider  : Failed to fetch concepts for stock. code=600022, market=SH, message=403 Forbidden: "<h1>Nginx forbidden.</h1> <br/>request info: 240e:b87:1f6:d800:a504:b4a9:1b4d:4897<EOL>"
2026-04-21T23:02:06.656+08:00  WARN 20416 --- [inker] [nio-8083-exec-3] c.i.b.s.provider.EastMoneyStockProvider  : Failed to fetch concepts for stock. code=600023, market=SH, message=403 Forbidden: "<h1>Nginx forbidden.</h1> <br/>request info: 240e:b87:1f6:d800:a504:b4a9:1b4d:4897<EOL>"
2026-04-21T23:02:06.707+08:00  WARN 20416 --- [inker] [nio-8083-exec-3] c.i.b.s.provider.EastMoneyStockProvider  : Failed to fetch concepts for stock. code=600025, market=SH, message=403 Forbidden: "<h1>Nginx forbidden.</h1> <br/>request info: 240e:b87:1f6:d800:a504:b4a9:1b4d:4897<EOL>"
2026-04-21T23:02:06.755+08:00  WARN 20416 --- [inker] [nio-8083-exec-3] c.i.b.s.provider.EastMoneyStockProvider  : Failed to fetch concepts for stock. code=600026, market=SH, message=403 Forbidden: "<h1>Nginx forbidden.</h1> <br/>request info: 240e:b87:1f6:d800:a504:b4a9:1b4d:4897<EOL>"
2026-04-21T23:02:06.802+08:00  WARN 20416 --- [inker] [nio-8083-exec-3] c.i.b.s.provider.EastMoneyStockProvider  : Failed to fetch concepts for stock. code=600027, market=SH, message=403 Forbidden: "<h1>Nginx forbidden.</h1> <br/>request info: 240e:b87:1f6:d800:a504:b4a9:1b4d:4897<EOL>"
2026-04-21T23:02:06.850+08:00  WARN 20416 --- [inker] [nio-8083-exec-3] c.i.b.s.provider.EastMoneyStockProvider  : Failed to fetch concepts for stock. code=600028, market=SH, message=403 Forbidden: "<h1>Nginx forbidden.</h1> <br/>request info: 240e:b87:1f6:d800:a504:b4a9:1b4d:4897<EOL>"
2026-04-21T23:02:06.900+08:00  WARN 20416 --- [inker] [nio-8083-exec-3] c.i.b.s.provider.EastMoneyStockProvider  : Failed to fetch concepts for stock. code=600029, market=SH, message=403 Forbidden: "<h1>Nginx forbidden.</h1> <br/>request info: 240e:b87:1f6:d800:a504:b4a9:1b4d:4897<EOL>"
2026-04-21T23:02:06.948+08:00  WARN 20416 --- [inker] [nio-8083-exec-3] c.i.b.s.provider.EastMoneyStockProvider  : Failed to fetch concepts for stock. code=600030, market=SH, message=403 Forbidden: "<h1>Nginx forbidden.</h1> <br/>request info: 240e:b87:1f6:d800:a504:b4a9:1b4d:4897<EOL>"
2026-04-21T23:02:06.996+08:00  WARN 20416 --- [inker] [nio-8083-exec-3] c.i.b.s.provider.EastMoneyStockProvider  : Failed to fetch concepts for stock. code=600031, market=SH, message=403 Forbidden: "<h1>Nginx forbidden.</h1> <br/>request info: 240e:b87:1f6:d800:a504:b4a9:1b4d:4897<EOL>"
2026-04-21T23:02:07.045+08:00  WARN 20416 --- [inker] [nio-8083-exec-3] c.i.b.s.provider.EastMoneyStockProvider  : Failed to fetch concepts for stock. code=600032, market=SH, message=403 Forbidden: "<h1>Nginx forbidden.</h1> <br/>request info: 240e:b87:1f6:d800:a504:b4a9:1b4d:4897<EOL>"
2026-04-21T23:02:07.090+08:00  WARN 20416 --- [inker] [nio-8083-exec-3] c.i.b.s.provider.EastMoneyStockProvider  : Failed to fetch concepts for stock. code=600033, market=SH, message=403 Forbidden: "<h1>Nginx forbidden.</h1> <br/>request info: 240e:b87:1f6:d800:a504:b4a9:1b4d:4897<EOL>"
2026-04-21T23:02:07.136+08:00  WARN 20416 --- [inker] [nio-8083-exec-3] c.i.b.s.provider.EastMoneyStockProvider  : Failed to fetch concepts for stock. code=600035, market=SH, message=403 Forbidden: "<h1>Nginx forbidden.</h1> <br/>request info: 240e:b87:1f6:d800:a504:b4a9:1b4d:4897<EOL>"
2026-04-21T23:02:07.182+08:00  WARN 20416 --- [inker] [nio-8083-exec-3] c.i.b.s.provider.EastMoneyStockProvider  : Failed to fetch concepts for stock. code=600036, market=SH, message=403 Forbidden: "<h1>Nginx forbidden.</h1> <br/>request info: 240e:b87:1f6:d800:a504:b4a9:1b4d:4897<EOL>"
2026-04-21T23:02:07.228+08:00  WARN 20416 --- [inker] [nio-8083-exec-3] c.i.b.s.provider.EastMoneyStockProvider  : Failed to fetch concepts for stock. code=600037, market=SH, message=403 Forbidden: "<h1>Nginx forbidden.</h1> <br/>request info: 240e:b87:1f6:d800:a504:b4a9:1b4d:4897<EOL>"
2026-04-21T23:02:07.275+08:00  WARN 20416 --- [inker] [nio-8083-exec-3] c.i.b.s.provider.EastMoneyStockProvider  : Failed to fetch concepts for stock. code=600038, market=SH, message=403 Forbidden: "<h1>Nginx forbidden.</h1> <br/>request info: 240e:b87:1f6:d800:a504:b4a9:1b4d:4897<EOL>"
2026-04-21T23:02:07.323+08:00  WARN 20416 --- [inker] [nio-8083-exec-3] c.i.b.s.provider.EastMoneyStockProvider  : Failed to fetch concepts for stock. code=600039, market=SH, message=403 Forbidden: "<h1>Nginx forbidden.</h1> <br/>request info: 240e:b87:1f6:d800:a504:b4a9:1b4d:4897<EOL>"
2026-04-21T23:02:07.370+08:00  WARN 20416 --- [inker] [nio-8083-exec-3] c.i.b.s.provider.EastMoneyStockProvider  : Failed to fetch concepts for stock. code=600048, market=SH, message=403 Forbidden: "<h1>Nginx forbidden.</h1> <br/>request info: 240e:b87:1f6:d800:a504:b4a9:1b4d:4897<EOL>"
2026-04-21T23:02:07.420+08:00  WARN 20416 --- [inker] [nio-8083-exec-3] c.i.b.s.provider.EastMoneyStockProvider  : Failed to fetch concepts for stock. code=600050, market=SH, message=403 Forbidden: "<h1>Nginx forbidden.</h1> <br/>request info: 240e:b87:1f6:d800:a504:b4a9:1b4d:4897<EOL>"
2026-04-21T23:02:07.470+08:00  WARN 20416 --- [inker] [nio-8083-exec-3] c.i.b.s.provider.EastMoneyStockProvider  : Failed to fetch concepts for stock. code=600051, market=SH, message=403 Forbidden: "<h1>Nginx forbidden.</h1> <br/>request info: 240e:b87:1f6:d800:a504:b4a9:1b4d:4897<EOL>"
2026-04-21T23:02:07.520+08:00  WARN 20416 --- [inker] [nio-8083-exec-3] c.i.b.s.provider.EastMoneyStockProvider  : Failed to fetch concepts for stock. code=600052, market=SH, message=403 Forbidden: "<h1>Nginx forbidden.</h1> <br/>request info: 240e:b87:1f6:d800:a504:b4a9:1b4d:4897<EOL>"
2026-04-21T23:02:07.569+08:00  WARN 20416 --- [inker] [nio-8083-exec-3] c.i.b.s.provider.EastMoneyStockProvider  : Failed to fetch concepts for stock. code=600053, market=SH, message=403 Forbidden: "<h1>Nginx forbidden.</h1> <br/>request info: 240e:b87:1f6:d800:a504:b4a9:1b4d:4897<EOL>"
2026-04-21T23:02:07.617+08:00  WARN 20416 --- [inker] [nio-8083-exec-3] c.i.b.s.provider.EastMoneyStockProvider  : Failed to fetch concepts for stock. code=600054, market=SH, message=403 Forbidden: "<h1>Nginx forbidden.</h1> <br/>request info: 240e:b87:1f6:d800:a504:b4a9:1b4d:4897<EOL>"
2026-04-21T23:02:07.664+08:00  WARN 20416 --- [inker] [nio-8083-exec-3] c.i.b.s.provider.EastMoneyStockProvider  : Failed to fetch concepts for stock. code=600055, market=SH, message=403 Forbidden: "<h1>Nginx forbidden.</h1> <br/>request info: 240e:b87:1f6:d800:a504:b4a9:1b4d:4897<EOL>"
2026-04-21T23:02:07.712+08:00  WARN 20416 --- [inker] [nio-8083-exec-3] c.i.b.s.provider.EastMoneyStockProvider  : Failed to fetch concepts for stock. code=600056, market=SH, message=403 Forbidden: "<h1>Nginx forbidden.</h1> <br/>request info: 240e:b87:1f6:d800:a504:b4a9:1b4d:4897<EOL>"
2026-04-21T23:02:07.757+08:00  WARN 20416 --- [inker] [nio-8083-exec-3] c.i.b.s.provider.EastMoneyStockProvider  : Failed to fetch concepts for stock. code=600057, market=SH, message=403 Forbidden: "<h1>Nginx forbidden.</h1> <br/>request info: 240e:b87:1f6:d800:a504:b4a9:1b4d:4897<EOL>"
2026-04-21T23:02:07.806+08:00  WARN 20416 --- [inker] [nio-8083-exec-3] c.i.b.s.provider.EastMoneyStockProvider  : Failed to fetch concepts for stock. code=600058, market=SH, message=403 Forbidden: "<h1>Nginx forbidden.</h1> <br/>request info: 240e:b87:1f6:d800:a504:b4a9:1b4d:4897<EOL>"
2026-04-21T23:02:07.851+08:00  WARN 20416 --- [inker] [nio-8083-exec-3] c.i.b.s.provider.EastMoneyStockProvider  : Failed to fetch concepts for stock. code=600059, market=SH, message=403 Forbidden: "<h1>Nginx forbidden.</h1> <br/>request info: 240e:b87:1f6:d800:a504:b4a9:1b4d:4897<EOL>"
2026-04-21T23:02:07.901+08:00  WARN 20416 --- [inker] [nio-8083-exec-3] c.i.b.s.provider.EastMoneyStockProvider  : Failed to fetch concepts for stock. code=600060, market=SH, message=403 Forbidden: "<h1>Nginx forbidden.</h1> <br/>request info: 240e:b87:1f6:d800:a504:b4a9:1b4d:4897<EOL>"
2026-04-21T23:02:07.946+08:00  WARN 20416 --- [inker] [nio-8083-exec-3] c.i.b.s.provider.EastMoneyStockProvider  : Failed to fetch concepts for stock. code=600061, market=SH, message=403 Forbidden: "<h1>Nginx forbidden.</h1> <br/>request info: 240e:b87:1f6:d800:a504:b4a9:1b4d:4897<EOL>"
2026-04-21T23:02:07.994+08:00  WARN 20416 --- [inker] [nio-8083-exec-3] c.i.b.s.provider.EastMoneyStockProvider  : Failed to fetch concepts for stock. code=600062, market=SH, message=403 Forbidden: "<h1>Nginx forbidden.</h1> <br/>request info: 240e:b87:1f6:d800:a504:b4a9:1b4d:4897<EOL>"
2026-04-21T23:02:08.044+08:00  WARN 20416 --- [inker] [nio-8083-exec-3] c.i.b.s.provider.EastMoneyStockProvider  : Failed to fetch concepts for stock. code=600063, market=SH, message=403 Forbidden: "<h1>Nginx forbidden.</h1> <br/>request info: 240e:b87:1f6:d800:a504:b4a9:1b4d:4897<EOL>"
2026-04-21T23:02:08.091+08:00  WARN 20416 --- [inker] [nio-8083-exec-3] c.i.b.s.provider.EastMoneyStockProvider  : Failed to fetch concepts for stock. code=600064, market=SH, message=403 Forbidden: "<h1>Nginx forbidden.</h1> <br/>request info: 240e:b87:1f6:d800:a504:b4a9:1b4d:4897<EOL>"
2026-04-21T23:02:08.136+08:00  WARN 20416 --- [inker] [nio-8083-exec-3] c.i.b.s.provider.EastMoneyStockProvider  : Failed to fetch concepts for stock. code=600066, market=SH, message=403 Forbidden: "<h1>Nginx forbidden.</h1> <br/>request info: 240e:b87:1f6:d800:a504:b4a9:1b4d:4897<EOL>"
2026-04-21T23:02:08.185+08:00  WARN 20416 --- [inker] [nio-8083-exec-3] c.i.b.s.provider.EastMoneyStockProvider  : Failed to fetch concepts for stock. code=600067, market=SH, message=403 Forbidden: "<h1>Nginx forbidden.</h1> <br/>request info: 240e:b87:1f6:d800:a504:b4a9:1b4d:4897<EOL>"
2026-04-21T23:02:08.235+08:00  WARN 20416 --- [inker] [nio-8083-exec-3] c.i.b.s.provider.EastMoneyStockProvider  : Failed to fetch concepts for stock. code=600071, market=SH, message=403 Forbidden: "<h1>Nginx forbidden.</h1> <br/>request info: 240e:b87:1f6:d800:a504:b4a9:1b4d:4897<EOL>"
2026-04-21T23:02:08.290+08:00  WARN 20416 --- [inker] [nio-8083-exec-3] c.i.b.s.provider.EastMoneyStockProvider  : Failed to fetch concepts for stock. code=600072, market=SH, message=403 Forbidden: "<h1>Nginx forbidden.</h1> <br/>request info: 240e:b87:1f6:d800:a504:b4a9:1b4d:4897<EOL>"
2026-04-21T23:02:08.337+08:00  WARN 20416 --- [inker] [nio-8083-exec-3] c.i.b.s.provider.EastMoneyStockProvider  : Failed to fetch concepts for stock. code=600073, market=SH, message=403 Forbidden: "<h1>Nginx forbidden.</h1> <br/>request info: 240e:b87:1f6:d800:a504:b4a9:1b4d:4897<EOL>"
2026-04-21T23:02:08.390+08:00  WARN 20416 --- [inker] [nio-8083-exec-3] c.i.b.s.provider.EastMoneyStockProvider  : Failed to fetch concepts for stock. code=600075, market=SH, message=403 Forbidden: "<h1>Nginx forbidden.</h1> <br/>request info: 240e:b87:1f6:d800:a504:b4a9:1b4d:4897<EOL>"
2026-04-21T23:02:08.437+08:00  WARN 20416 --- [inker] [nio-8083-exec-3] c.i.b.s.provider.EastMoneyStockProvider  : Failed to fetch concepts for stock. code=600076, market=SH, message=403 Forbidden: "<h1>Nginx forbidden.</h1> <br/>request info: 240e:b87:1f6:d800:a504:b4a9:1b4d:4897<EOL>"
2026-04-21T23:02:08.485+08:00  WARN 20416 --- [inker] [nio-8083-exec-3] c.i.b.s.provider.EastMoneyStockProvider  : Failed to fetch concepts for stock. code=600078, market=SH, message=403 Forbidden: "<h1>Nginx forbidden.</h1> <br/>request info: 240e:b87:1f6:d800:a504:b4a9:1b4d:4897<EOL>"
2026-04-21T23:02:08.529+08:00  WARN 20416 --- [inker] [nio-8083-exec-3] c.i.b.s.provider.EastMoneyStockProvider  : Failed to fetch concepts for stock. code=600080, market=SH, message=403 Forbidden: "<h1>Nginx forbidden.</h1> <br/>request info: 240e:b87:1f6:d800:a504:b4a9:1b4d:4897<EOL>"
2026-04-21T23:02:08.574+08:00  WARN 20416 --- [inker] [nio-8083-exec-3] c.i.b.s.provider.EastMoneyStockProvider  : Failed to fetch concepts for stock. code=600081, market=SH, message=403 Forbidden: "<h1>Nginx forbidden.</h1> <br/>request info: 240e:b87:1f6:d800:a504:b4a9:1b4d:4897<EOL>"
2026-04-21T23:02:08.623+08:00  WARN 20416 --- [inker] [nio-8083-exec-3] c.i.b.s.provider.EastMoneyStockProvider  : Failed to fetch concepts for stock. code=600084, market=SH, message=403 Forbidden: "<h1>Nginx forbidden.</h1> <br/>request info: 240e:b87:1f6:d800:a504:b4a9:1b4d:4897<EOL>"
2026-04-21T23:02:08.712+08:00  WARN 20416 --- [inker] [nio-8083-exec-3] c.i.b.s.provider.EastMoneyStockProvider  : Failed to fetch concepts for stock. code=600085, market=SH, message=403 Forbidden: "<h1>Nginx forbidden.</h1> <br/>request info: 240e:b87:1f6:d800:a504:b4a9:1b4d:4897<EOL>"
2026-04-21T23:02:08.761+08:00  WARN 20416 --- [inker] [nio-8083-exec-3] c.i.b.s.provider.EastMoneyStockProvider  : Failed to fetch concepts for stock. code=600088, market=SH, message=403 Forbidden: "<h1>Nginx forbidden.</h1> <br/>request info: 240e:b87:1f6:d800:a504:b4a9:1b4d:4897<EOL>"
2026-04-21T23:02:08.811+08:00  WARN 20416 --- [inker] [nio-8083-exec-3] c.i.b.s.provider.EastMoneyStockProvider  : Failed to fetch concepts for stock. code=600089, market=SH, message=403 Forbidden: "<h1>Nginx forbidden.</h1> <br/>request info: 240e:b87:1f6:d800:a504:b4a9:1b4d:4897<EOL>"
2026-04-21T23:02:08.858+08:00  WARN 20416 --- [inker] [nio-8083-exec-3] c.i.b.s.provider.EastMoneyStockProvider  : Failed to fetch concepts for stock. code=600094, market=SH, message=403 Forbidden: "<h1>Nginx forbidden.</h1> <br/>request info: 240e:b87:1f6:d800:a504:b4a9:1b4d:4897<EOL>"
2026-04-21T23:02:08.908+08:00  WARN 20416 --- [inker] [nio-8083-exec-3] c.i.b.s.provider.EastMoneyStockProvider  : Failed to fetch concepts for stock. code=600095, market=SH, message=403 Forbidden: "<h1>Nginx forbidden.</h1> <br/>request info: 240e:b87:1f6:d800:a504:b4a9:1b4d:4897<EOL>"
2026-04-21T23:02:08.957+08:00  WARN 20416 --- [inker] [nio-8083-exec-3] c.i.b.s.provider.EastMoneyStockProvider  : Failed to fetch concepts for stock. code=600096, market=SH, message=403 Forbidden: "<h1>Nginx forbidden.</h1> <br/>request info: 240e:b87:1f6:d800:a504:b4a9:1b4d:4897<EOL>"
2026-04-21T23:02:09.004+08:00  WARN 20416 --- [inker] [nio-8083-exec-3] c.i.b.s.provider.EastMoneyStockProvider  : Failed to fetch concepts for stock. code=600097, market=SH, message=403 Forbidden: "<h1>Nginx forbidden.</h1> <br/>request info: 240e:b87:1f6:d800:a504:b4a9:1b4d:4897<EOL>"
2026-04-21T23:02:09.052+08:00  WARN 20416 --- [inker] [nio-8083-exec-3] c.i.b.s.provider.EastMoneyStockProvider  : Failed to fetch concepts for stock. code=600098, market=SH, message=403 Forbidden: "<h1>Nginx forbidden.</h1> <br/>request info: 240e:b87:1f6:d800:a504:b4a9:1b4d:4897<EOL>"
2026-04-21T23:02:09.119+08:00  WARN 20416 --- [inker] [nio-8083-exec-3] c.i.b.s.provider.EastMoneyStockProvider  : Failed to fetch concepts for stock. code=600099, market=SH, message=403 Forbidden: "<h1>Nginx forbidden.</h1> <br/>request info: 240e:b87:1f6:d800:a504:b4a9:1b4d:4897<EOL>"
2026-04-21T23:02:09.168+08:00  WARN 20416 --- [inker] [nio-8083-exec-3] c.i.b.s.provider.EastMoneyStockProvider  : Failed to fetch concepts for stock. code=600100, market=SH, message=403 Forbidden: "<h1>Nginx forbidden.</h1> <br/>request info: 240e:b87:1f6:d800:a504:b4a9:1b4d:4897<EOL>"
2026-04-21T23:02:09.217+08:00  WARN 20416 --- [inker] [nio-8083-exec-3] c.i.b.s.provider.EastMoneyStockProvider  : Failed to fetch concepts for stock. code=600101, market=SH, message=403 Forbidden: "<h1>Nginx forbidden.</h1> <br/>request info: 240e:b87:1f6:d800:a504:b4a9:1b4d:4897<EOL>"
2026-04-21T23:02:09.267+08:00  WARN 20416 --- [inker] [nio-8083-exec-3] c.i.b.s.provider.EastMoneyStockProvider  : Failed to fetch concepts for stock. code=600103, market=SH, message=403 Forbidden: "<h1>Nginx forbidden.</h1> <br/>request info: 240e:b87:1f6:d800:a504:b4a9:1b4d:4897<EOL>"
2026-04-21T23:02:09.317+08:00  WARN 20416 --- [inker] [nio-8083-exec-3] c.i.b.s.provider.EastMoneyStockProvider  : Failed to fetch concepts for stock. code=600104, market=SH, message=403 Forbidden: "<h1>Nginx forbidden.</h1> <br/>request info: 240e:b87:1f6:d800:a504:b4a9:1b4d:4897<EOL>"
2026-04-21T23:02:09.363+08:00  WARN 20416 --- [inker] [nio-8083-exec-3] c.i.b.s.provider.EastMoneyStockProvider  : Failed to fetch concepts for stock. code=600105, market=SH, message=403 Forbidden: "<h1>Nginx forbidden.</h1> <br/>request info: 240e:b87:1f6:d800:a504:b4a9:1b4d:4897<EOL>"
2026-04-21T23:02:09.412+08:00  WARN 20416 --- [inker] [nio-8083-exec-3] c.i.b.s.provider.EastMoneyStockProvider  : Failed to fetch concepts for stock. code=600106, market=SH, message=403 Forbidden: "<h1>Nginx forbidden.</h1> <br/>request info: 240e:b87:1f6:d800:a504:b4a9:1b4d:4897<EOL>"
2026-04-21T23:02:09.456+08:00  WARN 20416 --- [inker] [nio-8083-exec-3] c.i.b.s.provider.EastMoneyStockProvider  : Failed to fetch concepts for stock. code=600108, market=SH, message=403 Forbidden: "<h1>Nginx forbidden.</h1> <br/>request info: 240e:b87:1f6:d800:a504:b4a9:1b4d:4897<EOL>"
2026-04-21T23:02:09.505+08:00  WARN 20416 --- [inker] [nio-8083-exec-3] c.i.b.s.provider.EastMoneyStockProvider  : Failed to fetch concepts for stock. code=600109, market=SH, message=403 Forbidden: "<h1>Nginx forbidden.</h1> <br/>request info: 240e:b87:1f6:d800:a504:b4a9:1b4d:4897<EOL>"
2026-04-21T23:02:09.553+08:00  WARN 20416 --- [inker] [nio-8083-exec-3] c.i.b.s.provider.EastMoneyStockProvider  : Failed to fetch concepts for stock. code=600110, market=SH, message=403 Forbidden: "<h1>Nginx forbidden.</h1> <br/>request info: 240e:b87:1f6:d800:a504:b4a9:1b4d:4897<EOL>"
2026-04-21T23:02:09.597+08:00  WARN 20416 --- [inker] [nio-8083-exec-3] c.i.b.s.provider.EastMoneyStockProvider  : Failed to fetch concepts for stock. code=600111, market=SH, message=403 Forbidden: "<h1>Nginx forbidden.</h1> <br/>request info: 240e:b87:1f6:d800:a504:b4a9:1b4d:4897<EOL>"
2026-04-21T23:02:09.648+08:00  WARN 20416 --- [inker] [nio-8083-exec-3] c.i.b.s.provider.EastMoneyStockProvider  : Failed to fetch concepts for stock. code=600113, market=SH, message=403 Forbidden: "<h1>Nginx forbidden.</h1> <br/>request info: 240e:b87:1f6:d800:a504:b4a9:1b4d:4897<EOL>"
2026-04-21T23:02:09.692+08:00  WARN 20416 --- [inker] [nio-8083-exec-3] c.i.b.s.provider.EastMoneyStockProvider  : Failed to fetch concepts for stock. code=600114, market=SH, message=403 Forbidden: "<h1>Nginx forbidden.</h1> <br/>request info: 240e:b87:1f6:d800:a504:b4a9:1b4d:4897<EOL>"
2026-04-21T23:02:09.738+08:00  WARN 20416 --- [inker] [nio-8083-exec-3] c.i.b.s.provider.EastMoneyStockProvider  : Failed to fetch concepts for stock. code=600115, market=SH, message=403 Forbidden: "<h1>Nginx forbidden.</h1> <br/>request info: 240e:b87:1f6:d800:a504:b4a9:1b4d:4897<EOL>"
2026-04-21T23:02:09.788+08:00  WARN 20416 --- [inker] [nio-8083-exec-3] c.i.b.s.provider.EastMoneyStockProvider  : Failed to fetch concepts for stock. code=600116, market=SH, message=403 Forbidden: "<h1>Nginx forbidden.</h1> <br/>request info: 240e:b87:1f6:d800:a504:b4a9:1b4d:4897<EOL>"
2026-04-21T23:02:09.834+08:00  WARN 20416 --- [inker] [nio-8083-exec-3] c.i.b.s.provider.EastMoneyStockProvider  : Failed to fetch concepts for stock. code=600117, market=SH, message=403 Forbidden: "<h1>Nginx forbidden.</h1> <br/>request info: 240e:b87:1f6:d800:a504:b4a9:1b4d:4897<EOL>"
2026-04-21T23:02:09.884+08:00  WARN 20416 --- [inker] [nio-8083-exec-3] c.i.b.s.provider.EastMoneyStockProvider  : Failed to fetch concepts for stock. code=600118, market=SH, message=403 Forbidden: "<h1>Nginx forbidden.</h1> <br/>request info: 240e:b87:1f6:d800:a504:b4a9:1b4d:4897<EOL>"
2026-04-21T23:02:09.932+08:00  WARN 20416 --- [inker] [nio-8083-exec-3] c.i.b.s.provider.EastMoneyStockProvider  : Failed to fetch concepts for stock. code=600119, market=SH, message=403 Forbidden: "<h1>Nginx forbidden.</h1> <br/>request info: 240e:b87:1f6:d800:a504:b4a9:1b4d:4897<EOL>"
2026-04-21T23:02:09.977+08:00  WARN 20416 --- [inker] [nio-8083-exec-3] c.i.b.s.provider.EastMoneyStockProvider  : Failed to fetch concepts for stock. code=600120, market=SH, message=403 Forbidden: "<h1>Nginx forbidden.</h1> <br/>request info: 240e:b87:1f6:d800:a504:b4a9:1b4d:4897<EOL>"
2026-04-21T23:02:10.024+08:00  WARN 20416 --- [inker] [nio-8083-exec-3] c.i.b.s.provider.EastMoneyStockProvider  : Failed to fetch concepts for stock. code=600121, market=SH, message=403 Forbidden: "<h1>Nginx forbidden.</h1> <br/>request info: 240e:b87:1f6:d800:a504:b4a9:1b4d:4897<EOL>"
2026-04-21T23:02:10.071+08:00  WARN 20416 --- [inker] [nio-8083-exec-3] c.i.b.s.provider.EastMoneyStockProvider  : Failed to fetch concepts for stock. code=600123, market=SH, message=403 Forbidden: "<h1>Nginx forbidden.</h1> <br/>request info: 240e:b87:1f6:d800:a504:b4a9:1b4d:4897<EOL>"
2026-04-21T23:02:10.120+08:00  WARN 20416 --- [inker] [nio-8083-exec-3] c.i.b.s.provider.EastMoneyStockProvider  : Failed to fetch concepts for stock. code=600125, market=SH, message=403 Forbidden: "<h1>Nginx forbidden.</h1> <br/>request info: 240e:b87:1f6:d800:a504:b4a9:1b4d:4897<EOL>"
2026-04-21T23:02:10.165+08:00  WARN 20416 --- [inker] [nio-8083-exec-3] c.i.b.s.provider.EastMoneyStockProvider  : Failed to fetch concepts for stock. code=600126, market=SH, message=403 Forbidden: "<h1>Nginx forbidden.</h1> <br/>request info: 240e:b87:1f6:d800:a504:b4a9:1b4d:4897<EOL>"
2026-04-21T23:02:10.214+08:00  WARN 20416 --- [inker] [nio-8083-exec-3] c.i.b.s.provider.EastMoneyStockProvider  : Failed to fetch concepts for stock. code=600127, market=SH, message=403 Forbidden: "<h1>Nginx forbidden.</h1> <br/>request info: 240e:b87:1f6:d800:a504:b4a9:1b4d:4897<EOL>"
2026-04-21T23:02:10.259+08:00  WARN 20416 --- [inker] [nio-8083-exec-3] c.i.b.s.provider.EastMoneyStockProvider  : Failed to fetch concepts for stock. code=600128, market=SH, message=403 Forbidden: "<h1>Nginx forbidden.</h1> <br/>request info: 240e:b87:1f6:d800:a504:b4a9:1b4d:4897<EOL>"
2026-04-21T23:02:10.308+08:00  WARN 20416 --- [inker] [nio-8083-exec-3] c.i.b.s.provider.EastMoneyStockProvider  : Failed to fetch concepts for stock. code=600129, market=SH, message=403 Forbidden: "<h1>Nginx forbidden.</h1> <br/>request info: 240e:b87:1f6:d800:a504:b4a9:1b4d:4897<EOL>"
2026-04-21T23:02:10.357+08:00  WARN 20416 --- [inker] [nio-8083-exec-3] c.i.b.s.provider.EastMoneyStockProvider  : Failed to fetch concepts for stock. code=600131, market=SH, message=403 Forbidden: "<h1>Nginx forbidden.</h1> <br/>request info: 240e:b87:1f6:d800:a504:b4a9:1b4d:4897<EOL>"
2026-04-21T23:02:10.655+08:00  WARN 20416 --- [inker] [nio-8083-exec-3] c.i.b.s.provider.EastMoneyStockProvider  : Failed to fetch concepts for stock. code=600132, market=SH, message=403 Forbidden: "<h1>Nginx forbidden.</h1> <br/>request info: 240e:b87:1f6:d800:a504:b4a9:1b4d:4897<EOL>"
2026-04-21T23:02:10.700+08:00  WARN 20416 --- [inker] [nio-8083-exec-3] c.i.b.s.provider.EastMoneyStockProvider  : Failed to fetch concepts for stock. code=600133, market=SH, message=403 Forbidden: "<h1>Nginx forbidden.</h1> <br/>request info: 240e:b87:1f6:d800:a504:b4a9:1b4d:4897<EOL>"
2026-04-21T23:02:10.749+08:00  WARN 20416 --- [inker] [nio-8083-exec-3] c.i.b.s.provider.EastMoneyStockProvider  : Failed to fetch concepts for stock. code=600135, market=SH, message=403 Forbidden: "<h1>Nginx forbidden.</h1> <br/>request info: 240e:b87:1f6:d800:a504:b4a9:1b4d:4897<EOL>"
2026-04-21T23:02:10.810+08:00  WARN 20416 --- [inker] [nio-8083-exec-3] c.i.b.s.provider.EastMoneyStockProvider  : Failed to fetch concepts for stock. code=600137, market=SH, message=403 Forbidden: "<h1>Nginx forbidden.</h1> <br/>request info: 240e:b87:1f6:d800:a504:b4a9:1b4d:4897<EOL>"
2026-04-21T23:02:10.855+08:00  WARN 20416 --- [inker] [nio-8083-exec-3] c.i.b.s.provider.EastMoneyStockProvider  : Failed to fetch concepts for stock. code=600138, market=SH, message=403 Forbidden: "<h1>Nginx forbidden.</h1> <br/>request info: 240e:b87:1f6:d800:a504:b4a9:1b4d:4897<EOL>"
2026-04-21T23:02:10.899+08:00  WARN 20416 --- [inker] [nio-8083-exec-3] c.i.b.s.provider.EastMoneyStockProvider  : Failed to fetch concepts for stock. code=600141, market=SH, message=403 Forbidden: "<h1>Nginx forbidden.</h1> <br/>request info: 240e:b87:1f6:d800:a504:b4a9:1b4d:4897<EOL>"
2026-04-21T23:02:10.944+08:00  WARN 20416 --- [inker] [nio-8083-exec-3] c.i.b.s.provider.EastMoneyStockProvider  : Failed to fetch concepts for stock. code=600143, market=SH, message=403 Forbidden: "<h1>Nginx forbidden.</h1> <br/>request info: 240e:b87:1f6:d800:a504:b4a9:1b4d:4897<EOL>"
2026-04-21T23:02:10.993+08:00  WARN 20416 --- [inker] [nio-8083-exec-3] c.i.b.s.provider.EastMoneyStockProvider  : Failed to fetch concepts for stock. code=600148, market=SH, message=403 Forbidden: "<h1>Nginx forbidden.</h1> <br/>request info: 240e:b87:1f6:d800:a504:b4a9:1b4d:4897<EOL>"
2026-04-21T23:02:11.038+08:00  WARN 20416 --- [inker] [nio-8083-exec-3] c.i.b.s.provider.EastMoneyStockProvider  : Failed to fetch concepts for stock. code=600149, market=SH, message=403 Forbidden: "<h1>Nginx forbidden.</h1> <br/>request info: 240e:b87:1f6:d800:a504:b4a9:1b4d:4897<EOL>"
2026-04-21T23:02:11.086+08:00  WARN 20416 --- [inker] [nio-8083-exec-3] c.i.b.s.provider.EastMoneyStockProvider  : Failed to fetch concepts for stock. code=600150, market=SH, message=403 Forbidden: "<h1>Nginx forbidden.</h1> <br/>request info: 240e:b87:1f6:d800:a504:b4a9:1b4d:4897<EOL>"
2026-04-21T23:02:11.134+08:00  WARN 20416 --- [inker] [nio-8083-exec-3] c.i.b.s.provider.EastMoneyStockProvider  : Failed to fetch concepts for stock. code=600151, market=SH, message=403 Forbidden: "<h1>Nginx forbidden.</h1> <br/>request info: 240e:b87:1f6:d800:a504:b4a9:1b4d:4897<EOL>"
2026-04-21T23:02:11.184+08:00  WARN 20416 --- [inker] [nio-8083-exec-3] c.i.b.s.provider.EastMoneyStockProvider  : Failed to fetch concepts for stock. code=600152, market=SH, message=403 Forbidden: "<h1>Nginx forbidden.</h1> <br/>request info: 240e:b87:1f6:d800:a504:b4a9:1b4d:4897<EOL>"
2026-04-21T23:02:11.234+08:00  WARN 20416 --- [inker] [nio-8083-exec-3] c.i.b.s.provider.EastMoneyStockProvider  : Failed to fetch concepts for stock. code=600153, market=SH, message=403 Forbidden: "<h1>Nginx forbidden.</h1> <br/>request info: 240e:b87:1f6:d800:a504:b4a9:1b4d:4897<EOL>"
2026-04-21T23:02:11.279+08:00  WARN 20416 --- [inker] [nio-8083-exec-3] c.i.b.s.provider.EastMoneyStockProvider  : Failed to fetch concepts for stock. code=600155, market=SH, message=403 Forbidden: "<h1>Nginx forbidden.</h1> <br/>request info: 240e:b87:1f6:d800:a504:b4a9:1b4d:4897<EOL>"
2026-04-21T23:02:11.330+08:00  WARN 20416 --- [inker] [nio-8083-exec-3] c.i.b.s.provider.EastMoneyStockProvider  : Failed to fetch concepts for stock. code=600156, market=SH, message=403 Forbidden: "<h1>Nginx forbidden.</h1> <br/>request info: 240e:b87:1f6:d800:a504:b4a9:1b4d:4897<EOL>"
2026-04-21T23:02:11.378+08:00  WARN 20416 --- [inker] [nio-8083-exec-3] c.i.b.s.provider.EastMoneyStockProvider  : Failed to fetch concepts for stock. code=600157, market=SH, message=403 Forbidden: "<h1>Nginx forbidden.</h1> <br/>request info: 240e:b87:1f6:d800:a504:b4a9:1b4d:4897<EOL>"
2026-04-21T23:02:11.428+08:00  WARN 20416 --- [inker] [nio-8083-exec-3] c.i.b.s.provider.EastMoneyStockProvider  : Failed to fetch concepts for stock. code=600158, market=SH, message=403 Forbidden: "<h1>Nginx forbidden.</h1> <br/>request info: 240e:b87:1f6:d800:a504:b4a9:1b4d:4897<EOL>"
2026-04-21T23:02:11.473+08:00  WARN 20416 --- [inker] [nio-8083-exec-3] c.i.b.s.provider.EastMoneyStockProvider  : Failed to fetch concepts for stock. code=600159, market=SH, message=403 Forbidden: "<h1>Nginx forbidden.</h1> <br/>request info: 240e:b87:1f6:d800:a504:b4a9:1b4d:4897<EOL>"
2026-04-21T23:02:11.521+08:00  WARN 20416 --- [inker] [nio-8083-exec-3] c.i.b.s.provider.EastMoneyStockProvider  : Failed to fetch concepts for stock. code=600160, market=SH, message=403 Forbidden: "<h1>Nginx forbidden.</h1> <br/>request info: 240e:b87:1f6:d800:a504:b4a9:1b4d:4897<EOL>"
2026-04-21T23:02:11.567+08:00  WARN 20416 --- [inker] [nio-8083-exec-3] c.i.b.s.provider.EastMoneyStockProvider  : Failed to fetch concepts for stock. code=600161, market=SH, message=403 Forbidden: "<h1>Nginx forbidden.</h1> <br/>request info: 240e:b87:1f6:d800:a504:b4a9:1b4d:4897<EOL>"
2026-04-21T23:02:11.614+08:00  WARN 20416 --- [inker] [nio-8083-exec-3] c.i.b.s.provider.EastMoneyStockProvider  : Failed to fetch concepts for stock. code=600162, market=SH, message=403 Forbidden: "<h1>Nginx forbidden.</h1> <br/>request info: 240e:b87:1f6:d800:a504:b4a9:1b4d:4897<EOL>"
2026-04-21T23:02:11.688+08:00  WARN 20416 --- [inker] [nio-8083-exec-3] c.i.b.s.provider.EastMoneyStockProvider  : Failed to fetch concepts for stock. code=600163, market=SH, message=403 Forbidden: "<h1>Nginx forbidden.</h1> <br/>request info: 240e:b87:1f6:d800:a504:b4a9:1b4d:4897<EOL>"
2026-04-21T23:02:11.735+08:00  WARN 20416 --- [inker] [nio-8083-exec-3] c.i.b.s.provider.EastMoneyStockProvider  : Failed to fetch concepts for stock. code=600166, market=SH, message=403 Forbidden: "<h1>Nginx forbidden.</h1> <br/>request info: 240e:b87:1f6:d800:a504:b4a9:1b4d:4897<EOL>"
2026-04-21T23:02:11.783+08:00  WARN 20416 --- [inker] [nio-8083-exec-3] c.i.b.s.provider.EastMoneyStockProvider  : Failed to fetch concepts for stock. code=600167, market=SH, message=403 Forbidden: "<h1>Nginx forbidden.</h1> <br/>request info: 240e:b87:1f6:d800:a504:b4a9:1b4d:4897<EOL>"
2026-04-21T23:02:11.830+08:00  WARN 20416 --- [inker] [nio-8083-exec-3] c.i.b.s.provider.EastMoneyStockProvider  : Failed to fetch concepts for stock. code=600168, market=SH, message=403 Forbidden: "<h1>Nginx forbidden.</h1> <br/>request info: 240e:b87:1f6:d800:a504:b4a9:1b4d:4897<EOL>"
2026-04-21T23:02:11.881+08:00  WARN 20416 --- [inker] [nio-8083-exec-3] c.i.b.s.provider.EastMoneyStockProvider  : Failed to fetch concepts for stock. code=600170, market=SH, message=403 Forbidden: "<h1>Nginx forbidden.</h1> <br/>request info: 240e:b87:1f6:d800:a504:b4a9:1b4d:4897<EOL>"
2026-04-21T23:02:11.928+08:00  WARN 20416 --- [inker] [nio-8083-exec-3] c.i.b.s.provider.EastMoneyStockProvider  : Failed to fetch concepts for stock. code=600171, market=SH, message=403 Forbidden: "<h1>Nginx forbidden.</h1> <br/>request info: 240e:b87:1f6:d800:a504:b4a9:1b4d:4897<EOL>"
2026-04-21T23:02:11.974+08:00  WARN 20416 --- [inker] [nio-8083-exec-3] c.i.b.s.provider.EastMoneyStockProvider  : Failed to fetch concepts for stock. code=600172, market=SH, message=403 Forbidden: "<h1>Nginx forbidden.</h1> <br/>request info: 240e:b87:1f6:d800:a504:b4a9:1b4d:4897<EOL>"
2026-04-21T23:02:12.019+08:00  WARN 20416 --- [inker] [nio-8083-exec-3] c.i.b.s.provider.EastMoneyStockProvider  : Failed to fetch concepts for stock. code=600173, market=SH, message=403 Forbidden: "<h1>Nginx forbidden.</h1> <br/>request info: 240e:b87:1f6:d800:a504:b4a9:1b4d:4897<EOL>"
2026-04-21T23:02:12.073+08:00  WARN 20416 --- [inker] [nio-8083-exec-3] c.i.b.s.provider.EastMoneyStockProvider  : Failed to fetch concepts for stock. code=600176, market=SH, message=403 Forbidden: "<h1>Nginx forbidden.</h1> <br/>request info: 240e:b87:1f6:d800:a504:b4a9:1b4d:4897<EOL>"
2026-04-21T23:02:12.123+08:00  WARN 20416 --- [inker] [nio-8083-exec-3] c.i.b.s.provider.EastMoneyStockProvider  : Failed to fetch concepts for stock. code=600177, market=SH, message=403 Forbidden: "<h1>Nginx forbidden.</h1> <br/>request info: 240e:b87:1f6:d800:a504:b4a9:1b4d:4897<EOL>"
2026-04-21T23:02:12.168+08:00  WARN 20416 --- [inker] [nio-8083-exec-3] c.i.b.s.provider.EastMoneyStockProvider  : Failed to fetch concepts for stock. code=600178, market=SH, message=403 Forbidden: "<h1>Nginx forbidden.</h1> <br/>request info: 240e:b87:1f6:d800:a504:b4a9:1b4d:4897<EOL>"
2026-04-21T23:02:12.215+08:00  WARN 20416 --- [inker] [nio-8083-exec-3] c.i.b.s.provider.EastMoneyStockProvider  : Failed to fetch concepts for stock. code=600179, market=SH, message=403 Forbidden: "<h1>Nginx forbidden.</h1> <br/>request info: 240e:b87:1f6:d800:a504:b4a9:1b4d:4897<EOL>"
2026-04-21T23:02:12.261+08:00  WARN 20416 --- [inker] [nio-8083-exec-3] c.i.b.s.provider.EastMoneyStockProvider  : Failed to fetch concepts for stock. code=600180, market=SH, message=403 Forbidden: "<h1>Nginx forbidden.</h1> <br/>request info: 240e:b87:1f6:d800:a504:b4a9:1b4d:4897<EOL>"
2026-04-21T23:02:12.310+08:00  WARN 20416 --- [inker] [nio-8083-exec-3] c.i.b.s.provider.EastMoneyStockProvider  : Failed to fetch concepts for stock. code=600182, market=SH, message=403 Forbidden: "<h1>Nginx forbidden.</h1> <br/>request info: 240e:b87:1f6:d800:a504:b4a9:1b4d:4897<EOL>"
2026-04-21T23:02:12.354+08:00  WARN 20416 --- [inker] [nio-8083-exec-3] c.i.b.s.provider.EastMoneyStockProvider  : Failed to fetch concepts for stock. code=600183, market=SH, message=403 Forbidden: "<h1>Nginx forbidden.</h1> <br/>request info: 240e:b87:1f6:d800:a504:b4a9:1b4d:4897<EOL>"
2026-04-21T23:02:12.404+08:00  WARN 20416 --- [inker] [nio-8083-exec-3] c.i.b.s.provider.EastMoneyStockProvider  : Failed to fetch concepts for stock. code=600184, market=SH, message=403 Forbidden: "<h1>Nginx forbidden.</h1> <br/>request info: 240e:b87:1f6:d800:a504:b4a9:1b4d:4897<EOL>"
2026-04-21T23:02:12.451+08:00  WARN 20416 --- [inker] [nio-8083-exec-3] c.i.b.s.provider.EastMoneyStockProvider  : Failed to fetch concepts for stock. code=600185, market=SH, message=403 Forbidden: "<h1>Nginx forbidden.</h1> <br/>request info: 240e:b87:1f6:d800:a504:b4a9:1b4d:4897<EOL>"
2026-04-21T23:02:12.496+08:00  WARN 20416 --- [inker] [nio-8083-exec-3] c.i.b.s.provider.EastMoneyStockProvider  : Failed to fetch concepts for stock. code=600186, market=SH, message=403 Forbidden: "<h1>Nginx forbidden.</h1> <br/>request info: 240e:b87:1f6:d800:a504:b4a9:1b4d:4897<EOL>"
2026-04-21T23:02:12.543+08:00  WARN 20416 --- [inker] [nio-8083-exec-3] c.i.b.s.provider.EastMoneyStockProvider  : Failed to fetch concepts for stock. code=600187, market=SH, message=403 Forbidden: "<h1>Nginx forbidden.</h1> <br/>request info: 240e:b87:1f6:d800:a504:b4a9:1b4d:4897<EOL>"
2026-04-21T23:02:12.592+08:00  WARN 20416 --- [inker] [nio-8083-exec-3] c.i.b.s.provider.EastMoneyStockProvider  : Failed to fetch concepts for stock. code=600188, market=SH, message=403 Forbidden: "<h1>Nginx forbidden.</h1> <br/>request info: 240e:b87:1f6:d800:a504:b4a9:1b4d:4897<EOL>"
2026-04-21T23:02:12.642+08:00  WARN 20416 --- [inker] [nio-8083-exec-3] c.i.b.s.provider.EastMoneyStockProvider  : Failed to fetch concepts for stock. code=600189, market=SH, message=403 Forbidden: "<h1>Nginx forbidden.</h1> <br/>request info: 240e:b87:1f6:d800:a504:b4a9:1b4d:4897<EOL>"
2026-04-21T23:02:12.688+08:00  WARN 20416 --- [inker] [nio-8083-exec-3] c.i.b.s.provider.EastMoneyStockProvider  : Failed to fetch concepts for stock. code=600191, market=SH, message=403 Forbidden: "<h1>Nginx forbidden.</h1> <br/>request info: 240e:b87:1f6:d800:a504:b4a9:1b4d:4897<EOL>"
2026-04-21T23:02:12.737+08:00  WARN 20416 --- [inker] [nio-8083-exec-3] c.i.b.s.provider.EastMoneyStockProvider  : Failed to fetch concepts for stock. code=600192, market=SH, message=403 Forbidden: "<h1>Nginx forbidden.</h1> <br/>request info: 240e:b87:1f6:d800:a504:b4a9:1b4d:4897<EOL>"
2026-04-21T23:02:12.783+08:00  WARN 20416 --- [inker] [nio-8083-exec-3] c.i.b.s.provider.EastMoneyStockProvider  : Failed to fetch concepts for stock. code=600195, market=SH, message=403 Forbidden: "<h1>Nginx forbidden.</h1> <br/>request info: 240e:b87:1f6:d800:a504:b4a9:1b4d:4897<EOL>"
2026-04-21T23:02:12.832+08:00  WARN 20416 --- [inker] [nio-8083-exec-3] c.i.b.s.provider.EastMoneyStockProvider  : Failed to fetch concepts for stock. code=600196, market=SH, message=403 Forbidden: "<h1>Nginx forbidden.</h1> <br/>request info: 240e:b87:1f6:d800:a504:b4a9:1b4d:4897<EOL>"
2026-04-21T23:02:12.880+08:00  WARN 20416 --- [inker] [nio-8083-exec-3] c.i.b.s.provider.EastMoneyStockProvider  : Failed to fetch concepts for stock. code=600197, market=SH, message=403 Forbidden: "<h1>Nginx forbidden.</h1> <br/>request info: 240e:b87:1f6:d800:a504:b4a9:1b4d:4897<EOL>"
2026-04-21T23:02:12.925+08:00  WARN 20416 --- [inker] [nio-8083-exec-3] c.i.b.s.provider.EastMoneyStockProvider  : Failed to fetch concepts for stock. code=600198, market=SH, message=403 Forbidden: "<h1>Nginx forbidden.</h1> <br/>request info: 240e:b87:1f6:d800:a504:b4a9:1b4d:4897<EOL>"
2026-04-21T23:02:12.970+08:00  WARN 20416 --- [inker] [nio-8083-exec-3] c.i.b.s.provider.EastMoneyStockProvider  : Failed to fetch concepts for stock. code=600199, market=SH, message=403 Forbidden: "<h1>Nginx forbidden.</h1> <br/>request info: 240e:b87:1f6:d800:a504:b4a9:1b4d:4897<EOL>"
2026-04-21T23:02:13.019+08:00  WARN 20416 --- [inker] [nio-8083-exec-3] c.i.b.s.provider.EastMoneyStockProvider  : Failed to fetch concepts for stock. code=600201, market=SH, message=403 Forbidden: "<h1>Nginx forbidden.</h1> <br/>request info: 240e:b87:1f6:d800:a504:b4a9:1b4d:4897<EOL>"
2026-04-21T23:02:13.066+08:00  WARN 20416 --- [inker] [nio-8083-exec-3] c.i.b.s.provider.EastMoneyStockProvider  : Failed to fetch concepts for stock. code=600202, market=SH, message=403 Forbidden: "<h1>Nginx forbidden.</h1> <br/>request info: 240e:b87:1f6:d800:a504:b4a9:1b4d:4897<EOL>"
2026-04-21T23:02:13.115+08:00  WARN 20416 --- [inker] [nio-8083-exec-3] c.i.b.s.provider.EastMoneyStockProvider  : Failed to fetch concepts for stock. code=600203, market=SH, message=403 Forbidden: "<h1>Nginx forbidden.</h1> <br/>request info: 240e:b87:1f6:d800:a504:b4a9:1b4d:4897<EOL>"
2026-04-21T23:02:13.162+08:00  WARN 20416 --- [inker] [nio-8083-exec-3] c.i.b.s.provider.EastMoneyStockProvider  : Failed to fetch concepts for stock. code=600206, market=SH, message=403 Forbidden: "<h1>Nginx forbidden.</h1> <br/>request info: 240e:b87:1f6:d800:a504:b4a9:1b4d:4897<EOL>"
2026-04-21T23:02:13.211+08:00  WARN 20416 --- [inker] [nio-8083-exec-3] c.i.b.s.provider.EastMoneyStockProvider  : Failed to fetch concepts for stock. code=600207, market=SH, message=403 Forbidden: "<h1>Nginx forbidden.</h1> <br/>request info: 240e:b87:1f6:d800:a504:b4a9:1b4d:4897<EOL>"
2026-04-21T23:02:13.257+08:00  WARN 20416 --- [inker] [nio-8083-exec-3] c.i.b.s.provider.EastMoneyStockProvider  : Failed to fetch concepts for stock. code=600208, market=SH, message=403 Forbidden: "<h1>Nginx forbidden.</h1> <br/>request info: 240e:b87:1f6:d800:a504:b4a9:1b4d:4897<EOL>"
2026-04-21T23:02:13.307+08:00  WARN 20416 --- [inker] [nio-8083-exec-3] c.i.b.s.provider.EastMoneyStockProvider  : Failed to fetch concepts for stock. code=600210, market=SH, message=403 Forbidden: "<h1>Nginx forbidden.</h1> <br/>request info: 240e:b87:1f6:d800:a504:b4a9:1b4d:4897<EOL>"
2026-04-21T23:02:13.354+08:00  WARN 20416 --- [inker] [nio-8083-exec-3] c.i.b.s.provider.EastMoneyStockProvider  : Failed to fetch concepts for stock. code=600211, market=SH, message=403 Forbidden: "<h1>Nginx forbidden.</h1> <br/>request info: 240e:b87:1f6:d800:a504:b4a9:1b4d:4897<EOL>"
2026-04-21T23:02:13.404+08:00  WARN 20416 --- [inker] [nio-8083-exec-3] c.i.b.s.provider.EastMoneyStockProvider  : Failed to fetch concepts for stock. code=600212, market=SH, message=403 Forbidden: "<h1>Nginx forbidden.</h1> <br/>request info: 240e:b87:1f6:d800:a504:b4a9:1b4d:4897<EOL>"
2026-04-21T23:02:13.451+08:00  WARN 20416 --- [inker] [nio-8083-exec-3] c.i.b.s.provider.EastMoneyStockProvider  : Failed to fetch concepts for stock. code=600215, market=SH, message=403 Forbidden: "<h1>Nginx forbidden.</h1> <br/>request info: 240e:b87:1f6:d800:a504:b4a9:1b4d:4897<EOL>"
2026-04-21T23:02:13.499+08:00  WARN 20416 --- [inker] [nio-8083-exec-3] c.i.b.s.provider.EastMoneyStockProvider  : Failed to fetch concepts for stock. code=600216, market=SH, message=403 Forbidden: "<h1>Nginx forbidden.</h1> <br/>request info: 240e:b87:1f6:d800:a504:b4a9:1b4d:4897<EOL>"
2026-04-21T23:02:13.545+08:00  WARN 20416 --- [inker] [nio-8083-exec-3] c.i.b.s.provider.EastMoneyStockProvider  : Failed to fetch concepts for stock. code=600217, market=SH, message=403 Forbidden: "<h1>Nginx forbidden.</h1> <br/>request info: 240e:b87:1f6:d800:a504:b4a9:1b4d:4897<EOL>"
2026-04-21T23:02:13.591+08:00  WARN 20416 --- [inker] [nio-8083-exec-3] c.i.b.s.provider.EastMoneyStockProvider  : Failed to fetch concepts for stock. code=600218, market=SH, message=403 Forbidden: "<h1>Nginx forbidden.</h1> <br/>request info: 240e:b87:1f6:d800:a504:b4a9:1b4d:4897<EOL>"
2026-04-21T23:02:13.642+08:00  WARN 20416 --- [inker] [nio-8083-exec-3] c.i.b.s.provider.EastMoneyStockProvider  : Failed to fetch concepts for stock. code=600219, market=SH, message=403 Forbidden: "<h1>Nginx forbidden.</h1> <br/>request info: 240e:b87:1f6:d800:a504:b4a9:1b4d:4897<EOL>"
2026-04-21T23:02:13.687+08:00  WARN 20416 --- [inker] [nio-8083-exec-3] c.i.b.s.provider.EastMoneyStockProvider  : Failed to fetch concepts for stock. code=600221, market=SH, message=403 Forbidden: "<h1>Nginx forbidden.</h1> <br/>request info: 240e:b87:1f6:d800:a504:b4a9:1b4d:4897<EOL>"
2026-04-21T23:02:13.734+08:00  WARN 20416 --- [inker] [nio-8083-exec-3] c.i.b.s.provider.EastMoneyStockProvider  : Failed to fetch concepts for stock. code=600222, market=SH, message=403 Forbidden: "<h1>Nginx forbidden.</h1> <br/>request info: 240e:b87:1f6:d800:a504:b4a9:1b4d:4897<EOL>"
2026-04-21T23:02:13.787+08:00  WARN 20416 --- [inker] [nio-8083-exec-3] c.i.b.s.provider.EastMoneyStockProvider  : Failed to fetch concepts for stock. code=600223, market=SH, message=403 Forbidden: "<h1>Nginx forbidden.</h1> <br/>request info: 240e:b87:1f6:d800:a504:b4a9:1b4d:4897<EOL>"
2026-04-21T23:02:13.836+08:00  WARN 20416 --- [inker] [nio-8083-exec-3] c.i.b.s.provider.EastMoneyStockProvider  : Failed to fetch concepts for stock. code=600226, market=SH, message=403 Forbidden: "<h1>Nginx forbidden.</h1> <br/>request info: 240e:b87:1f6:d800:a504:b4a9:1b4d:4897<EOL>"
2026-04-21T23:02:13.882+08:00  WARN 20416 --- [inker] [nio-8083-exec-3] c.i.b.s.provider.EastMoneyStockProvider  : Failed to fetch concepts for stock. code=600227, market=SH, message=403 Forbidden: "<h1>Nginx forbidden.</h1> <br/>request info: 240e:b87:1f6:d800:a504:b4a9:1b4d:4897<EOL>"
2026-04-21T23:02:13.929+08:00  WARN 20416 --- [inker] [nio-8083-exec-3] c.i.b.s.provider.EastMoneyStockProvider  : Failed to fetch concepts for stock. code=600229, market=SH, message=403 Forbidden: "<h1>Nginx forbidden.</h1> <br/>request info: 240e:b87:1f6:d800:a504:b4a9:1b4d:4897<EOL>"
2026-04-21T23:02:13.975+08:00  WARN 20416 --- [inker] [nio-8083-exec-3] c.i.b.s.provider.EastMoneyStockProvider  : Failed to fetch concepts for stock. code=600230, market=SH, message=403 Forbidden: "<h1>Nginx forbidden.</h1> <br/>request info: 240e:b87:1f6:d800:a504:b4a9:1b4d:4897<EOL>"
2026-04-21T23:02:14.022+08:00  WARN 20416 --- [inker] [nio-8083-exec-3] c.i.b.s.provider.EastMoneyStockProvider  : Failed to fetch concepts for stock. code=600231, market=SH, message=403 Forbidden: "<h1>Nginx forbidden.</h1> <br/>request info: 240e:b87:1f6:d800:a504:b4a9:1b4d:4897<EOL>"
2026-04-21T23:02:14.103+08:00  WARN 20416 --- [inker] [nio-8083-exec-3] c.i.b.s.provider.EastMoneyStockProvider  : Failed to fetch concepts for stock. code=600232, market=SH, message=403 Forbidden: "<h1>Nginx forbidden.</h1> <br/>request info: 240e:b87:1f6:d800:a504:b4a9:1b4d:4897<EOL>"
2026-04-21T23:02:14.149+08:00  WARN 20416 --- [inker] [nio-8083-exec-3] c.i.b.s.provider.EastMoneyStockProvider  : Failed to fetch concepts for stock. code=600233, market=SH, message=403 Forbidden: "<h1>Nginx forbidden.</h1> <br/>request info: 240e:b87:1f6:d800:a504:b4a9:1b4d:4897<EOL>"
2026-04-21T23:02:14.193+08:00  WARN 20416 --- [inker] [nio-8083-exec-3] c.i.b.s.provider.EastMoneyStockProvider  : Failed to fetch concepts for stock. code=600234, market=SH, message=403 Forbidden: "<h1>Nginx forbidden.</h1> <br/>request info: 240e:b87:1f6:d800:a504:b4a9:1b4d:4897<EOL>"
2026-04-21T23:02:14.245+08:00  WARN 20416 --- [inker] [nio-8083-exec-3] c.i.b.s.provider.EastMoneyStockProvider  : Failed to fetch concepts for stock. code=600235, market=SH, message=403 Forbidden: "<h1>Nginx forbidden.</h1> <br/>request info: 240e:b87:1f6:d800:a504:b4a9:1b4d:4897<EOL>"
2026-04-21T23:02:14.292+08:00  WARN 20416 --- [inker] [nio-8083-exec-3] c.i.b.s.provider.EastMoneyStockProvider  : Failed to fetch concepts for stock. code=600236, market=SH, message=403 Forbidden: "<h1>Nginx forbidden.</h1> <br/>request info: 240e:b87:1f6:d800:a504:b4a9:1b4d:4897<EOL>"
2026-04-21T23:02:14.336+08:00  WARN 20416 --- [inker] [nio-8083-exec-3] c.i.b.s.provider.EastMoneyStockProvider  : Failed to fetch concepts for stock. code=600237, market=SH, message=403 Forbidden: "<h1>Nginx forbidden.</h1> <br/>request info: 240e:b87:1f6:d800:a504:b4a9:1b4d:4897<EOL>"
2026-04-21T23:02:14.384+08:00  WARN 20416 --- [inker] [nio-8083-exec-3] c.i.b.s.provider.EastMoneyStockProvider  : Failed to fetch concepts for stock. code=600239, market=SH, message=403 Forbidden: "<h1>Nginx forbidden.</h1> <br/>request info: 240e:b87:1f6:d800:a504:b4a9:1b4d:4897<EOL>"
2026-04-21T23:02:14.431+08:00  WARN 20416 --- [inker] [nio-8083-exec-3] c.i.b.s.provider.EastMoneyStockProvider  : Failed to fetch concepts for stock. code=600241, market=SH, message=403 Forbidden: "<h1>Nginx forbidden.</h1> <br/>request info: 240e:b87:1f6:d800:a504:b4a9:1b4d:4897<EOL>"
2026-04-21T23:02:14.479+08:00  WARN 20416 --- [inker] [nio-8083-exec-3] c.i.b.s.provider.EastMoneyStockProvider  : Failed to fetch concepts for stock. code=600246, market=SH, message=403 Forbidden: "<h1>Nginx forbidden.</h1> <br/>request info: 240e:b87:1f6:d800:a504:b4a9:1b4d:4897<EOL>"
2026-04-21T23:02:14.528+08:00  WARN 20416 --- [inker] [nio-8083-exec-3] c.i.b.s.provider.EastMoneyStockProvider  : Failed to fetch concepts for stock. code=600248, market=SH, message=403 Forbidden: "<h1>Nginx forbidden.</h1> <br/>request info: 240e:b87:1f6:d800:a504:b4a9:1b4d:4897<EOL>"
2026-04-21T23:02:14.595+08:00  WARN 20416 --- [inker] [nio-8083-exec-3] c.i.b.s.provider.EastMoneyStockProvider  : Failed to fetch concepts for stock. code=600249, market=SH, message=403 Forbidden: "<h1>Nginx forbidden.</h1> <br/>request info: 240e:b87:1f6:d800:a504:b4a9:1b4d:4897<EOL>"
2026-04-21T23:02:14.641+08:00  WARN 20416 --- [inker] [nio-8083-exec-3] c.i.b.s.provider.EastMoneyStockProvider  : Failed to fetch concepts for stock. code=600250, market=SH, message=403 Forbidden: "<h1>Nginx forbidden.</h1> <br/>request info: 240e:b87:1f6:d800:a504:b4a9:1b4d:4897<EOL>"
2026-04-21T23:02:14.688+08:00  WARN 20416 --- [inker] [nio-8083-exec-3] c.i.b.s.provider.EastMoneyStockProvider  : Failed to fetch concepts for stock. code=600251, market=SH, message=403 Forbidden: "<h1>Nginx forbidden.</h1> <br/>request info: 240e:b87:1f6:d800:a504:b4a9:1b4d:4897<EOL>"
2026-04-21T23:02:14.736+08:00  WARN 20416 --- [inker] [nio-8083-exec-3] c.i.b.s.provider.EastMoneyStockProvider  : Failed to fetch concepts for stock. code=600252, market=SH, message=403 Forbidden: "<h1>Nginx forbidden.</h1> <br/>request info: 240e:b87:1f6:d800:a504:b4a9:1b4d:4897<EOL>"
2026-04-21T23:02:14.785+08:00  WARN 20416 --- [inker] [nio-8083-exec-3] c.i.b.s.provider.EastMoneyStockProvider  : Failed to fetch concepts for stock. code=600255, market=SH, message=403 Forbidden: "<h1>Nginx forbidden.</h1> <br/>request info: 240e:b87:1f6:d800:a504:b4a9:1b4d:4897<EOL>"
2026-04-21T23:02:14.833+08:00  WARN 20416 --- [inker] [nio-8083-exec-3] c.i.b.s.provider.EastMoneyStockProvider  : Failed to fetch concepts for stock. code=600256, market=SH, message=403 Forbidden: "<h1>Nginx forbidden.</h1> <br/>request info: 240e:b87:1f6:d800:a504:b4a9:1b4d:4897<EOL>"
2026-04-21T23:02:14.881+08:00  WARN 20416 --- [inker] [nio-8083-exec-3] c.i.b.s.provider.EastMoneyStockProvider  : Failed to fetch concepts for stock. code=600257, market=SH, message=403 Forbidden: "<h1>Nginx forbidden.</h1> <br/>request info: 240e:b87:1f6:d800:a504:b4a9:1b4d:4897<EOL>"
2026-04-21T23:02:14.926+08:00  WARN 20416 --- [inker] [nio-8083-exec-3] c.i.b.s.provider.EastMoneyStockProvider  : Failed to fetch concepts for stock. code=600258, market=SH, message=403 Forbidden: "<h1>Nginx forbidden.</h1> <br/>request info: 240e:b87:1f6:d800:a504:b4a9:1b4d:4897<EOL>"
2026-04-21T23:02:14.975+08:00  WARN 20416 --- [inker] [nio-8083-exec-3] c.i.b.s.provider.EastMoneyStockProvider  : Failed to fetch concepts for stock. code=600259, market=SH, message=403 Forbidden: "<h1>Nginx forbidden.</h1> <br/>request info: 240e:b87:1f6:d800:a504:b4a9:1b4d:4897<EOL>"
2026-04-21T23:02:15.023+08:00  WARN 20416 --- [inker] [nio-8083-exec-3] c.i.b.s.provider.EastMoneyStockProvider  : Failed to fetch concepts for stock. code=600261, market=SH, message=403 Forbidden: "<h1>Nginx forbidden.</h1> <br/>request info: 240e:b87:1f6:d800:a504:b4a9:1b4d:4897<EOL>"
2026-04-21T23:02:15.072+08:00  WARN 20416 --- [inker] [nio-8083-exec-3] c.i.b.s.provider.EastMoneyStockProvider  : Failed to fetch concepts for stock. code=600262, market=SH, message=403 Forbidden: "<h1>Nginx forbidden.</h1> <br/>request info: 240e:b87:1f6:d800:a504:b4a9:1b4d:4897<EOL>"
2026-04-21T23:02:15.117+08:00  WARN 20416 --- [inker] [nio-8083-exec-3] c.i.b.s.provider.EastMoneyStockProvider  : Failed to fetch concepts for stock. code=600266, market=SH, message=403 Forbidden: "<h1>Nginx forbidden.</h1> <br/>request info: 240e:b87:1f6:d800:a504:b4a9:1b4d:4897<EOL>"
2026-04-21T23:02:15.163+08:00  WARN 20416 --- [inker] [nio-8083-exec-3] c.i.b.s.provider.EastMoneyStockProvider  : Failed to fetch concepts for stock. code=600267, market=SH, message=403 Forbidden: "<h1>Nginx forbidden.</h1> <br/>request info: 240e:b87:1f6:d800:a504:b4a9:1b4d:4897<EOL>"
2026-04-21T23:02:15.210+08:00  WARN 20416 --- [inker] [nio-8083-exec-3] c.i.b.s.provider.EastMoneyStockProvider  : Failed to fetch concepts for stock. code=600268, market=SH, message=403 Forbidden: "<h1>Nginx forbidden.</h1> <br/>request info: 240e:b87:1f6:d800:a504:b4a9:1b4d:4897<EOL>"
2026-04-21T23:02:15.255+08:00  WARN 20416 --- [inker] [nio-8083-exec-3] c.i.b.s.provider.EastMoneyStockProvider  : Failed to fetch concepts for stock. code=600269, market=SH, message=403 Forbidden: "<h1>Nginx forbidden.</h1> <br/>request info: 240e:b87:1f6:d800:a504:b4a9:1b4d:4897<EOL>"
2026-04-21T23:02:15.308+08:00  WARN 20416 --- [inker] [nio-8083-exec-3] c.i.b.s.provider.EastMoneyStockProvider  : Failed to fetch concepts for stock. code=600271, market=SH, message=403 Forbidden: "<h1>Nginx forbidden.</h1> <br/>request info: 240e:b87:1f6:d800:a504:b4a9:1b4d:4897<EOL>"
2026-04-21T23:02:15.356+08:00  WARN 20416 --- [inker] [nio-8083-exec-3] c.i.b.s.provider.EastMoneyStockProvider  : Failed to fetch concepts for stock. code=600272, market=SH, message=403 Forbidden: "<h1>Nginx forbidden.</h1> <br/>request info: 240e:b87:1f6:d800:a504:b4a9:1b4d:4897<EOL>"
2026-04-21T23:02:15.401+08:00  WARN 20416 --- [inker] [nio-8083-exec-3] c.i.b.s.provider.EastMoneyStockProvider  : Failed to fetch concepts for stock. code=600273, market=SH, message=403 Forbidden: "<h1>Nginx forbidden.</h1> <br/>request info: 240e:b87:1f6:d800:a504:b4a9:1b4d:4897<EOL>"
2026-04-21T23:02:15.448+08:00  WARN 20416 --- [inker] [nio-8083-exec-3] c.i.b.s.provider.EastMoneyStockProvider  : Failed to fetch concepts for stock. code=600276, market=SH, message=403 Forbidden: "<h1>Nginx forbidden.</h1> <br/>request info: 240e:b87:1f6:d800:a504:b4a9:1b4d:4897<EOL>"
2026-04-21T23:02:15.497+08:00  WARN 20416 --- [inker] [nio-8083-exec-3] c.i.b.s.provider.EastMoneyStockProvider  : Failed to fetch concepts for stock. code=600278, market=SH, message=403 Forbidden: "<h1>Nginx forbidden.</h1> <br/>request info: 240e:b87:1f6:d800:a504:b4a9:1b4d:4897<EOL>"
2026-04-21T23:02:15.545+08:00  WARN 20416 --- [inker] [nio-8083-exec-3] c.i.b.s.provider.EastMoneyStockProvider  : Failed to fetch concepts for stock. code=600279, market=SH, message=403 Forbidden: "<h1>Nginx forbidden.</h1> <br/>request info: 240e:b87:1f6:d800:a504:b4a9:1b4d:4897<EOL>"
2026-04-21T23:02:15.591+08:00  WARN 20416 --- [inker] [nio-8083-exec-3] c.i.b.s.provider.EastMoneyStockProvider  : Failed to fetch concepts for stock. code=600280, market=SH, message=403 Forbidden: "<h1>Nginx forbidden.</h1> <br/>request info: 240e:b87:1f6:d800:a504:b4a9:1b4d:4897<EOL>"
2026-04-21T23:02:15.639+08:00  WARN 20416 --- [inker] [nio-8083-exec-3] c.i.b.s.provider.EastMoneyStockProvider  : Failed to fetch concepts for stock. code=600281, market=SH, message=403 Forbidden: "<h1>Nginx forbidden.</h1> <br/>request info: 240e:b87:1f6:d800:a504:b4a9:1b4d:4897<EOL>"
2026-04-21T23:02:15.684+08:00  WARN 20416 --- [inker] [nio-8083-exec-3] c.i.b.s.provider.EastMoneyStockProvider  : Failed to fetch concepts for stock. code=600282, market=SH, message=403 Forbidden: "<h1>Nginx forbidden.</h1> <br/>request info: 240e:b87:1f6:d800:a504:b4a9:1b4d:4897<EOL>"
2026-04-21T23:02:15.734+08:00  WARN 20416 --- [inker] [nio-8083-exec-3] c.i.b.s.provider.EastMoneyStockProvider  : Failed to fetch concepts for stock. code=600283, market=SH, message=403 Forbidden: "<h1>Nginx forbidden.</h1> <br/>request info: 240e:b87:1f6:d800:a504:b4a9:1b4d:4897<EOL>"
2026-04-21T23:02:15.778+08:00  WARN 20416 --- [inker] [nio-8083-exec-3] c.i.b.s.provider.EastMoneyStockProvider  : Failed to fetch concepts for stock. code=600284, market=SH, message=403 Forbidden: "<h1>Nginx forbidden.</h1> <br/>request info: 240e:b87:1f6:d800:a504:b4a9:1b4d:4897<EOL>"
2026-04-21T23:02:15.823+08:00  WARN 20416 --- [inker] [nio-8083-exec-3] c.i.b.s.provider.EastMoneyStockProvider  : Failed to fetch concepts for stock. code=600285, market=SH, message=403 Forbidden: "<h1>Nginx forbidden.</h1> <br/>request info: 240e:b87:1f6:d800:a504:b4a9:1b4d:4897<EOL>"
2026-04-21T23:02:15.871+08:00  WARN 20416 --- [inker] [nio-8083-exec-3] c.i.b.s.provider.EastMoneyStockProvider  : Failed to fetch concepts for stock. code=600287, market=SH, message=403 Forbidden: "<h1>Nginx forbidden.</h1> <br/>request info: 240e:b87:1f6:d800:a504:b4a9:1b4d:4897<EOL>"
2026-04-21T23:02:15.922+08:00  WARN 20416 --- [inker] [nio-8083-exec-3] c.i.b.s.provider.EastMoneyStockProvider  : Failed to fetch concepts for stock. code=600288, market=SH, message=403 Forbidden: "<h1>Nginx forbidden.</h1> <br/>request info: 240e:b87:1f6:d800:a504:b4a9:1b4d:4897<EOL>"
2026-04-21T23:02:15.970+08:00  WARN 20416 --- [inker] [nio-8083-exec-3] c.i.b.s.provider.EastMoneyStockProvider  : Failed to fetch concepts for stock. code=600292, market=SH, message=403 Forbidden: "<h1>Nginx forbidden.</h1> <br/>request info: 240e:b87:1f6:d800:a504:b4a9:1b4d:4897<EOL>"
2026-04-21T23:02:16.015+08:00  WARN 20416 --- [inker] [nio-8083-exec-3] c.i.b.s.provider.EastMoneyStockProvider  : Failed to fetch concepts for stock. code=600293, market=SH, message=403 Forbidden: "<h1>Nginx forbidden.</h1> <br/>request info: 240e:b87:1f6:d800:a504:b4a9:1b4d:4897<EOL>"
2026-04-21T23:02:16.065+08:00  WARN 20416 --- [inker] [nio-8083-exec-3] c.i.b.s.provider.EastMoneyStockProvider  : Failed to fetch concepts for stock. code=600295, market=SH, message=403 Forbidden: "<h1>Nginx forbidden.</h1> <br/>request info: 240e:b87:1f6:d800:a504:b4a9:1b4d:4897<EOL>"
2026-04-21T23:02:16.111+08:00  WARN 20416 --- [inker] [nio-8083-exec-3] c.i.b.s.provider.EastMoneyStockProvider  : Failed to fetch concepts for stock. code=600298, market=SH, message=403 Forbidden: "<h1>Nginx forbidden.</h1> <br/>request info: 240e:b87:1f6:d800:a504:b4a9:1b4d:4897<EOL>"
2026-04-21T23:02:16.158+08:00  WARN 20416 --- [inker] [nio-8083-exec-3] c.i.b.s.provider.EastMoneyStockProvider  : Failed to fetch concepts for stock. code=600299, market=SH, message=403 Forbidden: "<h1>Nginx forbidden.</h1> <br/>request info: 240e:b87:1f6:d800:a504:b4a9:1b4d:4897<EOL>"
2026-04-21T23:02:16.206+08:00  WARN 20416 --- [inker] [nio-8083-exec-3] c.i.b.s.provider.EastMoneyStockProvider  : Failed to fetch concepts for stock. code=600300, market=SH, message=403 Forbidden: "<h1>Nginx forbidden.</h1> <br/>request info: 240e:b87:1f6:d800:a504:b4a9:1b4d:4897<EOL>"
2026-04-21T23:02:16.255+08:00  WARN 20416 --- [inker] [nio-8083-exec-3] c.i.b.s.provider.EastMoneyStockProvider  : Failed to fetch concepts for stock. code=600301, market=SH, message=403 Forbidden: "<h1>Nginx forbidden.</h1> <br/>request info: 240e:b87:1f6:d800:a504:b4a9:1b4d:4897<EOL>"
2026-04-21T23:02:16.309+08:00  WARN 20416 --- [inker] [nio-8083-exec-3] c.i.b.s.provider.EastMoneyStockProvider  : Failed to fetch concepts for stock. code=600302, market=SH, message=403 Forbidden: "<h1>Nginx forbidden.</h1> <br/>request info: 240e:b87:1f6:d800:a504:b4a9:1b4d:4897<EOL>"
2026-04-21T23:02:16.356+08:00  WARN 20416 --- [inker] [nio-8083-exec-3] c.i.b.s.provider.EastMoneyStockProvider  : Failed to fetch concepts for stock. code=600303, market=SH, message=403 Forbidden: "<h1>Nginx forbidden.</h1> <br/>request info: 240e:b87:1f6:d800:a504:b4a9:1b4d:4897<EOL>"
2026-04-21T23:02:16.510+08:00  WARN 20416 --- [inker] [nio-8083-exec-3] c.i.b.s.provider.EastMoneyStockProvider  : Failed to fetch concepts for stock. code=600305, market=SH, message=403 Forbidden: "<h1>Nginx forbidden.</h1> <br/>request info: 240e:b87:1f6:d800:a504:b4a9:1b4d:4897<EOL>"
2026-04-21T23:02:16.559+08:00  WARN 20416 --- [inker] [nio-8083-exec-3] c.i.b.s.provider.EastMoneyStockProvider  : Failed to fetch concepts for stock. code=600307, market=SH, message=403 Forbidden: "<h1>Nginx forbidden.</h1> <br/>request info: 240e:b87:1f6:d800:a504:b4a9:1b4d:4897<EOL>"
2026-04-21T23:02:16.606+08:00  WARN 20416 --- [inker] [nio-8083-exec-3] c.i.b.s.provider.EastMoneyStockProvider  : Failed to fetch concepts for stock. code=600308, market=SH, message=403 Forbidden: "<h1>Nginx forbidden.</h1> <br/>request info: 240e:b87:1f6:d800:a504:b4a9:1b4d:4897<EOL>"
2026-04-21T23:02:16.653+08:00  WARN 20416 --- [inker] [nio-8083-exec-3] c.i.b.s.provider.EastMoneyStockProvider  : Failed to fetch concepts for stock. code=600309, market=SH, message=403 Forbidden: "<h1>Nginx forbidden.</h1> <br/>request info: 240e:b87:1f6:d800:a504:b4a9:1b4d:4897<EOL>"
2026-04-21T23:02:16.702+08:00  WARN 20416 --- [inker] [nio-8083-exec-3] c.i.b.s.provider.EastMoneyStockProvider  : Failed to fetch concepts for stock. code=600310, market=SH, message=403 Forbidden: "<h1>Nginx forbidden.</h1> <br/>request info: 240e:b87:1f6:d800:a504:b4a9:1b4d:4897<EOL>"
2026-04-21T23:02:16.749+08:00  WARN 20416 --- [inker] [nio-8083-exec-3] c.i.b.s.provider.EastMoneyStockProvider  : Failed to fetch concepts for stock. code=600312, market=SH, message=403 Forbidden: "<h1>Nginx forbidden.</h1> <br/>request info: 240e:b87:1f6:d800:a504:b4a9:1b4d:4897<EOL>"
2026-04-21T23:02:16.798+08:00  WARN 20416 --- [inker] [nio-8083-exec-3] c.i.b.s.provider.EastMoneyStockProvider  : Failed to fetch concepts for stock. code=600313, market=SH, message=403 Forbidden: "<h1>Nginx forbidden.</h1> <br/>request info: 240e:b87:1f6:d800:a504:b4a9:1b4d:4897<EOL>"
2026-04-21T23:02:16.844+08:00  WARN 20416 --- [inker] [nio-8083-exec-3] c.i.b.s.provider.EastMoneyStockProvider  : Failed to fetch concepts for stock. code=600315, market=SH, message=403 Forbidden: "<h1>Nginx forbidden.</h1> <br/>request info: 240e:b87:1f6:d800:a504:b4a9:1b4d:4897<EOL>"
2026-04-21T23:02:16.889+08:00  WARN 20416 --- [inker] [nio-8083-exec-3] c.i.b.s.provider.EastMoneyStockProvider  : Failed to fetch concepts for stock. code=600316, market=SH, message=403 Forbidden: "<h1>Nginx forbidden.</h1> <br/>request info: 240e:b87:1f6:d800:a504:b4a9:1b4d:4897<EOL>"
2026-04-21T23:02:16.935+08:00  WARN 20416 --- [inker] [nio-8083-exec-3] c.i.b.s.provider.EastMoneyStockProvider  : Failed to fetch concepts for stock. code=600318, market=SH, message=403 Forbidden: "<h1>Nginx forbidden.</h1> <br/>request info: 240e:b87:1f6:d800:a504:b4a9:1b4d:4897<EOL>"
2026-04-21T23:02:16.982+08:00  WARN 20416 --- [inker] [nio-8083-exec-3] c.i.b.s.provider.EastMoneyStockProvider  : Failed to fetch concepts for stock. code=600319, market=SH, message=403 Forbidden: "<h1>Nginx forbidden.</h1> <br/>request info: 240e:b87:1f6:d800:a504:b4a9:1b4d:4897<EOL>"
2026-04-21T23:02:17.030+08:00  WARN 20416 --- [inker] [nio-8083-exec-3] c.i.b.s.provider.EastMoneyStockProvider  : Failed to fetch concepts for stock. code=600320, market=SH, message=403 Forbidden: "<h1>Nginx forbidden.</h1> <br/>request info: 240e:b87:1f6:d800:a504:b4a9:1b4d:4897<EOL>"
2026-04-21T23:02:17.077+08:00  WARN 20416 --- [inker] [nio-8083-exec-3] c.i.b.s.provider.EastMoneyStockProvider  : Failed to fetch concepts for stock. code=600322, market=SH, message=403 Forbidden: "<h1>Nginx forbidden.</h1> <br/>request info: 240e:b87:1f6:d800:a504:b4a9:1b4d:4897<EOL>"
2026-04-21T23:02:17.129+08:00  WARN 20416 --- [inker] [nio-8083-exec-3] c.i.b.s.provider.EastMoneyStockProvider  : Failed to fetch concepts for stock. code=600323, market=SH, message=403 Forbidden: "<h1>Nginx forbidden.</h1> <br/>request info: 240e:b87:1f6:d800:a504:b4a9:1b4d:4897<EOL>"
2026-04-21T23:02:17.177+08:00  WARN 20416 --- [inker] [nio-8083-exec-3] c.i.b.s.provider.EastMoneyStockProvider  : Failed to fetch concepts for stock. code=600325, market=SH, message=403 Forbidden: "<h1>Nginx forbidden.</h1> <br/>request info: 240e:b87:1f6:d800:a504:b4a9:1b4d:4897<EOL>"
2026-04-21T23:02:17.224+08:00  WARN 20416 --- [inker] [nio-8083-exec-3] c.i.b.s.provider.EastMoneyStockProvider  : Failed to fetch concepts for stock. code=600326, market=SH, message=403 Forbidden: "<h1>Nginx forbidden.</h1> <br/>request info: 240e:b87:1f6:d800:a504:b4a9:1b4d:4897<EOL>"
2026-04-21T23:02:17.273+08:00  WARN 20416 --- [inker] [nio-8083-exec-3] c.i.b.s.provider.EastMoneyStockProvider  : Failed to fetch concepts for stock. code=600327, market=SH, message=403 Forbidden: "<h1>Nginx forbidden.</h1> <br/>request info: 240e:b87:1f6:d800:a504:b4a9:1b4d:4897<EOL>"
2026-04-21T23:02:17.324+08:00  WARN 20416 --- [inker] [nio-8083-exec-3] c.i.b.s.provider.EastMoneyStockProvider  : Failed to fetch concepts for stock. code=600328, market=SH, message=403 Forbidden: "<h1>Nginx forbidden.</h1> <br/>request info: 240e:b87:1f6:d800:a504:b4a9:1b4d:4897<EOL>"
2026-04-21T23:02:17.372+08:00  WARN 20416 --- [inker] [nio-8083-exec-3] c.i.b.s.provider.EastMoneyStockProvider  : Failed to fetch concepts for stock. code=600329, market=SH, message=403 Forbidden: "<h1>Nginx forbidden.</h1> <br/>request info: 240e:b87:1f6:d800:a504:b4a9:1b4d:4897<EOL>"
2026-04-21T23:02:17.420+08:00  WARN 20416 --- [inker] [nio-8083-exec-3] c.i.b.s.provider.EastMoneyStockProvider  : Failed to fetch concepts for stock. code=600330, market=SH, message=403 Forbidden: "<h1>Nginx forbidden.</h1> <br/>request info: 240e:b87:1f6:d800:a504:b4a9:1b4d:4897<EOL>"
2026-04-21T23:02:17.464+08:00  WARN 20416 --- [inker] [nio-8083-exec-3] c.i.b.s.provider.EastMoneyStockProvider  : Failed to fetch concepts for stock. code=600331, market=SH, message=403 Forbidden: "<h1>Nginx forbidden.</h1> <br/>request info: 240e:b87:1f6:d800:a504:b4a9:1b4d:4897<EOL>"
2026-04-21T23:02:17.513+08:00  WARN 20416 --- [inker] [nio-8083-exec-3] c.i.b.s.provider.EastMoneyStockProvider  : Failed to fetch concepts for stock. code=600332, market=SH, message=403 Forbidden: "<h1>Nginx forbidden.</h1> <br/>request info: 240e:b87:1f6:d800:a504:b4a9:1b4d:4897<EOL>"
2026-04-21T23:02:17.559+08:00  WARN 20416 --- [inker] [nio-8083-exec-3] c.i.b.s.provider.EastMoneyStockProvider  : Failed to fetch concepts for stock. code=600333, market=SH, message=403 Forbidden: "<h1>Nginx forbidden.</h1> <br/>request info: 240e:b87:1f6:d800:a504:b4a9:1b4d:4897<EOL>"
2026-04-21T23:02:17.606+08:00  WARN 20416 --- [inker] [nio-8083-exec-3] c.i.b.s.provider.EastMoneyStockProvider  : Failed to fetch concepts for stock. code=600335, market=SH, message=403 Forbidden: "<h1>Nginx forbidden.</h1> <br/>request info: 240e:b87:1f6:d800:a504:b4a9:1b4d:4897<EOL>"
2026-04-21T23:02:17.655+08:00  WARN 20416 --- [inker] [nio-8083-exec-3] c.i.b.s.provider.EastMoneyStockProvider  : Failed to fetch concepts for stock. code=600336, market=SH, message=403 Forbidden: "<h1>Nginx forbidden.</h1> <br/>request info: 240e:b87:1f6:d800:a504:b4a9:1b4d:4897<EOL>"
2026-04-21T23:02:17.698+08:00  WARN 20416 --- [inker] [nio-8083-exec-3] c.i.b.s.provider.EastMoneyStockProvider  : Failed to fetch concepts for stock. code=600337, market=SH, message=403 Forbidden: "<h1>Nginx forbidden.</h1> <br/>request info: 240e:b87:1f6:d800:a504:b4a9:1b4d:4897<EOL>"
2026-04-21T23:02:17.745+08:00  WARN 20416 --- [inker] [nio-8083-exec-3] c.i.b.s.provider.EastMoneyStockProvider  : Failed to fetch concepts for stock. code=600338, market=SH, message=403 Forbidden: "<h1>Nginx forbidden.</h1> <br/>request info: 240e:b87:1f6:d800:a504:b4a9:1b4d:4897<EOL>"
2026-04-21T23:02:17.790+08:00  WARN 20416 --- [inker] [nio-8083-exec-3] c.i.b.s.provider.EastMoneyStockProvider  : Failed to fetch concepts for stock. code=600339, market=SH, message=403 Forbidden: "<h1>Nginx forbidden.</h1> <br/>request info: 240e:b87:1f6:d800:a504:b4a9:1b4d:4897<EOL>"
2026-04-21T23:02:17.835+08:00  WARN 20416 --- [inker] [nio-8083-exec-3] c.i.b.s.provider.EastMoneyStockProvider  : Failed to fetch concepts for stock. code=600340, market=SH, message=403 Forbidden: "<h1>Nginx forbidden.</h1> <br/>request info: 240e:b87:1f6:d800:a504:b4a9:1b4d:4897<EOL>"
2026-04-21T23:02:17.878+08:00  WARN 20416 --- [inker] [nio-8083-exec-3] c.i.b.s.provider.EastMoneyStockProvider  : Failed to fetch concepts for stock. code=600343, market=SH, message=403 Forbidden: "<h1>Nginx forbidden.</h1> <br/>request info: 240e:b87:1f6:d800:a504:b4a9:1b4d:4897<EOL>"
2026-04-21T23:02:17.922+08:00  WARN 20416 --- [inker] [nio-8083-exec-3] c.i.b.s.provider.EastMoneyStockProvider  : Failed to fetch concepts for stock. code=600345, market=SH, message=403 Forbidden: "<h1>Nginx forbidden.</h1> <br/>request info: 240e:b87:1f6:d800:a504:b4a9:1b4d:4897<EOL>"
2026-04-21T23:02:17.970+08:00  WARN 20416 --- [inker] [nio-8083-exec-3] c.i.b.s.provider.EastMoneyStockProvider  : Failed to fetch concepts for stock. code=600346, market=SH, message=403 Forbidden: "<h1>Nginx forbidden.</h1> <br/>request info: 240e:b87:1f6:d800:a504:b4a9:1b4d:4897<EOL>"
2026-04-21T23:02:18.014+08:00  WARN 20416 --- [inker] [nio-8083-exec-3] c.i.b.s.provider.EastMoneyStockProvider  : Failed to fetch concepts for stock. code=600348, market=SH, message=403 Forbidden: "<h1>Nginx forbidden.</h1> <br/>request info: 240e:b87:1f6:d800:a504:b4a9:1b4d:4897<EOL>"
2026-04-21T23:02:18.223+08:00  WARN 20416 --- [inker] [nio-8083-exec-3] c.i.b.s.provider.EastMoneyStockProvider  : Failed to fetch concepts for stock. code=600350, market=SH, message=403 Forbidden: "<h1>Nginx forbidden.</h1> <br/>request info: 240e:b87:1f6:d800:a504:b4a9:1b4d:4897<EOL>"
2026-04-21T23:02:18.276+08:00  WARN 20416 --- [inker] [nio-8083-exec-3] c.i.b.s.provider.EastMoneyStockProvider  : Failed to fetch concepts for stock. code=600351, market=SH, message=403 Forbidden: "<h1>Nginx forbidden.</h1> <br/>request info: 240e:b87:1f6:d800:a504:b4a9:1b4d:4897<EOL>"
2026-04-21T23:02:18.324+08:00  WARN 20416 --- [inker] [nio-8083-exec-3] c.i.b.s.provider.EastMoneyStockProvider  : Failed to fetch concepts for stock. code=600352, market=SH, message=403 Forbidden: "<h1>Nginx forbidden.</h1> <br/>request info: 240e:b87:1f6:d800:a504:b4a9:1b4d:4897<EOL>"
2026-04-21T23:02:18.368+08:00  WARN 20416 --- [inker] [nio-8083-exec-3] c.i.b.s.provider.EastMoneyStockProvider  : Failed to fetch concepts for stock. code=600353, market=SH, message=403 Forbidden: "<h1>Nginx forbidden.</h1> <br/>request info: 240e:b87:1f6:d800:a504:b4a9:1b4d:4897<EOL>"
2026-04-21T23:02:18.415+08:00  WARN 20416 --- [inker] [nio-8083-exec-3] c.i.b.s.provider.EastMoneyStockProvider  : Failed to fetch concepts for stock. code=600354, market=SH, message=403 Forbidden: "<h1>Nginx forbidden.</h1> <br/>request info: 240e:b87:1f6:d800:a504:b4a9:1b4d:4897<EOL>"
2026-04-21T23:02:18.463+08:00  WARN 20416 --- [inker] [nio-8083-exec-3] c.i.b.s.provider.EastMoneyStockProvider  : Failed to fetch concepts for stock. code=600356, market=SH, message=403 Forbidden: "<h1>Nginx forbidden.</h1> <br/>request info: 240e:b87:1f6:d800:a504:b4a9:1b4d:4897<EOL>"
2026-04-21T23:02:18.508+08:00  WARN 20416 --- [inker] [nio-8083-exec-3] c.i.b.s.provider.EastMoneyStockProvider  : Failed to fetch concepts for stock. code=600358, market=SH, message=403 Forbidden: "<h1>Nginx forbidden.</h1> <br/>request info: 240e:b87:1f6:d800:a504:b4a9:1b4d:4897<EOL>"
2026-04-21T23:02:18.556+08:00  WARN 20416 --- [inker] [nio-8083-exec-3] c.i.b.s.provider.EastMoneyStockProvider  : Failed to fetch concepts for stock. code=600359, market=SH, message=403 Forbidden: "<h1>Nginx forbidden.</h1> <br/>request info: 240e:b87:1f6:d800:a504:b4a9:1b4d:4897<EOL>"
2026-04-21T23:02:18.631+08:00  WARN 20416 --- [inker] [nio-8083-exec-3] c.i.b.s.provider.EastMoneyStockProvider  : Failed to fetch concepts for stock. code=600361, market=SH, message=403 Forbidden: "<h1>Nginx forbidden.</h1> <br/>request info: 240e:b87:1f6:d800:a504:b4a9:1b4d:4897<EOL>"
2026-04-21T23:02:18.677+08:00  WARN 20416 --- [inker] [nio-8083-exec-3] c.i.b.s.provider.EastMoneyStockProvider  : Failed to fetch concepts for stock. code=600362, market=SH, message=403 Forbidden: "<h1>Nginx forbidden.</h1> <br/>request info: 240e:b87:1f6:d800:a504:b4a9:1b4d:4897<EOL>"
2026-04-21T23:02:18.725+08:00  WARN 20416 --- [inker] [nio-8083-exec-3] c.i.b.s.provider.EastMoneyStockProvider  : Failed to fetch concepts for stock. code=600363, market=SH, message=403 Forbidden: "<h1>Nginx forbidden.</h1> <br/>request info: 240e:b87:1f6:d800:a504:b4a9:1b4d:4897<EOL>"
2026-04-21T23:02:18.772+08:00  WARN 20416 --- [inker] [nio-8083-exec-3] c.i.b.s.provider.EastMoneyStockProvider  : Failed to fetch concepts for stock. code=600366, market=SH, message=403 Forbidden: "<h1>Nginx forbidden.</h1> <br/>request info: 240e:b87:1f6:d800:a504:b4a9:1b4d:4897<EOL>"
2026-04-21T23:02:18.820+08:00  WARN 20416 --- [inker] [nio-8083-exec-3] c.i.b.s.provider.EastMoneyStockProvider  : Failed to fetch concepts for stock. code=600367, market=SH, message=403 Forbidden: "<h1>Nginx forbidden.</h1> <br/>request info: 240e:b87:1f6:d800:a504:b4a9:1b4d:4897<EOL>"
2026-04-21T23:02:18.867+08:00  WARN 20416 --- [inker] [nio-8083-exec-3] c.i.b.s.provider.EastMoneyStockProvider  : Failed to fetch concepts for stock. code=600368, market=SH, message=403 Forbidden: "<h1>Nginx forbidden.</h1> <br/>request info: 240e:b87:1f6:d800:a504:b4a9:1b4d:4897<EOL>"
2026-04-21T23:02:18.915+08:00  WARN 20416 --- [inker] [nio-8083-exec-3] c.i.b.s.provider.EastMoneyStockProvider  : Failed to fetch concepts for stock. code=600369, market=SH, message=403 Forbidden: "<h1>Nginx forbidden.</h1> <br/>request info: 240e:b87:1f6:d800:a504:b4a9:1b4d:4897<EOL>"
2026-04-21T23:02:18.965+08:00  WARN 20416 --- [inker] [nio-8083-exec-3] c.i.b.s.provider.EastMoneyStockProvider  : Failed to fetch concepts for stock. code=600370, market=SH, message=403 Forbidden: "<h1>Nginx forbidden.</h1> <br/>request info: 240e:b87:1f6:d800:a504:b4a9:1b4d:4897<EOL>"
2026-04-21T23:02:19.011+08:00  WARN 20416 --- [inker] [nio-8083-exec-3] c.i.b.s.provider.EastMoneyStockProvider  : Failed to fetch concepts for stock. code=600371, market=SH, message=403 Forbidden: "<h1>Nginx forbidden.</h1> <br/>request info: 240e:b87:1f6:d800:a504:b4a9:1b4d:4897<EOL>"
2026-04-21T23:02:19.062+08:00  WARN 20416 --- [inker] [nio-8083-exec-3] c.i.b.s.provider.EastMoneyStockProvider  : Failed to fetch concepts for stock. code=600372, market=SH, message=403 Forbidden: "<h1>Nginx forbidden.</h1> <br/>request info: 240e:b87:1f6:d800:a504:b4a9:1b4d:4897<EOL>"
2026-04-21T23:02:19.113+08:00  WARN 20416 --- [inker] [nio-8083-exec-3] c.i.b.s.provider.EastMoneyStockProvider  : Failed to fetch concepts for stock. code=600373, market=SH, message=403 Forbidden: "<h1>Nginx forbidden.</h1> <br/>request info: 240e:b87:1f6:d800:a504:b4a9:1b4d:4897<EOL>"
2026-04-21T23:02:19.162+08:00  WARN 20416 --- [inker] [nio-8083-exec-3] c.i.b.s.provider.EastMoneyStockProvider  : Failed to fetch concepts for stock. code=600375, market=SH, message=403 Forbidden: "<h1>Nginx forbidden.</h1> <br/>request info: 240e:b87:1f6:d800:a504:b4a9:1b4d:4897<EOL>"
2026-04-21T23:02:19.205+08:00  WARN 20416 --- [inker] [nio-8083-exec-3] c.i.b.s.provider.EastMoneyStockProvider  : Failed to fetch concepts for stock. code=600376, market=SH, message=403 Forbidden: "<h1>Nginx forbidden.</h1> <br/>request info: 240e:b87:1f6:d800:a504:b4a9:1b4d:4897<EOL>"
2026-04-21T23:02:19.278+08:00  WARN 20416 --- [inker] [nio-8083-exec-3] c.i.b.s.provider.EastMoneyStockProvider  : Failed to fetch concepts for stock. code=600377, market=SH, message=403 Forbidden: "<h1>Nginx forbidden.</h1> <br/>request info: 240e:b87:1f6:d800:a504:b4a9:1b4d:4897<EOL>"
2026-04-21T23:02:19.324+08:00  WARN 20416 --- [inker] [nio-8083-exec-3] c.i.b.s.provider.EastMoneyStockProvider  : Failed to fetch concepts for stock. code=600378, market=SH, message=403 Forbidden: "<h1>Nginx forbidden.</h1> <br/>request info: 240e:b87:1f6:d800:a504:b4a9:1b4d:4897<EOL>"
2026-04-21T23:02:19.371+08:00  WARN 20416 --- [inker] [nio-8083-exec-3] c.i.b.s.provider.EastMoneyStockProvider  : Failed to fetch concepts for stock. code=600379, market=SH, message=403 Forbidden: "<h1>Nginx forbidden.</h1> <br/>request info: 240e:b87:1f6:d800:a504:b4a9:1b4d:4897<EOL>"
2026-04-21T23:02:19.420+08:00  WARN 20416 --- [inker] [nio-8083-exec-3] c.i.b.s.provider.EastMoneyStockProvider  : Failed to fetch concepts for stock. code=600380, market=SH, message=403 Forbidden: "<h1>Nginx forbidden.</h1> <br/>request info: 240e:b87:1f6:d800:a504:b4a9:1b4d:4897<EOL>"
2026-04-21T23:02:19.469+08:00  WARN 20416 --- [inker] [nio-8083-exec-3] c.i.b.s.provider.EastMoneyStockProvider  : Failed to fetch concepts for stock. code=600382, market=SH, message=403 Forbidden: "<h1>Nginx forbidden.</h1> <br/>request info: 240e:b87:1f6:d800:a504:b4a9:1b4d:4897<EOL>"
2026-04-21T23:02:19.517+08:00  WARN 20416 --- [inker] [nio-8083-exec-3] c.i.b.s.provider.EastMoneyStockProvider  : Failed to fetch concepts for stock. code=600383, market=SH, message=403 Forbidden: "<h1>Nginx forbidden.</h1> <br/>request info: 240e:b87:1f6:d800:a504:b4a9:1b4d:4897<EOL>"
2026-04-21T23:02:19.565+08:00  WARN 20416 --- [inker] [nio-8083-exec-3] c.i.b.s.provider.EastMoneyStockProvider  : Failed to fetch concepts for stock. code=600386, market=SH, message=403 Forbidden: "<h1>Nginx forbidden.</h1> <br/>request info: 240e:b87:1f6:d800:a504:b4a9:1b4d:4897<EOL>"
2026-04-21T23:02:19.615+08:00  WARN 20416 --- [inker] [nio-8083-exec-3] c.i.b.s.provider.EastMoneyStockProvider  : Failed to fetch concepts for stock. code=600388, market=SH, message=403 Forbidden: "<h1>Nginx forbidden.</h1> <br/>request info: 240e:b87:1f6:d800:a504:b4a9:1b4d:4897<EOL>"
2026-04-21T23:02:19.661+08:00  WARN 20416 --- [inker] [nio-8083-exec-3] c.i.b.s.provider.EastMoneyStockProvider  : Failed to fetch concepts for stock. code=600389, market=SH, message=403 Forbidden: "<h1>Nginx forbidden.</h1> <br/>request info: 240e:b87:1f6:d800:a504:b4a9:1b4d:4897<EOL>"
2026-04-21T23:02:19.708+08:00  WARN 20416 --- [inker] [nio-8083-exec-3] c.i.b.s.provider.EastMoneyStockProvider  : Failed to fetch concepts for stock. code=600390, market=SH, message=403 Forbidden: "<h1>Nginx forbidden.</h1> <br/>request info: 240e:b87:1f6:d800:a504:b4a9:1b4d:4897<EOL>"
2026-04-21T23:02:19.755+08:00  WARN 20416 --- [inker] [nio-8083-exec-3] c.i.b.s.provider.EastMoneyStockProvider  : Failed to fetch concepts for stock. code=600391, market=SH, message=403 Forbidden: "<h1>Nginx forbidden.</h1> <br/>request info: 240e:b87:1f6:d800:a504:b4a9:1b4d:4897<EOL>"
2026-04-21T23:02:19.806+08:00  WARN 20416 --- [inker] [nio-8083-exec-3] c.i.b.s.provider.EastMoneyStockProvider  : Failed to fetch concepts for stock. code=600392, market=SH, message=403 Forbidden: "<h1>Nginx forbidden.</h1> <br/>request info: 240e:b87:1f6:d800:a504:b4a9:1b4d:4897<EOL>"
2026-04-21T23:02:19.851+08:00  WARN 20416 --- [inker] [nio-8083-exec-3] c.i.b.s.provider.EastMoneyStockProvider  : Failed to fetch concepts for stock. code=600395, market=SH, message=403 Forbidden: "<h1>Nginx forbidden.</h1> <br/>request info: 240e:b87:1f6:d800:a504:b4a9:1b4d:4897<EOL>"
2026-04-21T23:02:19.899+08:00  WARN 20416 --- [inker] [nio-8083-exec-3] c.i.b.s.provider.EastMoneyStockProvider  : Failed to fetch concepts for stock. code=600396, market=SH, message=403 Forbidden: "<h1>Nginx forbidden.</h1> <br/>request info: 240e:b87:1f6:d800:a504:b4a9:1b4d:4897<EOL>"
2026-04-21T23:02:20.163+08:00  WARN 20416 --- [inker] [nio-8083-exec-3] c.i.b.s.provider.EastMoneyStockProvider  : Failed to fetch concepts for stock. code=600397, market=SH, message=403 Forbidden: "<h1>Nginx forbidden.</h1> <br/>request info: 240e:b87:1f6:d800:a504:b4a9:1b4d:4897<EOL>"
2026-04-21T23:02:20.212+08:00  WARN 20416 --- [inker] [nio-8083-exec-3] c.i.b.s.provider.EastMoneyStockProvider  : Failed to fetch concepts for stock. code=600398, market=SH, message=403 Forbidden: "<h1>Nginx forbidden.</h1> <br/>request info: 240e:b87:1f6:d800:a504:b4a9:1b4d:4897<EOL>"
2026-04-21T23:02:20.256+08:00  WARN 20416 --- [inker] [nio-8083-exec-3] c.i.b.s.provider.EastMoneyStockProvider  : Failed to fetch concepts for stock. code=600399, market=SH, message=403 Forbidden: "<h1>Nginx forbidden.</h1> <br/>request info: 240e:b87:1f6:d800:a504:b4a9:1b4d:4897<EOL>"
2026-04-21T23:02:20.305+08:00  WARN 20416 --- [inker] [nio-8083-exec-3] c.i.b.s.provider.EastMoneyStockProvider  : Failed to fetch concepts for stock. code=600400, market=SH, message=403 Forbidden: "<h1>Nginx forbidden.</h1> <br/>request info: 240e:b87:1f6:d800:a504:b4a9:1b4d:4897<EOL>"
2026-04-21T23:02:20.355+08:00  WARN 20416 --- [inker] [nio-8083-exec-3] c.i.b.s.provider.EastMoneyStockProvider  : Failed to fetch concepts for stock. code=600403, market=SH, message=403 Forbidden: "<h1>Nginx forbidden.</h1> <br/>request info: 240e:b87:1f6:d800:a504:b4a9:1b4d:4897<EOL>"
2026-04-21T23:02:20.401+08:00  WARN 20416 --- [inker] [nio-8083-exec-3] c.i.b.s.provider.EastMoneyStockProvider  : Failed to fetch concepts for stock. code=600405, market=SH, message=403 Forbidden: "<h1>Nginx forbidden.</h1> <br/>request info: 240e:b87:1f6:d800:a504:b4a9:1b4d:4897<EOL>"
2026-04-21T23:02:20.445+08:00  WARN 20416 --- [inker] [nio-8083-exec-3] c.i.b.s.provider.EastMoneyStockProvider  : Failed to fetch concepts for stock. code=600406, market=SH, message=403 Forbidden: "<h1>Nginx forbidden.</h1> <br/>request info: 240e:b87:1f6:d800:a504:b4a9:1b4d:4897<EOL>"
2026-04-21T23:02:20.492+08:00  WARN 20416 --- [inker] [nio-8083-exec-3] c.i.b.s.provider.EastMoneyStockProvider  : Failed to fetch concepts for stock. code=600408, market=SH, message=403 Forbidden: "<h1>Nginx forbidden.</h1> <br/>request info: 240e:b87:1f6:d800:a504:b4a9:1b4d:4897<EOL>"
2026-04-21T23:02:20.539+08:00  WARN 20416 --- [inker] [nio-8083-exec-3] c.i.b.s.provider.EastMoneyStockProvider  : Failed to fetch concepts for stock. code=600409, market=SH, message=403 Forbidden: "<h1>Nginx forbidden.</h1> <br/>request info: 240e:b87:1f6:d800:a504:b4a9:1b4d:4897<EOL>"
2026-04-21T23:02:20.586+08:00  WARN 20416 --- [inker] [nio-8083-exec-3] c.i.b.s.provider.EastMoneyStockProvider  : Failed to fetch concepts for stock. code=600410, market=SH, message=403 Forbidden: "<h1>Nginx forbidden.</h1> <br/>request info: 240e:b87:1f6:d800:a504:b4a9:1b4d:4897<EOL>"
2026-04-21T23:02:20.633+08:00  WARN 20416 --- [inker] [nio-8083-exec-3] c.i.b.s.provider.EastMoneyStockProvider  : Failed to fetch concepts for stock. code=600415, market=SH, message=403 Forbidden: "<h1>Nginx forbidden.</h1> <br/>request info: 240e:b87:1f6:d800:a504:b4a9:1b4d:4897<EOL>"
2026-04-21T23:02:20.684+08:00  WARN 20416 --- [inker] [nio-8083-exec-3] c.i.b.s.provider.EastMoneyStockProvider  : Failed to fetch concepts for stock. code=600416, market=SH, message=403 Forbidden: "<h1>Nginx forbidden.</h1> <br/>request info: 240e:b87:1f6:d800:a504:b4a9:1b4d:4897<EOL>"
2026-04-21T23:02:20.731+08:00  WARN 20416 --- [inker] [nio-8083-exec-3] c.i.b.s.provider.EastMoneyStockProvider  : Failed to fetch concepts for stock. code=600418, market=SH, message=403 Forbidden: "<h1>Nginx forbidden.</h1> <br/>request info: 240e:b87:1f6:d800:a504:b4a9:1b4d:4897<EOL>"
2026-04-21T23:02:20.780+08:00  WARN 20416 --- [inker] [nio-8083-exec-3] c.i.b.s.provider.EastMoneyStockProvider  : Failed to fetch concepts for stock. code=600419, market=SH, message=403 Forbidden: "<h1>Nginx forbidden.</h1> <br/>request info: 240e:b87:1f6:d800:a504:b4a9:1b4d:4897<EOL>"
2026-04-21T23:02:20.829+08:00  WARN 20416 --- [inker] [nio-8083-exec-3] c.i.b.s.provider.EastMoneyStockProvider  : Failed to fetch concepts for stock. code=600420, market=SH, message=403 Forbidden: "<h1>Nginx forbidden.</h1> <br/>request info: 240e:b87:1f6:d800:a504:b4a9:1b4d:4897<EOL>"
2026-04-21T23:02:20.875+08:00  WARN 20416 --- [inker] [nio-8083-exec-3] c.i.b.s.provider.EastMoneyStockProvider  : Failed to fetch concepts for stock. code=600422, market=SH, message=403 Forbidden: "<h1>Nginx forbidden.</h1> <br/>request info: 240e:b87:1f6:d800:a504:b4a9:1b4d:4897<EOL>"
2026-04-21T23:02:20.920+08:00  WARN 20416 --- [inker] [nio-8083-exec-3] c.i.b.s.provider.EastMoneyStockProvider  : Failed to fetch concepts for stock. code=600423, market=SH, message=403 Forbidden: "<h1>Nginx forbidden.</h1> <br/>request info: 240e:b87:1f6:d800:a504:b4a9:1b4d:4897<EOL>"
2026-04-21T23:02:20.966+08:00  WARN 20416 --- [inker] [nio-8083-exec-3] c.i.b.s.provider.EastMoneyStockProvider  : Failed to fetch concepts for stock. code=600425, market=SH, message=403 Forbidden: "<h1>Nginx forbidden.</h1> <br/>request info: 240e:b87:1f6:d800:a504:b4a9:1b4d:4897<EOL>"
2026-04-21T23:02:21.017+08:00  WARN 20416 --- [inker] [nio-8083-exec-3] c.i.b.s.provider.EastMoneyStockProvider  : Failed to fetch concepts for stock. code=600426, market=SH, message=403 Forbidden: "<h1>Nginx forbidden.</h1> <br/>request info: 240e:b87:1f6:d800:a504:b4a9:1b4d:4897<EOL>"
2026-04-21T23:02:43.701+08:00  WARN 20416 --- [inker] [nio-8083-exec-3] c.i.b.s.provider.EastMoneyStockProvider  : Failed to fetch concepts for stock. code=600567, market=SH, message=403 Forbidden: "<h1>Nginx forbidden.</h1> <br/>request info: 240e:b87:1f6:d800:a504:b4a9:1b4d:4897<EOL>"
2026-04-21T23:02:43.748+08:00  WARN 20416 --- [inker] [nio-8083-exec-3] c.i.b.s.provider.EastMoneyStockProvider  : Failed to fetch concepts for stock. code=600569, market=SH, message=403 Forbidden: "<h1>Nginx forbidden.</h1> <br/>request info: 240e:b87:1f6:d800:a504:b4a9:1b4d:4897<EOL>"
2026-04-21T23:02:43.798+08:00  WARN 20416 --- [inker] [nio-8083-exec-3] c.i.b.s.provider.EastMoneyStockProvider  : Failed to fetch concepts for stock. code=600570, market=SH, message=403 Forbidden: "<h1>Nginx forbidden.</h1> <br/>request info: 240e:b87:1f6:d800:a504:b4a9:1b4d:4897<EOL>"
2026-04-21T23:02:43.842+08:00  WARN 20416 --- [inker] [nio-8083-exec-3] c.i.b.s.provider.EastMoneyStockProvider  : Failed to fetch concepts for stock. code=600571, market=SH, message=403 Forbidden: "<h1>Nginx forbidden.</h1> <br/>request info: 240e:b87:1f6:d800:a504:b4a9:1b4d:4897<EOL>"
2026-04-21T23:02:43.885+08:00  WARN 20416 --- [inker] [nio-8083-exec-3] c.i.b.s.provider.EastMoneyStockProvider  : Failed to fetch concepts for stock. code=600572, market=SH, message=403 Forbidden: "<h1>Nginx forbidden.</h1> <br/>request info: 240e:b87:1f6:d800:a504:b4a9:1b4d:4897<EOL>"
2026-04-21T23:02:43.929+08:00  WARN 20416 --- [inker] [nio-8083-exec-3] c.i.b.s.provider.EastMoneyStockProvider  : Failed to fetch concepts for stock. code=600573, market=SH, message=403 Forbidden: "<h1>Nginx forbidden.</h1> <br/>request info: 240e:b87:1f6:d800:a504:b4a9:1b4d:4897<EOL>"
2026-04-21T23:02:43.975+08:00  WARN 20416 --- [inker] [nio-8083-exec-3] c.i.b.s.provider.EastMoneyStockProvider  : Failed to fetch concepts for stock. code=600575, market=SH, message=403 Forbidden: "<h1>Nginx forbidden.</h1> <br/>request info: 240e:b87:1f6:d800:a504:b4a9:1b4d:4897<EOL>"
2026-04-21T23:02:44.018+08:00  WARN 20416 --- [inker] [nio-8083-exec-3] c.i.b.s.provider.EastMoneyStockProvider  : Failed to fetch concepts for stock. code=600576, market=SH, message=403 Forbidden: "<h1>Nginx forbidden.</h1> <br/>request info: 240e:b87:1f6:d800:a504:b4a9:1b4d:4897<EOL>"
2026-04-21T23:02:44.068+08:00  WARN 20416 --- [inker] [nio-8083-exec-3] c.i.b.s.provider.EastMoneyStockProvider  : Failed to fetch concepts for stock. code=600577, market=SH, message=403 Forbidden: "<h1>Nginx forbidden.</h1> <br/>request info: 240e:b87:1f6:d800:a504:b4a9:1b4d:4897<EOL>"
2026-04-21T23:02:44.113+08:00  WARN 20416 --- [inker] [nio-8083-exec-3] c.i.b.s.provider.EastMoneyStockProvider  : Failed to fetch concepts for stock. code=600578, market=SH, message=403 Forbidden: "<h1>Nginx forbidden.</h1> <br/>request info: 240e:b87:1f6:d800:a504:b4a9:1b4d:4897<EOL>"
2026-04-21T23:02:44.156+08:00  WARN 20416 --- [inker] [nio-8083-exec-3] c.i.b.s.provider.EastMoneyStockProvider  : Failed to fetch concepts for stock. code=600579, market=SH, message=403 Forbidden: "<h1>Nginx forbidden.</h1> <br/>request info: 240e:b87:1f6:d800:a504:b4a9:1b4d:4897<EOL>"
2026-04-21T23:02:44.200+08:00  WARN 20416 --- [inker] [nio-8083-exec-3] c.i.b.s.provider.EastMoneyStockProvider  : Failed to fetch concepts for stock. code=600580, market=SH, message=403 Forbidden: "<h1>Nginx forbidden.</h1> <br/>request info: 240e:b87:1f6:d800:a504:b4a9:1b4d:4897<EOL>"
2026-04-21T23:02:44.245+08:00  WARN 20416 --- [inker] [nio-8083-exec-3] c.i.b.s.provider.EastMoneyStockProvider  : Failed to fetch concepts for stock. code=600582, market=SH, message=403 Forbidden: "<h1>Nginx forbidden.</h1> <br/>request info: 240e:b87:1f6:d800:a504:b4a9:1b4d:4897<EOL>"
2026-04-21T23:02:44.286+08:00  WARN 20416 --- [inker] [nio-8083-exec-3] c.i.b.s.provider.EastMoneyStockProvider  : Failed to fetch concepts for stock. code=600583, market=SH, message=403 Forbidden: "<h1>Nginx forbidden.</h1> <br/>request info: 240e:b87:1f6:d800:a504:b4a9:1b4d:4897<EOL>"
2026-04-21T23:02:44.333+08:00  WARN 20416 --- [inker] [nio-8083-exec-3] c.i.b.s.provider.EastMoneyStockProvider  : Failed to fetch concepts for stock. code=600584, market=SH, message=403 Forbidden: "<h1>Nginx forbidden.</h1> <br/>request info: 240e:b87:1f6:d800:a504:b4a9:1b4d:4897<EOL>"
2026-04-21T23:02:44.380+08:00  WARN 20416 --- [inker] [nio-8083-exec-3] c.i.b.s.provider.EastMoneyStockProvider  : Failed to fetch concepts for stock. code=600585, market=SH, message=403 Forbidden: "<h1>Nginx forbidden.</h1> <br/>request info: 240e:b87:1f6:d800:a504:b4a9:1b4d:4897<EOL>"
2026-04-21T23:02:44.457+08:00  WARN 20416 --- [inker] [nio-8083-exec-3] c.i.b.s.provider.EastMoneyStockProvider  : Failed to fetch concepts for stock. code=600586, market=SH, message=403 Forbidden: "<h1>Nginx forbidden.</h1> <br/>request info: 240e:b87:1f6:d800:a504:b4a9:1b4d:4897<EOL>"
2026-04-21T23:02:44.549+08:00  WARN 20416 --- [inker] [nio-8083-exec-3] c.i.b.s.provider.EastMoneyStockProvider  : Failed to fetch concepts for stock. code=600587, market=SH, message=403 Forbidden: "<h1>Nginx forbidden.</h1> <br/>request info: 240e:b87:1f6:d800:a504:b4a9:1b4d:4897<EOL>"
2026-04-21T23:02:44.597+08:00  WARN 20416 --- [inker] [nio-8083-exec-3] c.i.b.s.provider.EastMoneyStockProvider  : Failed to fetch concepts for stock. code=600588, market=SH, message=403 Forbidden: "<h1>Nginx forbidden.</h1> <br/>request info: 240e:b87:1f6:d800:a504:b4a9:1b4d:4897<EOL>"
2026-04-21T23:02:44.644+08:00  WARN 20416 --- [inker] [nio-8083-exec-3] c.i.b.s.provider.EastMoneyStockProvider  : Failed to fetch concepts for stock. code=600589, market=SH, message=403 Forbidden: "<h1>Nginx forbidden.</h1> <br/>request info: 240e:b87:1f6:d800:a504:b4a9:1b4d:4897<EOL>"
2026-04-21T23:02:44.689+08:00  WARN 20416 --- [inker] [nio-8083-exec-3] c.i.b.s.provider.EastMoneyStockProvider  : Failed to fetch concepts for stock. code=600590, market=SH, message=403 Forbidden: "<h1>Nginx forbidden.</h1> <br/>request info: 240e:b87:1f6:d800:a504:b4a9:1b4d:4897<EOL>"
2026-04-21T23:02:44.733+08:00  WARN 20416 --- [inker] [nio-8083-exec-3] c.i.b.s.provider.EastMoneyStockProvider  : Failed to fetch concepts for stock. code=600592, market=SH, message=403 Forbidden: "<h1>Nginx forbidden.</h1> <br/>request info: 240e:b87:1f6:d800:a504:b4a9:1b4d:4897<EOL>"
2026-04-21T23:02:44.776+08:00  WARN 20416 --- [inker] [nio-8083-exec-3] c.i.b.s.provider.EastMoneyStockProvider  : Failed to fetch concepts for stock. code=600593, market=SH, message=403 Forbidden: "<h1>Nginx forbidden.</h1> <br/>request info: 240e:b87:1f6:d800:a504:b4a9:1b4d:4897<EOL>"
2026-04-21T23:02:44.824+08:00  WARN 20416 --- [inker] [nio-8083-exec-3] c.i.b.s.provider.EastMoneyStockProvider  : Failed to fetch concepts for stock. code=600594, market=SH, message=403 Forbidden: "<h1>Nginx forbidden.</h1> <br/>request info: 240e:b87:1f6:d800:a504:b4a9:1b4d:4897<EOL>"
2026-04-21T23:02:44.874+08:00  WARN 20416 --- [inker] [nio-8083-exec-3] c.i.b.s.provider.EastMoneyStockProvider  : Failed to fetch concepts for stock. code=600595, market=SH, message=403 Forbidden: "<h1>Nginx forbidden.</h1> <br/>request info: 240e:b87:1f6:d800:a504:b4a9:1b4d:4897<EOL>"
2026-04-21T23:02:45.156+08:00  WARN 20416 --- [inker] [nio-8083-exec-3] c.i.b.s.provider.EastMoneyStockProvider  : Failed to fetch concepts for stock. code=600596, market=SH, message=403 Forbidden: "<h1>Nginx forbidden.</h1> <br/>request info: 240e:b87:1f6:d800:a504:b4a9:1b4d:4897<EOL>"
2026-04-21T23:02:45.204+08:00  WARN 20416 --- [inker] [nio-8083-exec-3] c.i.b.s.provider.EastMoneyStockProvider  : Failed to fetch concepts for stock. code=600597, market=SH, message=403 Forbidden: "<h1>Nginx forbidden.</h1> <br/>request info: 240e:b87:1f6:d800:a504:b4a9:1b4d:4897<EOL>"
2026-04-21T23:02:45.251+08:00  WARN 20416 --- [inker] [nio-8083-exec-3] c.i.b.s.provider.EastMoneyStockProvider  : Failed to fetch concepts for stock. code=600598, market=SH, message=403 Forbidden: "<h1>Nginx forbidden.</h1> <br/>request info: 240e:b87:1f6:d800:a504:b4a9:1b4d:4897<EOL>"
2026-04-21T23:02:45.294+08:00  WARN 20416 --- [inker] [nio-8083-exec-3] c.i.b.s.provider.EastMoneyStockProvider  : Failed to fetch concepts for stock. code=600600, market=SH, message=403 Forbidden: "<h1>Nginx forbidden.</h1> <br/>request info: 240e:b87:1f6:d800:a504:b4a9:1b4d:4897<EOL>"
2026-04-21T23:02:45.338+08:00  WARN 20416 --- [inker] [nio-8083-exec-3] c.i.b.s.provider.EastMoneyStockProvider  : Failed to fetch concepts for stock. code=600601, market=SH, message=403 Forbidden: "<h1>Nginx forbidden.</h1> <br/>request info: 240e:b87:1f6:d800:a504:b4a9:1b4d:4897<EOL>"
2026-04-21T23:02:45.384+08:00  WARN 20416 --- [inker] [nio-8083-exec-3] c.i.b.s.provider.EastMoneyStockProvider  : Failed to fetch concepts for stock. code=600602, market=SH, message=403 Forbidden: "<h1>Nginx forbidden.</h1> <br/>request info: 240e:b87:1f6:d800:a504:b4a9:1b4d:4897<EOL>"
2026-04-21T23:02:45.427+08:00  WARN 20416 --- [inker] [nio-8083-exec-3] c.i.b.s.provider.EastMoneyStockProvider  : Failed to fetch concepts for stock. code=600603, market=SH, message=403 Forbidden: "<h1>Nginx forbidden.</h1> <br/>request info: 240e:b87:1f6:d800:a504:b4a9:1b4d:4897<EOL>"
2026-04-21T23:02:45.654+08:00  WARN 20416 --- [inker] [nio-8083-exec-3] c.i.b.s.provider.EastMoneyStockProvider  : Failed to fetch concepts for stock. code=600604, market=SH, message=403 Forbidden: "<h1>Nginx forbidden.</h1> <br/>request info: 240e:b87:1f6:d800:a504:b4a9:1b4d:4897<EOL>"
2026-04-21T23:02:45.698+08:00  WARN 20416 --- [inker] [nio-8083-exec-3] c.i.b.s.provider.EastMoneyStockProvider  : Failed to fetch concepts for stock. code=600605, market=SH, message=403 Forbidden: "<h1>Nginx forbidden.</h1> <br/>request info: 240e:b87:1f6:d800:a504:b4a9:1b4d:4897<EOL>"
2026-04-21T23:02:45.744+08:00  WARN 20416 --- [inker] [nio-8083-exec-3] c.i.b.s.provider.EastMoneyStockProvider  : Failed to fetch concepts for stock. code=600606, market=SH, message=403 Forbidden: "<h1>Nginx forbidden.</h1> <br/>request info: 240e:b87:1f6:d800:a504:b4a9:1b4d:4897<EOL>"
2026-04-21T23:02:45.788+08:00  WARN 20416 --- [inker] [nio-8083-exec-3] c.i.b.s.provider.EastMoneyStockProvider  : Failed to fetch concepts for stock. code=600609, market=SH, message=403 Forbidden: "<h1>Nginx forbidden.</h1> <br/>request info: 240e:b87:1f6:d800:a504:b4a9:1b4d:4897<EOL>"
2026-04-21T23:02:45.829+08:00  WARN 20416 --- [inker] [nio-8083-exec-3] c.i.b.s.provider.EastMoneyStockProvider  : Failed to fetch concepts for stock. code=600610, market=SH, message=403 Forbidden: "<h1>Nginx forbidden.</h1> <br/>request info: 240e:b87:1f6:d800:a504:b4a9:1b4d:4897<EOL>"
2026-04-21T23:02:45.870+08:00  WARN 20416 --- [inker] [nio-8083-exec-3] c.i.b.s.provider.EastMoneyStockProvider  : Failed to fetch concepts for stock. code=600611, market=SH, message=403 Forbidden: "<h1>Nginx forbidden.</h1> <br/>request info: 240e:b87:1f6:d800:a504:b4a9:1b4d:4897<EOL>"
2026-04-21T23:02:45.915+08:00  WARN 20416 --- [inker] [nio-8083-exec-3] c.i.b.s.provider.EastMoneyStockProvider  : Failed to fetch concepts for stock. code=600612, market=SH, message=403 Forbidden: "<h1>Nginx forbidden.</h1> <br/>request info: 240e:b87:1f6:d800:a504:b4a9:1b4d:4897<EOL>"
2026-04-21T23:02:45.959+08:00  WARN 20416 --- [inker] [nio-8083-exec-3] c.i.b.s.provider.EastMoneyStockProvider  : Failed to fetch concepts for stock. code=600613, market=SH, message=403 Forbidden: "<h1>Nginx forbidden.</h1> <br/>request info: 240e:b87:1f6:d800:a504:b4a9:1b4d:4897<EOL>"
2026-04-21T23:02:46.002+08:00  WARN 20416 --- [inker] [nio-8083-exec-3] c.i.b.s.provider.EastMoneyStockProvider  : Failed to fetch concepts for stock. code=600615, market=SH, message=403 Forbidden: "<h1>Nginx forbidden.</h1> <br/>request info: 240e:b87:1f6:d800:a504:b4a9:1b4d:4897<EOL>"
2026-04-21T23:02:46.043+08:00  WARN 20416 --- [inker] [nio-8083-exec-3] c.i.b.s.provider.EastMoneyStockProvider  : Failed to fetch concepts for stock. code=600616, market=SH, message=403 Forbidden: "<h1>Nginx forbidden.</h1> <br/>request info: 240e:b87:1f6:d800:a504:b4a9:1b4d:4897<EOL>"
2026-04-21T23:02:46.087+08:00  WARN 20416 --- [inker] [nio-8083-exec-3] c.i.b.s.provider.EastMoneyStockProvider  : Failed to fetch concepts for stock. code=600617, market=SH, message=403 Forbidden: "<h1>Nginx forbidden.</h1> <br/>request info: 240e:b87:1f6:d800:a504:b4a9:1b4d:4897<EOL>"
2026-04-21T23:02:46.130+08:00  WARN 20416 --- [inker] [nio-8083-exec-3] c.i.b.s.provider.EastMoneyStockProvider  : Failed to fetch concepts for stock. code=600618, market=SH, message=403 Forbidden: "<h1>Nginx forbidden.</h1> <br/>request info: 240e:b87:1f6:d800:a504:b4a9:1b4d:4897<EOL>"
2026-04-21T23:02:46.176+08:00  WARN 20416 --- [inker] [nio-8083-exec-3] c.i.b.s.provider.EastMoneyStockProvider  : Failed to fetch concepts for stock. code=600619, market=SH, message=403 Forbidden: "<h1>Nginx forbidden.</h1> <br/>request info: 240e:b87:1f6:d800:a504:b4a9:1b4d:4897<EOL>"
2026-04-21T23:02:46.222+08:00  WARN 20416 --- [inker] [nio-8083-exec-3] c.i.b.s.provider.EastMoneyStockProvider  : Failed to fetch concepts for stock. code=600620, market=SH, message=403 Forbidden: "<h1>Nginx forbidden.</h1> <br/>request info: 240e:b87:1f6:d800:a504:b4a9:1b4d:4897<EOL>"
2026-04-21T23:02:46.266+08:00  WARN 20416 --- [inker] [nio-8083-exec-3] c.i.b.s.provider.EastMoneyStockProvider  : Failed to fetch concepts for stock. code=600621, market=SH, message=403 Forbidden: "<h1>Nginx forbidden.</h1> <br/>request info: 240e:b87:1f6:d800:a504:b4a9:1b4d:4897<EOL>"
2026-04-21T23:02:46.311+08:00  WARN 20416 --- [inker] [nio-8083-exec-3] c.i.b.s.provider.EastMoneyStockProvider  : Failed to fetch concepts for stock. code=600622, market=SH, message=403 Forbidden: "<h1>Nginx forbidden.</h1> <br/>request info: 240e:b87:1f6:d800:a504:b4a9:1b4d:4897<EOL>"
2026-04-21T23:02:46.359+08:00  WARN 20416 --- [inker] [nio-8083-exec-3] c.i.b.s.provider.EastMoneyStockProvider  : Failed to fetch concepts for stock. code=600623, market=SH, message=403 Forbidden: "<h1>Nginx forbidden.</h1> <br/>request info: 240e:b87:1f6:d800:a504:b4a9:1b4d:4897<EOL>"
2026-04-21T23:02:46.408+08:00  WARN 20416 --- [inker] [nio-8083-exec-3] c.i.b.s.provider.EastMoneyStockProvider  : Failed to fetch concepts for stock. code=600626, market=SH, message=403 Forbidden: "<h1>Nginx forbidden.</h1> <br/>request info: 240e:b87:1f6:d800:a504:b4a9:1b4d:4897<EOL>"
2026-04-21T23:02:46.451+08:00  WARN 20416 --- [inker] [nio-8083-exec-3] c.i.b.s.provider.EastMoneyStockProvider  : Failed to fetch concepts for stock. code=600628, market=SH, message=403 Forbidden: "<h1>Nginx forbidden.</h1> <br/>request info: 240e:b87:1f6:d800:a504:b4a9:1b4d:4897<EOL>"
2026-04-21T23:02:46.499+08:00  WARN 20416 --- [inker] [nio-8083-exec-3] c.i.b.s.provider.EastMoneyStockProvider  : Failed to fetch concepts for stock. code=600629, market=SH, message=403 Forbidden: "<h1>Nginx forbidden.</h1> <br/>request info: 240e:b87:1f6:d800:a504:b4a9:1b4d:4897<EOL>"
2026-04-21T23:02:46.541+08:00  WARN 20416 --- [inker] [nio-8083-exec-3] c.i.b.s.provider.EastMoneyStockProvider  : Failed to fetch concepts for stock. code=600630, market=SH, message=403 Forbidden: "<h1>Nginx forbidden.</h1> <br/>request info: 240e:b87:1f6:d800:a504:b4a9:1b4d:4897<EOL>"
2026-04-21T23:02:46.590+08:00  WARN 20416 --- [inker] [nio-8083-exec-3] c.i.b.s.provider.EastMoneyStockProvider  : Failed to fetch concepts for stock. code=600633, market=SH, message=403 Forbidden: "<h1>Nginx forbidden.</h1> <br/>request info: 240e:b87:1f6:d800:a504:b4a9:1b4d:4897<EOL>"
2026-04-21T23:02:46.631+08:00  WARN 20416 --- [inker] [nio-8083-exec-3] c.i.b.s.provider.EastMoneyStockProvider  : Failed to fetch concepts for stock. code=600635, market=SH, message=403 Forbidden: "<h1>Nginx forbidden.</h1> <br/>request info: 240e:b87:1f6:d800:a504:b4a9:1b4d:4897<EOL>"
2026-04-21T23:02:46.674+08:00  WARN 20416 --- [inker] [nio-8083-exec-3] c.i.b.s.provider.EastMoneyStockProvider  : Failed to fetch concepts for stock. code=600637, market=SH, message=403 Forbidden: "<h1>Nginx forbidden.</h1> <br/>request info: 240e:b87:1f6:d800:a504:b4a9:1b4d:4897<EOL>"
2026-04-21T23:02:46.723+08:00  WARN 20416 --- [inker] [nio-8083-exec-3] c.i.b.s.provider.EastMoneyStockProvider  : Failed to fetch concepts for stock. code=600638, market=SH, message=403 Forbidden: "<h1>Nginx forbidden.</h1> <br/>request info: 240e:b87:1f6:d800:a504:b4a9:1b4d:4897<EOL>"
2026-04-21T23:02:46.771+08:00  WARN 20416 --- [inker] [nio-8083-exec-3] c.i.b.s.provider.EastMoneyStockProvider  : Failed to fetch concepts for stock. code=600639, market=SH, message=403 Forbidden: "<h1>Nginx forbidden.</h1> <br/>request info: 240e:b87:1f6:d800:a504:b4a9:1b4d:4897<EOL>"
2026-04-21T23:02:46.814+08:00  WARN 20416 --- [inker] [nio-8083-exec-3] c.i.b.s.provider.EastMoneyStockProvider  : Failed to fetch concepts for stock. code=600640, market=SH, message=403 Forbidden: "<h1>Nginx forbidden.</h1> <br/>request info: 240e:b87:1f6:d800:a504:b4a9:1b4d:4897<EOL>"
2026-04-21T23:02:46.855+08:00  WARN 20416 --- [inker] [nio-8083-exec-3] c.i.b.s.provider.EastMoneyStockProvider  : Failed to fetch concepts for stock. code=600641, market=SH, message=403 Forbidden: "<h1>Nginx forbidden.</h1> <br/>request info: 240e:b87:1f6:d800:a504:b4a9:1b4d:4897<EOL>"
2026-04-21T23:02:46.898+08:00  WARN 20416 --- [inker] [nio-8083-exec-3] c.i.b.s.provider.EastMoneyStockProvider  : Failed to fetch concepts for stock. code=600642, market=SH, message=403 Forbidden: "<h1>Nginx forbidden.</h1> <br/>request info: 240e:b87:1f6:d800:a504:b4a9:1b4d:4897<EOL>"
2026-04-21T23:02:46.942+08:00  WARN 20416 --- [inker] [nio-8083-exec-3] c.i.b.s.provider.EastMoneyStockProvider  : Failed to fetch concepts for stock. code=600643, market=SH, message=403 Forbidden: "<h1>Nginx forbidden.</h1> <br/>request info: 240e:b87:1f6:d800:a504:b4a9:1b4d:4897<EOL>"
2026-04-21T23:02:47.224+08:00  WARN 20416 --- [inker] [nio-8083-exec-3] c.i.b.s.provider.EastMoneyStockProvider  : Failed to fetch concepts for stock. code=600644, market=SH, message=403 Forbidden: "<h1>Nginx forbidden.</h1> <br/>request info: 240e:b87:1f6:d800:a504:b4a9:1b4d:4897<EOL>"
2026-04-21T23:02:47.272+08:00  WARN 20416 --- [inker] [nio-8083-exec-3] c.i.b.s.provider.EastMoneyStockProvider  : Failed to fetch concepts for stock. code=600645, market=SH, message=403 Forbidden: "<h1>Nginx forbidden.</h1> <br/>request info: 240e:b87:1f6:d800:a504:b4a9:1b4d:4897<EOL>"
2026-04-21T23:02:47.324+08:00  WARN 20416 --- [inker] [nio-8083-exec-3] c.i.b.s.provider.EastMoneyStockProvider  : Failed to fetch concepts for stock. code=600648, market=SH, message=403 Forbidden: "<h1>Nginx forbidden.</h1> <br/>request info: 240e:b87:1f6:d800:a504:b4a9:1b4d:4897<EOL>"
2026-04-21T23:02:47.370+08:00  WARN 20416 --- [inker] [nio-8083-exec-3] c.i.b.s.provider.EastMoneyStockProvider  : Failed to fetch concepts for stock. code=600649, market=SH, message=403 Forbidden: "<h1>Nginx forbidden.</h1> <br/>request info: 240e:b87:1f6:d800:a504:b4a9:1b4d:4897<EOL>"
2026-04-21T23:02:47.494+08:00  WARN 20416 --- [inker] [nio-8083-exec-3] c.i.b.s.provider.EastMoneyStockProvider  : Failed to fetch concepts for stock. code=600650, market=SH, message=403 Forbidden: "<h1>Nginx forbidden.</h1> <br/>request info: 240e:b87:1f6:d800:a504:b4a9:1b4d:4897<EOL>"
2026-04-21T23:02:47.539+08:00  WARN 20416 --- [inker] [nio-8083-exec-3] c.i.b.s.provider.EastMoneyStockProvider  : Failed to fetch concepts for stock. code=600651, market=SH, message=403 Forbidden: "<h1>Nginx forbidden.</h1> <br/>request info: 240e:b87:1f6:d800:a504:b4a9:1b4d:4897<EOL>"
2026-04-21T23:02:47.587+08:00  WARN 20416 --- [inker] [nio-8083-exec-3] c.i.b.s.provider.EastMoneyStockProvider  : Failed to fetch concepts for stock. code=600653, market=SH, message=403 Forbidden: "<h1>Nginx forbidden.</h1> <br/>request info: 240e:b87:1f6:d800:a504:b4a9:1b4d:4897<EOL>"
2026-04-21T23:02:47.633+08:00  WARN 20416 --- [inker] [nio-8083-exec-3] c.i.b.s.provider.EastMoneyStockProvider  : Failed to fetch concepts for stock. code=600654, market=SH, message=403 Forbidden: "<h1>Nginx forbidden.</h1> <br/>request info: 240e:b87:1f6:d800:a504:b4a9:1b4d:4897<EOL>"
2026-04-21T23:02:47.679+08:00  WARN 20416 --- [inker] [nio-8083-exec-3] c.i.b.s.provider.EastMoneyStockProvider  : Failed to fetch concepts for stock. code=600655, market=SH, message=403 Forbidden: "<h1>Nginx forbidden.</h1> <br/>request info: 240e:b87:1f6:d800:a504:b4a9:1b4d:4897<EOL>"
2026-04-21T23:02:47.724+08:00  WARN 20416 --- [inker] [nio-8083-exec-3] c.i.b.s.provider.EastMoneyStockProvider  : Failed to fetch concepts for stock. code=600657, market=SH, message=403 Forbidden: "<h1>Nginx forbidden.</h1> <br/>request info: 240e:b87:1f6:d800:a504:b4a9:1b4d:4897<EOL>"
2026-04-21T23:02:47.766+08:00  WARN 20416 --- [inker] [nio-8083-exec-3] c.i.b.s.provider.EastMoneyStockProvider  : Failed to fetch concepts for stock. code=600658, market=SH, message=403 Forbidden: "<h1>Nginx forbidden.</h1> <br/>request info: 240e:b87:1f6:d800:a504:b4a9:1b4d:4897<EOL>"
2026-04-21T23:02:47.812+08:00  WARN 20416 --- [inker] [nio-8083-exec-3] c.i.b.s.provider.EastMoneyStockProvider  : Failed to fetch concepts for stock. code=600660, market=SH, message=403 Forbidden: "<h1>Nginx forbidden.</h1> <br/>request info: 240e:b87:1f6:d800:a504:b4a9:1b4d:4897<EOL>"
2026-04-21T23:02:47.890+08:00  WARN 20416 --- [inker] [nio-8083-exec-3] c.i.b.s.provider.EastMoneyStockProvider  : Failed to fetch concepts for stock. code=600661, market=SH, message=403 Forbidden: "<h1>Nginx forbidden.</h1> <br/>request info: 240e:b87:1f6:d800:a504:b4a9:1b4d:4897<EOL>"
2026-04-21T23:02:47.934+08:00  WARN 20416 --- [inker] [nio-8083-exec-3] c.i.b.s.provider.EastMoneyStockProvider  : Failed to fetch concepts for stock. code=600662, market=SH, message=403 Forbidden: "<h1>Nginx forbidden.</h1> <br/>request info: 240e:b87:1f6:d800:a504:b4a9:1b4d:4897<EOL>"
2026-04-21T23:02:47.978+08:00  WARN 20416 --- [inker] [nio-8083-exec-3] c.i.b.s.provider.EastMoneyStockProvider  : Failed to fetch concepts for stock. code=600663, market=SH, message=403 Forbidden: "<h1>Nginx forbidden.</h1> <br/>request info: 240e:b87:1f6:d800:a504:b4a9:1b4d:4897<EOL>"
2026-04-21T23:02:48.024+08:00  WARN 20416 --- [inker] [nio-8083-exec-3] c.i.b.s.provider.EastMoneyStockProvider  : Failed to fetch concepts for stock. code=600664, market=SH, message=403 Forbidden: "<h1>Nginx forbidden.</h1> <br/>request info: 240e:b87:1f6:d800:a504:b4a9:1b4d:4897<EOL>"
2026-04-21T23:02:48.069+08:00  WARN 20416 --- [inker] [nio-8083-exec-3] c.i.b.s.provider.EastMoneyStockProvider  : Failed to fetch concepts for stock. code=600665, market=SH, message=403 Forbidden: "<h1>Nginx forbidden.</h1> <br/>request info: 240e:b87:1f6:d800:a504:b4a9:1b4d:4897<EOL>"
2026-04-21T23:02:48.114+08:00  WARN 20416 --- [inker] [nio-8083-exec-3] c.i.b.s.provider.EastMoneyStockProvider  : Failed to fetch concepts for stock. code=600666, market=SH, message=403 Forbidden: "<h1>Nginx forbidden.</h1> <br/>request info: 240e:b87:1f6:d800:a504:b4a9:1b4d:4897<EOL>"
2026-04-21T23:02:48.159+08:00  WARN 20416 --- [inker] [nio-8083-exec-3] c.i.b.s.provider.EastMoneyStockProvider  : Failed to fetch concepts for stock. code=600667, market=SH, message=403 Forbidden: "<h1>Nginx forbidden.</h1> <br/>request info: 240e:b87:1f6:d800:a504:b4a9:1b4d:4897<EOL>"
2026-04-21T23:02:48.207+08:00  WARN 20416 --- [inker] [nio-8083-exec-3] c.i.b.s.provider.EastMoneyStockProvider  : Failed to fetch concepts for stock. code=600668, market=SH, message=403 Forbidden: "<h1>Nginx forbidden.</h1> <br/>request info: 240e:b87:1f6:d800:a504:b4a9:1b4d:4897<EOL>"
2026-04-21T23:02:48.251+08:00  WARN 20416 --- [inker] [nio-8083-exec-3] c.i.b.s.provider.EastMoneyStockProvider  : Failed to fetch concepts for stock. code=600671, market=SH, message=403 Forbidden: "<h1>Nginx forbidden.</h1> <br/>request info: 240e:b87:1f6:d800:a504:b4a9:1b4d:4897<EOL>"
2026-04-21T23:02:48.295+08:00  WARN 20416 --- [inker] [nio-8083-exec-3] c.i.b.s.provider.EastMoneyStockProvider  : Failed to fetch concepts for stock. code=600673, market=SH, message=403 Forbidden: "<h1>Nginx forbidden.</h1> <br/>request info: 240e:b87:1f6:d800:a504:b4a9:1b4d:4897<EOL>"
2026-04-21T23:02:48.336+08:00  WARN 20416 --- [inker] [nio-8083-exec-3] c.i.b.s.provider.EastMoneyStockProvider  : Failed to fetch concepts for stock. code=600674, market=SH, message=403 Forbidden: "<h1>Nginx forbidden.</h1> <br/>request info: 240e:b87:1f6:d800:a504:b4a9:1b4d:4897<EOL>"
2026-04-21T23:02:48.384+08:00  WARN 20416 --- [inker] [nio-8083-exec-3] c.i.b.s.provider.EastMoneyStockProvider  : Failed to fetch concepts for stock. code=600675, market=SH, message=403 Forbidden: "<h1>Nginx forbidden.</h1> <br/>request info: 240e:b87:1f6:d800:a504:b4a9:1b4d:4897<EOL>"
2026-04-21T23:02:48.434+08:00  WARN 20416 --- [inker] [nio-8083-exec-3] c.i.b.s.provider.EastMoneyStockProvider  : Failed to fetch concepts for stock. code=600676, market=SH, message=403 Forbidden: "<h1>Nginx forbidden.</h1> <br/>request info: 240e:b87:1f6:d800:a504:b4a9:1b4d:4897<EOL>"
2026-04-21T23:02:48.479+08:00  WARN 20416 --- [inker] [nio-8083-exec-3] c.i.b.s.provider.EastMoneyStockProvider  : Failed to fetch concepts for stock. code=600678, market=SH, message=403 Forbidden: "<h1>Nginx forbidden.</h1> <br/>request info: 240e:b87:1f6:d800:a504:b4a9:1b4d:4897<EOL>"
2026-04-21T23:02:48.529+08:00  WARN 20416 --- [inker] [nio-8083-exec-3] c.i.b.s.provider.EastMoneyStockProvider  : Failed to fetch concepts for stock. code=600679, market=SH, message=403 Forbidden: "<h1>Nginx forbidden.</h1> <br/>request info: 240e:b87:1f6:d800:a504:b4a9:1b4d:4897<EOL>"
2026-04-21T23:02:48.572+08:00  WARN 20416 --- [inker] [nio-8083-exec-3] c.i.b.s.provider.EastMoneyStockProvider  : Failed to fetch concepts for stock. code=600681, market=SH, message=403 Forbidden: "<h1>Nginx forbidden.</h1> <br/>request info: 240e:b87:1f6:d800:a504:b4a9:1b4d:4897<EOL>"
2026-04-21T23:02:48.621+08:00  WARN 20416 --- [inker] [nio-8083-exec-3] c.i.b.s.provider.EastMoneyStockProvider  : Failed to fetch concepts for stock. code=600682, market=SH, message=403 Forbidden: "<h1>Nginx forbidden.</h1> <br/>request info: 240e:b87:1f6:d800:a504:b4a9:1b4d:4897<EOL>"
2026-04-21T23:02:48.668+08:00  WARN 20416 --- [inker] [nio-8083-exec-3] c.i.b.s.provider.EastMoneyStockProvider  : Failed to fetch concepts for stock. code=600683, market=SH, message=403 Forbidden: "<h1>Nginx forbidden.</h1> <br/>request info: 240e:b87:1f6:d800:a504:b4a9:1b4d:4897<EOL>"
2026-04-21T23:02:48.739+08:00  WARN 20416 --- [inker] [nio-8083-exec-3] c.i.b.s.provider.EastMoneyStockProvider  : Failed to fetch concepts for stock. code=600684, market=SH, message=403 Forbidden: "<h1>Nginx forbidden.</h1> <br/>request info: 240e:b87:1f6:d800:a504:b4a9:1b4d:4897<EOL>"
2026-04-21T23:02:48.784+08:00  WARN 20416 --- [inker] [nio-8083-exec-3] c.i.b.s.provider.EastMoneyStockProvider  : Failed to fetch concepts for stock. code=600685, market=SH, message=403 Forbidden: "<h1>Nginx forbidden.</h1> <br/>request info: 240e:b87:1f6:d800:a504:b4a9:1b4d:4897<EOL>"
2026-04-21T23:02:48.825+08:00  WARN 20416 --- [inker] [nio-8083-exec-3] c.i.b.s.provider.EastMoneyStockProvider  : Failed to fetch concepts for stock. code=600686, market=SH, message=403 Forbidden: "<h1>Nginx forbidden.</h1> <br/>request info: 240e:b87:1f6:d800:a504:b4a9:1b4d:4897<EOL>"
2026-04-21T23:02:48.868+08:00  WARN 20416 --- [inker] [nio-8083-exec-3] c.i.b.s.provider.EastMoneyStockProvider  : Failed to fetch concepts for stock. code=600688, market=SH, message=403 Forbidden: "<h1>Nginx forbidden.</h1> <br/>request info: 240e:b87:1f6:d800:a504:b4a9:1b4d:4897<EOL>"
2026-04-21T23:02:48.917+08:00  WARN 20416 --- [inker] [nio-8083-exec-3] c.i.b.s.provider.EastMoneyStockProvider  : Failed to fetch concepts for stock. code=600689, market=SH, message=403 Forbidden: "<h1>Nginx forbidden.</h1> <br/>request info: 240e:b87:1f6:d800:a504:b4a9:1b4d:4897<EOL>"
2026-04-21T23:02:48.961+08:00  WARN 20416 --- [inker] [nio-8083-exec-3] c.i.b.s.provider.EastMoneyStockProvider  : Failed to fetch concepts for stock. code=600690, market=SH, message=403 Forbidden: "<h1>Nginx forbidden.</h1> <br/>request info: 240e:b87:1f6:d800:a504:b4a9:1b4d:4897<EOL>"
2026-04-21T23:02:49.006+08:00  WARN 20416 --- [inker] [nio-8083-exec-3] c.i.b.s.provider.EastMoneyStockProvider  : Failed to fetch concepts for stock. code=600691, market=SH, message=403 Forbidden: "<h1>Nginx forbidden.</h1> <br/>request info: 240e:b87:1f6:d800:a504:b4a9:1b4d:4897<EOL>"
2026-04-21T23:02:49.054+08:00  WARN 20416 --- [inker] [nio-8083-exec-3] c.i.b.s.provider.EastMoneyStockProvider  : Failed to fetch concepts for stock. code=600692, market=SH, message=403 Forbidden: "<h1>Nginx forbidden.</h1> <br/>request info: 240e:b87:1f6:d800:a504:b4a9:1b4d:4897<EOL>"
2026-04-21T23:02:49.097+08:00  WARN 20416 --- [inker] [nio-8083-exec-3] c.i.b.s.provider.EastMoneyStockProvider  : Failed to fetch concepts for stock. code=600693, market=SH, message=403 Forbidden: "<h1>Nginx forbidden.</h1> <br/>request info: 240e:b87:1f6:d800:a504:b4a9:1b4d:4897<EOL>"
2026-04-21T23:02:49.138+08:00  WARN 20416 --- [inker] [nio-8083-exec-3] c.i.b.s.provider.EastMoneyStockProvider  : Failed to fetch concepts for stock. code=600694, market=SH, message=403 Forbidden: "<h1>Nginx forbidden.</h1> <br/>request info: 240e:b87:1f6:d800:a504:b4a9:1b4d:4897<EOL>"
2026-04-21T23:02:49.182+08:00  WARN 20416 --- [inker] [nio-8083-exec-3] c.i.b.s.provider.EastMoneyStockProvider  : Failed to fetch concepts for stock. code=600697, market=SH, message=403 Forbidden: "<h1>Nginx forbidden.</h1> <br/>request info: 240e:b87:1f6:d800:a504:b4a9:1b4d:4897<EOL>"
2026-04-21T23:02:49.226+08:00  WARN 20416 --- [inker] [nio-8083-exec-3] c.i.b.s.provider.EastMoneyStockProvider  : Failed to fetch concepts for stock. code=600698, market=SH, message=403 Forbidden: "<h1>Nginx forbidden.</h1> <br/>request info: 240e:b87:1f6:d800:a504:b4a9:1b4d:4897<EOL>"
2026-04-21T23:02:49.270+08:00  WARN 20416 --- [inker] [nio-8083-exec-3] c.i.b.s.provider.EastMoneyStockProvider  : Failed to fetch concepts for stock. code=600699, market=SH, message=403 Forbidden: "<h1>Nginx forbidden.</h1> <br/>request info: 240e:b87:1f6:d800:a504:b4a9:1b4d:4897<EOL>"
2026-04-21T23:02:49.337+08:00  WARN 20416 --- [inker] [nio-8083-exec-3] c.i.b.s.provider.EastMoneyStockProvider  : Failed to fetch concepts for stock. code=600702, market=SH, message=403 Forbidden: "<h1>Nginx forbidden.</h1> <br/>request info: 240e:b87:1f6:d800:a504:b4a9:1b4d:4897<EOL>"
2026-04-21T23:02:49.383+08:00  WARN 20416 --- [inker] [nio-8083-exec-3] c.i.b.s.provider.EastMoneyStockProvider  : Failed to fetch concepts for stock. code=600703, market=SH, message=403 Forbidden: "<h1>Nginx forbidden.</h1> <br/>request info: 240e:b87:1f6:d800:a504:b4a9:1b4d:4897<EOL>"
2026-04-21T23:02:49.426+08:00  WARN 20416 --- [inker] [nio-8083-exec-3] c.i.b.s.provider.EastMoneyStockProvider  : Failed to fetch concepts for stock. code=600704, market=SH, message=403 Forbidden: "<h1>Nginx forbidden.</h1> <br/>request info: 240e:b87:1f6:d800:a504:b4a9:1b4d:4897<EOL>"
2026-04-21T23:02:49.470+08:00  WARN 20416 --- [inker] [nio-8083-exec-3] c.i.b.s.provider.EastMoneyStockProvider  : Failed to fetch concepts for stock. code=600706, market=SH, message=403 Forbidden: "<h1>Nginx forbidden.</h1> <br/>request info: 240e:b87:1f6:d800:a504:b4a9:1b4d:4897<EOL>"
2026-04-21T23:02:49.513+08:00  WARN 20416 --- [inker] [nio-8083-exec-3] c.i.b.s.provider.EastMoneyStockProvider  : Failed to fetch concepts for stock. code=600707, market=SH, message=403 Forbidden: "<h1>Nginx forbidden.</h1> <br/>request info: 240e:b87:1f6:d800:a504:b4a9:1b4d:4897<EOL>"
2026-04-21T23:02:49.558+08:00  WARN 20416 --- [inker] [nio-8083-exec-3] c.i.b.s.provider.EastMoneyStockProvider  : Failed to fetch concepts for stock. code=600708, market=SH, message=403 Forbidden: "<h1>Nginx forbidden.</h1> <br/>request info: 240e:b87:1f6:d800:a504:b4a9:1b4d:4897<EOL>"
2026-04-21T23:02:49.607+08:00  WARN 20416 --- [inker] [nio-8083-exec-3] c.i.b.s.provider.EastMoneyStockProvider  : Failed to fetch concepts for stock. code=600710, market=SH, message=403 Forbidden: "<h1>Nginx forbidden.</h1> <br/>request info: 240e:b87:1f6:d800:a504:b4a9:1b4d:4897<EOL>"
2026-04-21T23:02:49.650+08:00  WARN 20416 --- [inker] [nio-8083-exec-3] c.i.b.s.provider.EastMoneyStockProvider  : Failed to fetch concepts for stock. code=600711, market=SH, message=403 Forbidden: "<h1>Nginx forbidden.</h1> <br/>request info: 240e:b87:1f6:d800:a504:b4a9:1b4d:4897<EOL>"
2026-04-21T23:02:49.700+08:00  WARN 20416 --- [inker] [nio-8083-exec-3] c.i.b.s.provider.EastMoneyStockProvider  : Failed to fetch concepts for stock. code=600712, market=SH, message=403 Forbidden: "<h1>Nginx forbidden.</h1> <br/>request info: 240e:b87:1f6:d800:a504:b4a9:1b4d:4897<EOL>"
2026-04-21T23:02:49.748+08:00  WARN 20416 --- [inker] [nio-8083-exec-3] c.i.b.s.provider.EastMoneyStockProvider  : Failed to fetch concepts for stock. code=600713, market=SH, message=403 Forbidden: "<h1>Nginx forbidden.</h1> <br/>request info: 240e:b87:1f6:d800:a504:b4a9:1b4d:4897<EOL>"
2026-04-21T23:02:49.792+08:00  WARN 20416 --- [inker] [nio-8083-exec-3] c.i.b.s.provider.EastMoneyStockProvider  : Failed to fetch concepts for stock. code=600714, market=SH, message=403 Forbidden: "<h1>Nginx forbidden.</h1> <br/>request info: 240e:b87:1f6:d800:a504:b4a9:1b4d:4897<EOL>"
2026-04-21T23:02:49.837+08:00  WARN 20416 --- [inker] [nio-8083-exec-3] c.i.b.s.provider.EastMoneyStockProvider  : Failed to fetch concepts for stock. code=600715, market=SH, message=403 Forbidden: "<h1>Nginx forbidden.</h1> <br/>request info: 240e:b87:1f6:d800:a504:b4a9:1b4d:4897<EOL>"
2026-04-21T23:02:49.885+08:00  WARN 20416 --- [inker] [nio-8083-exec-3] c.i.b.s.provider.EastMoneyStockProvider  : Failed to fetch concepts for stock. code=600716, market=SH, message=403 Forbidden: "<h1>Nginx forbidden.</h1> <br/>request info: 240e:b87:1f6:d800:a504:b4a9:1b4d:4897<EOL>"
2026-04-21T23:02:49.933+08:00  WARN 20416 --- [inker] [nio-8083-exec-3] c.i.b.s.provider.EastMoneyStockProvider  : Failed to fetch concepts for stock. code=600717, market=SH, message=403 Forbidden: "<h1>Nginx forbidden.</h1> <br/>request info: 240e:b87:1f6:d800:a504:b4a9:1b4d:4897<EOL>"
2026-04-21T23:02:49.984+08:00  WARN 20416 --- [inker] [nio-8083-exec-3] c.i.b.s.provider.EastMoneyStockProvider  : Failed to fetch concepts for stock. code=600718, market=SH, message=403 Forbidden: "<h1>Nginx forbidden.</h1> <br/>request info: 240e:b87:1f6:d800:a504:b4a9:1b4d:4897<EOL>"
2026-04-21T23:02:50.034+08:00  WARN 20416 --- [inker] [nio-8083-exec-3] c.i.b.s.provider.EastMoneyStockProvider  : Failed to fetch concepts for stock. code=600719, market=SH, message=403 Forbidden: "<h1>Nginx forbidden.</h1> <br/>request info: 240e:b87:1f6:d800:a504:b4a9:1b4d:4897<EOL>"
2026-04-21T23:02:50.078+08:00  WARN 20416 --- [inker] [nio-8083-exec-3] c.i.b.s.provider.EastMoneyStockProvider  : Failed to fetch concepts for stock. code=600720, market=SH, message=403 Forbidden: "<h1>Nginx forbidden.</h1> <br/>request info: 240e:b87:1f6:d800:a504:b4a9:1b4d:4897<EOL>"
2026-04-21T23:02:50.123+08:00  WARN 20416 --- [inker] [nio-8083-exec-3] c.i.b.s.provider.EastMoneyStockProvider  : Failed to fetch concepts for stock. code=600721, market=SH, message=403 Forbidden: "<h1>Nginx forbidden.</h1> <br/>request info: 240e:b87:1f6:d800:a504:b4a9:1b4d:4897<EOL>"
2026-04-21T23:02:50.166+08:00  WARN 20416 --- [inker] [nio-8083-exec-3] c.i.b.s.provider.EastMoneyStockProvider  : Failed to fetch concepts for stock. code=600722, market=SH, message=403 Forbidden: "<h1>Nginx forbidden.</h1> <br/>request info: 240e:b87:1f6:d800:a504:b4a9:1b4d:4897<EOL>"
2026-04-21T23:02:50.218+08:00  WARN 20416 --- [inker] [nio-8083-exec-3] c.i.b.s.provider.EastMoneyStockProvider  : Failed to fetch concepts for stock. code=600724, market=SH, message=403 Forbidden: "<h1>Nginx forbidden.</h1> <br/>request info: 240e:b87:1f6:d800:a504:b4a9:1b4d:4897<EOL>"
2026-04-21T23:02:50.265+08:00  WARN 20416 --- [inker] [nio-8083-exec-3] c.i.b.s.provider.EastMoneyStockProvider  : Failed to fetch concepts for stock. code=600725, market=SH, message=403 Forbidden: "<h1>Nginx forbidden.</h1> <br/>request info: 240e:b87:1f6:d800:a504:b4a9:1b4d:4897<EOL>"
2026-04-21T23:02:50.310+08:00  WARN 20416 --- [inker] [nio-8083-exec-3] c.i.b.s.provider.EastMoneyStockProvider  : Failed to fetch concepts for stock. code=600726, market=SH, message=403 Forbidden: "<h1>Nginx forbidden.</h1> <br/>request info: 240e:b87:1f6:d800:a504:b4a9:1b4d:4897<EOL>"
2026-04-21T23:02:50.358+08:00  WARN 20416 --- [inker] [nio-8083-exec-3] c.i.b.s.provider.EastMoneyStockProvider  : Failed to fetch concepts for stock. code=600727, market=SH, message=403 Forbidden: "<h1>Nginx forbidden.</h1> <br/>request info: 240e:b87:1f6:d800:a504:b4a9:1b4d:4897<EOL>"
2026-04-21T23:02:50.401+08:00  WARN 20416 --- [inker] [nio-8083-exec-3] c.i.b.s.provider.EastMoneyStockProvider  : Failed to fetch concepts for stock. code=600728, market=SH, message=403 Forbidden: "<h1>Nginx forbidden.</h1> <br/>request info: 240e:b87:1f6:d800:a504:b4a9:1b4d:4897<EOL>"
2026-04-21T23:02:50.450+08:00  WARN 20416 --- [inker] [nio-8083-exec-3] c.i.b.s.provider.EastMoneyStockProvider  : Failed to fetch concepts for stock. code=600729, market=SH, message=403 Forbidden: "<h1>Nginx forbidden.</h1> <br/>request info: 240e:b87:1f6:d800:a504:b4a9:1b4d:4897<EOL>"
2026-04-21T23:02:50.495+08:00  WARN 20416 --- [inker] [nio-8083-exec-3] c.i.b.s.provider.EastMoneyStockProvider  : Failed to fetch concepts for stock. code=600730, market=SH, message=403 Forbidden: "<h1>Nginx forbidden.</h1> <br/>request info: 240e:b87:1f6:d800:a504:b4a9:1b4d:4897<EOL>"
2026-04-21T23:02:50.549+08:00  WARN 20416 --- [inker] [nio-8083-exec-3] c.i.b.s.provider.EastMoneyStockProvider  : Failed to fetch concepts for stock. code=600731, market=SH, message=403 Forbidden: "<h1>Nginx forbidden.</h1> <br/>request info: 240e:b87:1f6:d800:a504:b4a9:1b4d:4897<EOL>"
2026-04-21T23:02:50.591+08:00  WARN 20416 --- [inker] [nio-8083-exec-3] c.i.b.s.provider.EastMoneyStockProvider  : Failed to fetch concepts for stock. code=600732, market=SH, message=403 Forbidden: "<h1>Nginx forbidden.</h1> <br/>request info: 240e:b87:1f6:d800:a504:b4a9:1b4d:4897<EOL>"
2026-04-21T23:02:50.634+08:00  WARN 20416 --- [inker] [nio-8083-exec-3] c.i.b.s.provider.EastMoneyStockProvider  : Failed to fetch concepts for stock. code=600733, market=SH, message=403 Forbidden: "<h1>Nginx forbidden.</h1> <br/>request info: 240e:b87:1f6:d800:a504:b4a9:1b4d:4897<EOL>"
2026-04-21T23:02:50.680+08:00  WARN 20416 --- [inker] [nio-8083-exec-3] c.i.b.s.provider.EastMoneyStockProvider  : Failed to fetch concepts for stock. code=600734, market=SH, message=403 Forbidden: "<h1>Nginx forbidden.</h1> <br/>request info: 240e:b87:1f6:d800:a504:b4a9:1b4d:4897<EOL>"
2026-04-21T23:02:50.728+08:00  WARN 20416 --- [inker] [nio-8083-exec-3] c.i.b.s.provider.EastMoneyStockProvider  : Failed to fetch concepts for stock. code=600736, market=SH, message=403 Forbidden: "<h1>Nginx forbidden.</h1> <br/>request info: 240e:b87:1f6:d800:a504:b4a9:1b4d:4897<EOL>"
2026-04-21T23:02:50.777+08:00  WARN 20416 --- [inker] [nio-8083-exec-3] c.i.b.s.provider.EastMoneyStockProvider  : Failed to fetch concepts for stock. code=600737, market=SH, message=403 Forbidden: "<h1>Nginx forbidden.</h1> <br/>request info: 240e:b87:1f6:d800:a504:b4a9:1b4d:4897<EOL>"
2026-04-21T23:02:50.822+08:00  WARN 20416 --- [inker] [nio-8083-exec-3] c.i.b.s.provider.EastMoneyStockProvider  : Failed to fetch concepts for stock. code=600738, market=SH, message=403 Forbidden: "<h1>Nginx forbidden.</h1> <br/>request info: 240e:b87:1f6:d800:a504:b4a9:1b4d:4897<EOL>"
2026-04-21T23:02:50.869+08:00  WARN 20416 --- [inker] [nio-8083-exec-3] c.i.b.s.provider.EastMoneyStockProvider  : Failed to fetch concepts for stock. code=600739, market=SH, message=403 Forbidden: "<h1>Nginx forbidden.</h1> <br/>request info: 240e:b87:1f6:d800:a504:b4a9:1b4d:4897<EOL>"
2026-04-21T23:02:50.917+08:00  WARN 20416 --- [inker] [nio-8083-exec-3] c.i.b.s.provider.EastMoneyStockProvider  : Failed to fetch concepts for stock. code=600740, market=SH, message=403 Forbidden: "<h1>Nginx forbidden.</h1> <br/>request info: 240e:b87:1f6:d800:a504:b4a9:1b4d:4897<EOL>"
2026-04-21T23:02:50.960+08:00  WARN 20416 --- [inker] [nio-8083-exec-3] c.i.b.s.provider.EastMoneyStockProvider  : Failed to fetch concepts for stock. code=600741, market=SH, message=403 Forbidden: "<h1>Nginx forbidden.</h1> <br/>request info: 240e:b87:1f6:d800:a504:b4a9:1b4d:4897<EOL>"
2026-04-21T23:02:51.005+08:00  WARN 20416 --- [inker] [nio-8083-exec-3] c.i.b.s.provider.EastMoneyStockProvider  : Failed to fetch concepts for stock. code=600742, market=SH, message=403 Forbidden: "<h1>Nginx forbidden.</h1> <br/>request info: 240e:b87:1f6:d800:a504:b4a9:1b4d:4897<EOL>"
2026-04-21T23:02:51.054+08:00  WARN 20416 --- [inker] [nio-8083-exec-3] c.i.b.s.provider.EastMoneyStockProvider  : Failed to fetch concepts for stock. code=600743, market=SH, message=403 Forbidden: "<h1>Nginx forbidden.</h1> <br/>request info: 240e:b87:1f6:d800:a504:b4a9:1b4d:4897<EOL>"
2026-04-21T23:02:51.098+08:00  WARN 20416 --- [inker] [nio-8083-exec-3] c.i.b.s.provider.EastMoneyStockProvider  : Failed to fetch concepts for stock. code=600744, market=SH, message=403 Forbidden: "<h1>Nginx forbidden.</h1> <br/>request info: 240e:b87:1f6:d800:a504:b4a9:1b4d:4897<EOL>"
2026-04-21T23:02:51.146+08:00  WARN 20416 --- [inker] [nio-8083-exec-3] c.i.b.s.provider.EastMoneyStockProvider  : Failed to fetch concepts for stock. code=600745, market=SH, message=403 Forbidden: "<h1>Nginx forbidden.</h1> <br/>request info: 240e:b87:1f6:d800:a504:b4a9:1b4d:4897<EOL>"
2026-04-21T23:02:51.190+08:00  WARN 20416 --- [inker] [nio-8083-exec-3] c.i.b.s.provider.EastMoneyStockProvider  : Failed to fetch concepts for stock. code=600746, market=SH, message=403 Forbidden: "<h1>Nginx forbidden.</h1> <br/>request info: 240e:b87:1f6:d800:a504:b4a9:1b4d:4897<EOL>"
2026-04-21T23:02:51.237+08:00  WARN 20416 --- [inker] [nio-8083-exec-3] c.i.b.s.provider.EastMoneyStockProvider  : Failed to fetch concepts for stock. code=600748, market=SH, message=403 Forbidden: "<h1>Nginx forbidden.</h1> <br/>request info: 240e:b87:1f6:d800:a504:b4a9:1b4d:4897<EOL>"
2026-04-21T23:02:51.282+08:00  WARN 20416 --- [inker] [nio-8083-exec-3] c.i.b.s.provider.EastMoneyStockProvider  : Failed to fetch concepts for stock. code=600749, market=SH, message=403 Forbidden: "<h1>Nginx forbidden.</h1> <br/>request info: 240e:b87:1f6:d800:a504:b4a9:1b4d:4897<EOL>"
2026-04-21T23:02:51.325+08:00  WARN 20416 --- [inker] [nio-8083-exec-3] c.i.b.s.provider.EastMoneyStockProvider  : Failed to fetch concepts for stock. code=600750, market=SH, message=403 Forbidden: "<h1>Nginx forbidden.</h1> <br/>request info: 240e:b87:1f6:d800:a504:b4a9:1b4d:4897<EOL>"
2026-04-21T23:02:51.373+08:00  WARN 20416 --- [inker] [nio-8083-exec-3] c.i.b.s.provider.EastMoneyStockProvider  : Failed to fetch concepts for stock. code=600751, market=SH, message=403 Forbidden: "<h1>Nginx forbidden.</h1> <br/>request info: 240e:b87:1f6:d800:a504:b4a9:1b4d:4897<EOL>"
2026-04-21T23:02:51.417+08:00  WARN 20416 --- [inker] [nio-8083-exec-3] c.i.b.s.provider.EastMoneyStockProvider  : Failed to fetch concepts for stock. code=600754, market=SH, message=403 Forbidden: "<h1>Nginx forbidden.</h1> <br/>request info: 240e:b87:1f6:d800:a504:b4a9:1b4d:4897<EOL>"
2026-04-21T23:02:51.465+08:00  WARN 20416 --- [inker] [nio-8083-exec-3] c.i.b.s.provider.EastMoneyStockProvider  : Failed to fetch concepts for stock. code=600755, market=SH, message=403 Forbidden: "<h1>Nginx forbidden.</h1> <br/>request info: 240e:b87:1f6:d800:a504:b4a9:1b4d:4897<EOL>"
2026-04-21T23:02:51.514+08:00  WARN 20416 --- [inker] [nio-8083-exec-3] c.i.b.s.provider.EastMoneyStockProvider  : Failed to fetch concepts for stock. code=600756, market=SH, message=403 Forbidden: "<h1>Nginx forbidden.</h1> <br/>request info: 240e:b87:1f6:d800:a504:b4a9:1b4d:4897<EOL>"
2026-04-21T23:02:51.557+08:00  WARN 20416 --- [inker] [nio-8083-exec-3] c.i.b.s.provider.EastMoneyStockProvider  : Failed to fetch concepts for stock. code=600757, market=SH, message=403 Forbidden: "<h1>Nginx forbidden.</h1> <br/>request info: 240e:b87:1f6:d800:a504:b4a9:1b4d:4897<EOL>"
2026-04-21T23:02:51.602+08:00  WARN 20416 --- [inker] [nio-8083-exec-3] c.i.b.s.provider.EastMoneyStockProvider  : Failed to fetch concepts for stock. code=600758, market=SH, message=403 Forbidden: "<h1>Nginx forbidden.</h1> <br/>request info: 240e:b87:1f6:d800:a504:b4a9:1b4d:4897<EOL>"
2026-04-21T23:02:51.643+08:00  WARN 20416 --- [inker] [nio-8083-exec-3] c.i.b.s.provider.EastMoneyStockProvider  : Failed to fetch concepts for stock. code=600759, market=SH, message=403 Forbidden: "<h1>Nginx forbidden.</h1> <br/>request info: 240e:b87:1f6:d800:a504:b4a9:1b4d:4897<EOL>"
2026-04-21T23:02:51.693+08:00  WARN 20416 --- [inker] [nio-8083-exec-3] c.i.b.s.provider.EastMoneyStockProvider  : Failed to fetch concepts for stock. code=600760, market=SH, message=403 Forbidden: "<h1>Nginx forbidden.</h1> <br/>request info: 240e:b87:1f6:d800:a504:b4a9:1b4d:4897<EOL>"
2026-04-21T23:02:51.737+08:00  WARN 20416 --- [inker] [nio-8083-exec-3] c.i.b.s.provider.EastMoneyStockProvider  : Failed to fetch concepts for stock. code=600761, market=SH, message=403 Forbidden: "<h1>Nginx forbidden.</h1> <br/>request info: 240e:b87:1f6:d800:a504:b4a9:1b4d:4897<EOL>"
2026-04-21T23:02:51.804+08:00  WARN 20416 --- [inker] [nio-8083-exec-3] c.i.b.s.provider.EastMoneyStockProvider  : Failed to fetch concepts for stock. code=600763, market=SH, message=403 Forbidden: "<h1>Nginx forbidden.</h1> <br/>request info: 240e:b87:1f6:d800:a504:b4a9:1b4d:4897<EOL>"
2026-04-21T23:02:51.850+08:00  WARN 20416 --- [inker] [nio-8083-exec-3] c.i.b.s.provider.EastMoneyStockProvider  : Failed to fetch concepts for stock. code=600764, market=SH, message=403 Forbidden: "<h1>Nginx forbidden.</h1> <br/>request info: 240e:b87:1f6:d800:a504:b4a9:1b4d:4897<EOL>"
2026-04-21T23:02:51.895+08:00  WARN 20416 --- [inker] [nio-8083-exec-3] c.i.b.s.provider.EastMoneyStockProvider  : Failed to fetch concepts for stock. code=600765, market=SH, message=403 Forbidden: "<h1>Nginx forbidden.</h1> <br/>request info: 240e:b87:1f6:d800:a504:b4a9:1b4d:4897<EOL>"
2026-04-21T23:02:51.945+08:00  WARN 20416 --- [inker] [nio-8083-exec-3] c.i.b.s.provider.EastMoneyStockProvider  : Failed to fetch concepts for stock. code=600768, market=SH, message=403 Forbidden: "<h1>Nginx forbidden.</h1> <br/>request info: 240e:b87:1f6:d800:a504:b4a9:1b4d:4897<EOL>"
2026-04-21T23:02:51.993+08:00  WARN 20416 --- [inker] [nio-8083-exec-3] c.i.b.s.provider.EastMoneyStockProvider  : Failed to fetch concepts for stock. code=600769, market=SH, message=403 Forbidden: "<h1>Nginx forbidden.</h1> <br/>request info: 240e:b87:1f6:d800:a504:b4a9:1b4d:4897<EOL>"
2026-04-21T23:02:52.038+08:00  WARN 20416 --- [inker] [nio-8083-exec-3] c.i.b.s.provider.EastMoneyStockProvider  : Failed to fetch concepts for stock. code=600770, market=SH, message=403 Forbidden: "<h1>Nginx forbidden.</h1> <br/>request info: 240e:b87:1f6:d800:a504:b4a9:1b4d:4897<EOL>"
2026-04-21T23:02:52.084+08:00  WARN 20416 --- [inker] [nio-8083-exec-3] c.i.b.s.provider.EastMoneyStockProvider  : Failed to fetch concepts for stock. code=600771, market=SH, message=403 Forbidden: "<h1>Nginx forbidden.</h1> <br/>request info: 240e:b87:1f6:d800:a504:b4a9:1b4d:4897<EOL>"
2026-04-21T23:02:52.128+08:00  WARN 20416 --- [inker] [nio-8083-exec-3] c.i.b.s.provider.EastMoneyStockProvider  : Failed to fetch concepts for stock. code=600773, market=SH, message=403 Forbidden: "<h1>Nginx forbidden.</h1> <br/>request info: 240e:b87:1f6:d800:a504:b4a9:1b4d:4897<EOL>"
2026-04-21T23:02:52.174+08:00  WARN 20416 --- [inker] [nio-8083-exec-3] c.i.b.s.provider.EastMoneyStockProvider  : Failed to fetch concepts for stock. code=600774, market=SH, message=403 Forbidden: "<h1>Nginx forbidden.</h1> <br/>request info: 240e:b87:1f6:d800:a504:b4a9:1b4d:4897<EOL>"
2026-04-21T23:02:52.223+08:00  WARN 20416 --- [inker] [nio-8083-exec-3] c.i.b.s.provider.EastMoneyStockProvider  : Failed to fetch concepts for stock. code=600775, market=SH, message=403 Forbidden: "<h1>Nginx forbidden.</h1> <br/>request info: 240e:b87:1f6:d800:a504:b4a9:1b4d:4897<EOL>"
2026-04-21T23:02:52.269+08:00  WARN 20416 --- [inker] [nio-8083-exec-3] c.i.b.s.provider.EastMoneyStockProvider  : Failed to fetch concepts for stock. code=600776, market=SH, message=403 Forbidden: "<h1>Nginx forbidden.</h1> <br/>request info: 240e:b87:1f6:d800:a504:b4a9:1b4d:4897<EOL>"
2026-04-21T23:02:52.318+08:00  WARN 20416 --- [inker] [nio-8083-exec-3] c.i.b.s.provider.EastMoneyStockProvider  : Failed to fetch concepts for stock. code=600778, market=SH, message=403 Forbidden: "<h1>Nginx forbidden.</h1> <br/>request info: 240e:b87:1f6:d800:a504:b4a9:1b4d:4897<EOL>"
2026-04-21T23:02:52.362+08:00  WARN 20416 --- [inker] [nio-8083-exec-3] c.i.b.s.provider.EastMoneyStockProvider  : Failed to fetch concepts for stock. code=600779, market=SH, message=403 Forbidden: "<h1>Nginx forbidden.</h1> <br/>request info: 240e:b87:1f6:d800:a504:b4a9:1b4d:4897<EOL>"
2026-04-21T23:02:52.407+08:00  WARN 20416 --- [inker] [nio-8083-exec-3] c.i.b.s.provider.EastMoneyStockProvider  : Failed to fetch concepts for stock. code=600780, market=SH, message=403 Forbidden: "<h1>Nginx forbidden.</h1> <br/>request info: 240e:b87:1f6:d800:a504:b4a9:1b4d:4897<EOL>"
2026-04-21T23:02:52.450+08:00  WARN 20416 --- [inker] [nio-8083-exec-3] c.i.b.s.provider.EastMoneyStockProvider  : Failed to fetch concepts for stock. code=600782, market=SH, message=403 Forbidden: "<h1>Nginx forbidden.</h1> <br/>request info: 240e:b87:1f6:d800:a504:b4a9:1b4d:4897<EOL>"
2026-04-21T23:02:52.496+08:00  WARN 20416 --- [inker] [nio-8083-exec-3] c.i.b.s.provider.EastMoneyStockProvider  : Failed to fetch concepts for stock. code=600783, market=SH, message=403 Forbidden: "<h1>Nginx forbidden.</h1> <br/>request info: 240e:b87:1f6:d800:a504:b4a9:1b4d:4897<EOL>"
2026-04-21T23:02:52.539+08:00  WARN 20416 --- [inker] [nio-8083-exec-3] c.i.b.s.provider.EastMoneyStockProvider  : Failed to fetch concepts for stock. code=600784, market=SH, message=403 Forbidden: "<h1>Nginx forbidden.</h1> <br/>request info: 240e:b87:1f6:d800:a504:b4a9:1b4d:4897<EOL>"
2026-04-21T23:02:52.584+08:00  WARN 20416 --- [inker] [nio-8083-exec-3] c.i.b.s.provider.EastMoneyStockProvider  : Failed to fetch concepts for stock. code=600785, market=SH, message=403 Forbidden: "<h1>Nginx forbidden.</h1> <br/>request info: 240e:b87:1f6:d800:a504:b4a9:1b4d:4897<EOL>"
2026-04-21T23:02:52.633+08:00  WARN 20416 --- [inker] [nio-8083-exec-3] c.i.b.s.provider.EastMoneyStockProvider  : Failed to fetch concepts for stock. code=600787, market=SH, message=403 Forbidden: "<h1>Nginx forbidden.</h1> <br/>request info: 240e:b87:1f6:d800:a504:b4a9:1b4d:4897<EOL>"
2026-04-21T23:02:52.677+08:00  WARN 20416 --- [inker] [nio-8083-exec-3] c.i.b.s.provider.EastMoneyStockProvider  : Failed to fetch concepts for stock. code=600789, market=SH, message=403 Forbidden: "<h1>Nginx forbidden.</h1> <br/>request info: 240e:b87:1f6:d800:a504:b4a9:1b4d:4897<EOL>"
2026-04-21T23:02:52.726+08:00  WARN 20416 --- [inker] [nio-8083-exec-3] c.i.b.s.provider.EastMoneyStockProvider  : Failed to fetch concepts for stock. code=600790, market=SH, message=403 Forbidden: "<h1>Nginx forbidden.</h1> <br/>request info: 240e:b87:1f6:d800:a504:b4a9:1b4d:4897<EOL>"
2026-04-21T23:02:52.776+08:00  WARN 20416 --- [inker] [nio-8083-exec-3] c.i.b.s.provider.EastMoneyStockProvider  : Failed to fetch concepts for stock. code=600791, market=SH, message=403 Forbidden: "<h1>Nginx forbidden.</h1> <br/>request info: 240e:b87:1f6:d800:a504:b4a9:1b4d:4897<EOL>"
2026-04-21T23:02:52.823+08:00  WARN 20416 --- [inker] [nio-8083-exec-3] c.i.b.s.provider.EastMoneyStockProvider  : Failed to fetch concepts for stock. code=600792, market=SH, message=403 Forbidden: "<h1>Nginx forbidden.</h1> <br/>request info: 240e:b87:1f6:d800:a504:b4a9:1b4d:4897<EOL>"
2026-04-21T23:02:52.871+08:00  WARN 20416 --- [inker] [nio-8083-exec-3] c.i.b.s.provider.EastMoneyStockProvider  : Failed to fetch concepts for stock. code=600793, market=SH, message=403 Forbidden: "<h1>Nginx forbidden.</h1> <br/>request info: 240e:b87:1f6:d800:a504:b4a9:1b4d:4897<EOL>"
2026-04-21T23:02:52.914+08:00  WARN 20416 --- [inker] [nio-8083-exec-3] c.i.b.s.provider.EastMoneyStockProvider  : Failed to fetch concepts for stock. code=600794, market=SH, message=403 Forbidden: "<h1>Nginx forbidden.</h1> <br/>request info: 240e:b87:1f6:d800:a504:b4a9:1b4d:4897<EOL>"
2026-04-21T23:02:52.959+08:00  WARN 20416 --- [inker] [nio-8083-exec-3] c.i.b.s.provider.EastMoneyStockProvider  : Failed to fetch concepts for stock. code=600795, market=SH, message=403 Forbidden: "<h1>Nginx forbidden.</h1> <br/>request info: 240e:b87:1f6:d800:a504:b4a9:1b4d:4897<EOL>"
2026-04-21T23:02:53.001+08:00  WARN 20416 --- [inker] [nio-8083-exec-3] c.i.b.s.provider.EastMoneyStockProvider  : Failed to fetch concepts for stock. code=600796, market=SH, message=403 Forbidden: "<h1>Nginx forbidden.</h1> <br/>request info: 240e:b87:1f6:d800:a504:b4a9:1b4d:4897<EOL>"
2026-04-21T23:02:53.046+08:00  WARN 20416 --- [inker] [nio-8083-exec-3] c.i.b.s.provider.EastMoneyStockProvider  : Failed to fetch concepts for stock. code=600797, market=SH, message=403 Forbidden: "<h1>Nginx forbidden.</h1> <br/>request info: 240e:b87:1f6:d800:a504:b4a9:1b4d:4897<EOL>"
2026-04-21T23:02:53.095+08:00  WARN 20416 --- [inker] [nio-8083-exec-3] c.i.b.s.provider.EastMoneyStockProvider  : Failed to fetch concepts for stock. code=600798, market=SH, message=403 Forbidden: "<h1>Nginx forbidden.</h1> <br/>request info: 240e:b87:1f6:d800:a504:b4a9:1b4d:4897<EOL>"
2026-04-21T23:02:53.143+08:00  WARN 20416 --- [inker] [nio-8083-exec-3] c.i.b.s.provider.EastMoneyStockProvider  : Failed to fetch concepts for stock. code=600800, market=SH, message=403 Forbidden: "<h1>Nginx forbidden.</h1> <br/>request info: 240e:b87:1f6:d800:a504:b4a9:1b4d:4897<EOL>"
2026-04-21T23:02:53.192+08:00  WARN 20416 --- [inker] [nio-8083-exec-3] c.i.b.s.provider.EastMoneyStockProvider  : Failed to fetch concepts for stock. code=600801, market=SH, message=403 Forbidden: "<h1>Nginx forbidden.</h1> <br/>request info: 240e:b87:1f6:d800:a504:b4a9:1b4d:4897<EOL>"
2026-04-21T23:02:53.235+08:00  WARN 20416 --- [inker] [nio-8083-exec-3] c.i.b.s.provider.EastMoneyStockProvider  : Failed to fetch concepts for stock. code=600802, market=SH, message=403 Forbidden: "<h1>Nginx forbidden.</h1> <br/>request info: 240e:b87:1f6:d800:a504:b4a9:1b4d:4897<EOL>"
2026-04-21T23:02:53.284+08:00  WARN 20416 --- [inker] [nio-8083-exec-3] c.i.b.s.provider.EastMoneyStockProvider  : Failed to fetch concepts for stock. code=600803, market=SH, message=403 Forbidden: "<h1>Nginx forbidden.</h1> <br/>request info: 240e:b87:1f6:d800:a504:b4a9:1b4d:4897<EOL>"
2026-04-21T23:02:53.362+08:00  WARN 20416 --- [inker] [nio-8083-exec-3] c.i.b.s.provider.EastMoneyStockProvider  : Failed to fetch concepts for stock. code=600805, market=SH, message=403 Forbidden: "<h1>Nginx forbidden.</h1> <br/>request info: 240e:b87:1f6:d800:a504:b4a9:1b4d:4897<EOL>"
2026-04-21T23:02:53.412+08:00  WARN 20416 --- [inker] [nio-8083-exec-3] c.i.b.s.provider.EastMoneyStockProvider  : Failed to fetch concepts for stock. code=600807, market=SH, message=403 Forbidden: "<h1>Nginx forbidden.</h1> <br/>request info: 240e:b87:1f6:d800:a504:b4a9:1b4d:4897<EOL>"
2026-04-21T23:02:53.457+08:00  WARN 20416 --- [inker] [nio-8083-exec-3] c.i.b.s.provider.EastMoneyStockProvider  : Failed to fetch concepts for stock. code=600808, market=SH, message=403 Forbidden: "<h1>Nginx forbidden.</h1> <br/>request info: 240e:b87:1f6:d800:a504:b4a9:1b4d:4897<EOL>"
2026-04-21T23:02:53.508+08:00  WARN 20416 --- [inker] [nio-8083-exec-3] c.i.b.s.provider.EastMoneyStockProvider  : Failed to fetch concepts for stock. code=600809, market=SH, message=403 Forbidden: "<h1>Nginx forbidden.</h1> <br/>request info: 240e:b87:1f6:d800:a504:b4a9:1b4d:4897<EOL>"
2026-04-21T23:02:53.552+08:00  WARN 20416 --- [inker] [nio-8083-exec-3] c.i.b.s.provider.EastMoneyStockProvider  : Failed to fetch concepts for stock. code=600810, market=SH, message=403 Forbidden: "<h1>Nginx forbidden.</h1> <br/>request info: 240e:b87:1f6:d800:a504:b4a9:1b4d:4897<EOL>"
2026-04-21T23:02:53.603+08:00  WARN 20416 --- [inker] [nio-8083-exec-3] c.i.b.s.provider.EastMoneyStockProvider  : Failed to fetch concepts for stock. code=600812, market=SH, message=403 Forbidden: "<h1>Nginx forbidden.</h1> <br/>request info: 240e:b87:1f6:d800:a504:b4a9:1b4d:4897<EOL>"
2026-04-21T23:02:53.653+08:00  WARN 20416 --- [inker] [nio-8083-exec-3] c.i.b.s.provider.EastMoneyStockProvider  : Failed to fetch concepts for stock. code=600814, market=SH, message=403 Forbidden: "<h1>Nginx forbidden.</h1> <br/>request info: 240e:b87:1f6:d800:a504:b4a9:1b4d:4897<EOL>"
2026-04-21T23:02:53.696+08:00  WARN 20416 --- [inker] [nio-8083-exec-3] c.i.b.s.provider.EastMoneyStockProvider  : Failed to fetch concepts for stock. code=600815, market=SH, message=403 Forbidden: "<h1>Nginx forbidden.</h1> <br/>request info: 240e:b87:1f6:d800:a504:b4a9:1b4d:4897<EOL>"
2026-04-21T23:02:53.744+08:00  WARN 20416 --- [inker] [nio-8083-exec-3] c.i.b.s.provider.EastMoneyStockProvider  : Failed to fetch concepts for stock. code=600816, market=SH, message=403 Forbidden: "<h1>Nginx forbidden.</h1> <br/>request info: 240e:b87:1f6:d800:a504:b4a9:1b4d:4897<EOL>"
2026-04-21T23:02:53.789+08:00  WARN 20416 --- [inker] [nio-8083-exec-3] c.i.b.s.provider.EastMoneyStockProvider  : Failed to fetch concepts for stock. code=600817, market=SH, message=403 Forbidden: "<h1>Nginx forbidden.</h1> <br/>request info: 240e:b87:1f6:d800:a504:b4a9:1b4d:4897<EOL>"
2026-04-21T23:02:53.837+08:00  WARN 20416 --- [inker] [nio-8083-exec-3] c.i.b.s.provider.EastMoneyStockProvider  : Failed to fetch concepts for stock. code=600818, market=SH, message=403 Forbidden: "<h1>Nginx forbidden.</h1> <br/>request info: 240e:b87:1f6:d800:a504:b4a9:1b4d:4897<EOL>"
2026-04-21T23:02:53.886+08:00  WARN 20416 --- [inker] [nio-8083-exec-3] c.i.b.s.provider.EastMoneyStockProvider  : Failed to fetch concepts for stock. code=600819, market=SH, message=403 Forbidden: "<h1>Nginx forbidden.</h1> <br/>request info: 240e:b87:1f6:d800:a504:b4a9:1b4d:4897<EOL>"
2026-04-21T23:02:53.929+08:00  WARN 20416 --- [inker] [nio-8083-exec-3] c.i.b.s.provider.EastMoneyStockProvider  : Failed to fetch concepts for stock. code=600820, market=SH, message=403 Forbidden: "<h1>Nginx forbidden.</h1> <br/>request info: 240e:b87:1f6:d800:a504:b4a9:1b4d:4897<EOL>"
2026-04-21T23:02:53.973+08:00  WARN 20416 --- [inker] [nio-8083-exec-3] c.i.b.s.provider.EastMoneyStockProvider  : Failed to fetch concepts for stock. code=600821, market=SH, message=403 Forbidden: "<h1>Nginx forbidden.</h1> <br/>request info: 240e:b87:1f6:d800:a504:b4a9:1b4d:4897<EOL>"
2026-04-21T23:02:54.017+08:00  WARN 20416 --- [inker] [nio-8083-exec-3] c.i.b.s.provider.EastMoneyStockProvider  : Failed to fetch concepts for stock. code=600822, market=SH, message=403 Forbidden: "<h1>Nginx forbidden.</h1> <br/>request info: 240e:b87:1f6:d800:a504:b4a9:1b4d:4897<EOL>"
2026-04-21T23:02:54.066+08:00  WARN 20416 --- [inker] [nio-8083-exec-3] c.i.b.s.provider.EastMoneyStockProvider  : Failed to fetch concepts for stock. code=600824, market=SH, message=403 Forbidden: "<h1>Nginx forbidden.</h1> <br/>request info: 240e:b87:1f6:d800:a504:b4a9:1b4d:4897<EOL>"
2026-04-21T23:02:54.115+08:00  WARN 20416 --- [inker] [nio-8083-exec-3] c.i.b.s.provider.EastMoneyStockProvider  : Failed to fetch concepts for stock. code=600825, market=SH, message=403 Forbidden: "<h1>Nginx forbidden.</h1> <br/>request info: 240e:b87:1f6:d800:a504:b4a9:1b4d:4897<EOL>"
2026-04-21T23:02:54.156+08:00  WARN 20416 --- [inker] [nio-8083-exec-3] c.i.b.s.provider.EastMoneyStockProvider  : Failed to fetch concepts for stock. code=600826, market=SH, message=403 Forbidden: "<h1>Nginx forbidden.</h1> <br/>request info: 240e:b87:1f6:d800:a504:b4a9:1b4d:4897<EOL>"
2026-04-21T23:02:54.208+08:00  WARN 20416 --- [inker] [nio-8083-exec-3] c.i.b.s.provider.EastMoneyStockProvider  : Failed to fetch concepts for stock. code=600827, market=SH, message=403 Forbidden: "<h1>Nginx forbidden.</h1> <br/>request info: 240e:b87:1f6:d800:a504:b4a9:1b4d:4897<EOL>"
2026-04-21T23:02:54.249+08:00  WARN 20416 --- [inker] [nio-8083-exec-3] c.i.b.s.provider.EastMoneyStockProvider  : Failed to fetch concepts for stock. code=600828, market=SH, message=403 Forbidden: "<h1>Nginx forbidden.</h1> <br/>request info: 240e:b87:1f6:d800:a504:b4a9:1b4d:4897<EOL>"
2026-04-21T23:02:54.293+08:00  WARN 20416 --- [inker] [nio-8083-exec-3] c.i.b.s.provider.EastMoneyStockProvider  : Failed to fetch concepts for stock. code=600829, market=SH, message=403 Forbidden: "<h1>Nginx forbidden.</h1> <br/>request info: 240e:b87:1f6:d800:a504:b4a9:1b4d:4897<EOL>"
2026-04-21T23:02:54.339+08:00  WARN 20416 --- [inker] [nio-8083-exec-3] c.i.b.s.provider.EastMoneyStockProvider  : Failed to fetch concepts for stock. code=600830, market=SH, message=403 Forbidden: "<h1>Nginx forbidden.</h1> <br/>request info: 240e:b87:1f6:d800:a504:b4a9:1b4d:4897<EOL>"
2026-04-21T23:02:54.384+08:00  WARN 20416 --- [inker] [nio-8083-exec-3] c.i.b.s.provider.EastMoneyStockProvider  : Failed to fetch concepts for stock. code=600831, market=SH, message=403 Forbidden: "<h1>Nginx forbidden.</h1> <br/>request info: 240e:b87:1f6:d800:a504:b4a9:1b4d:4897<EOL>"
2026-04-21T23:02:54.435+08:00  WARN 20416 --- [inker] [nio-8083-exec-3] c.i.b.s.provider.EastMoneyStockProvider  : Failed to fetch concepts for stock. code=600833, market=SH, message=403 Forbidden: "<h1>Nginx forbidden.</h1> <br/>request info: 240e:b87:1f6:d800:a504:b4a9:1b4d:4897<EOL>"
2026-04-21T23:02:54.481+08:00  WARN 20416 --- [inker] [nio-8083-exec-3] c.i.b.s.provider.EastMoneyStockProvider  : Failed to fetch concepts for stock. code=600834, market=SH, message=403 Forbidden: "<h1>Nginx forbidden.</h1> <br/>request info: 240e:b87:1f6:d800:a504:b4a9:1b4d:4897<EOL>"
2026-04-21T23:02:54.523+08:00  WARN 20416 --- [inker] [nio-8083-exec-3] c.i.b.s.provider.EastMoneyStockProvider  : Failed to fetch concepts for stock. code=600835, market=SH, message=403 Forbidden: "<h1>Nginx forbidden.</h1> <br/>request info: 240e:b87:1f6:d800:a504:b4a9:1b4d:4897<EOL>"
2026-04-21T23:02:54.567+08:00  WARN 20416 --- [inker] [nio-8083-exec-3] c.i.b.s.provider.EastMoneyStockProvider  : Failed to fetch concepts for stock. code=600838, market=SH, message=403 Forbidden: "<h1>Nginx forbidden.</h1> <br/>request info: 240e:b87:1f6:d800:a504:b4a9:1b4d:4897<EOL>"
2026-04-21T23:02:54.619+08:00  WARN 20416 --- [inker] [nio-8083-exec-3] c.i.b.s.provider.EastMoneyStockProvider  : Failed to fetch concepts for stock. code=600839, market=SH, message=403 Forbidden: "<h1>Nginx forbidden.</h1> <br/>request info: 240e:b87:1f6:d800:a504:b4a9:1b4d:4897<EOL>"
2026-04-21T23:02:54.663+08:00  WARN 20416 --- [inker] [nio-8083-exec-3] c.i.b.s.provider.EastMoneyStockProvider  : Failed to fetch concepts for stock. code=600841, market=SH, message=403 Forbidden: "<h1>Nginx forbidden.</h1> <br/>request info: 240e:b87:1f6:d800:a504:b4a9:1b4d:4897<EOL>"
2026-04-21T23:02:54.708+08:00  WARN 20416 --- [inker] [nio-8083-exec-3] c.i.b.s.provider.EastMoneyStockProvider  : Failed to fetch concepts for stock. code=600843, market=SH, message=403 Forbidden: "<h1>Nginx forbidden.</h1> <br/>request info: 240e:b87:1f6:d800:a504:b4a9:1b4d:4897<EOL>"
2026-04-21T23:02:54.833+08:00  WARN 20416 --- [inker] [nio-8083-exec-3] c.i.b.s.provider.EastMoneyStockProvider  : Failed to fetch concepts for stock. code=600844, market=SH, message=403 Forbidden: "<h1>Nginx forbidden.</h1> <br/>request info: 240e:b87:1f6:d800:a504:b4a9:1b4d:4897<EOL>"
2026-04-21T23:02:54.879+08:00  WARN 20416 --- [inker] [nio-8083-exec-3] c.i.b.s.provider.EastMoneyStockProvider  : Failed to fetch concepts for stock. code=600845, market=SH, message=403 Forbidden: "<h1>Nginx forbidden.</h1> <br/>request info: 240e:b87:1f6:d800:a504:b4a9:1b4d:4897<EOL>"
2026-04-21T23:02:54.924+08:00  WARN 20416 --- [inker] [nio-8083-exec-3] c.i.b.s.provider.EastMoneyStockProvider  : Failed to fetch concepts for stock. code=600846, market=SH, message=403 Forbidden: "<h1>Nginx forbidden.</h1> <br/>request info: 240e:b87:1f6:d800:a504:b4a9:1b4d:4897<EOL>"
2026-04-21T23:02:54.970+08:00  WARN 20416 --- [inker] [nio-8083-exec-3] c.i.b.s.provider.EastMoneyStockProvider  : Failed to fetch concepts for stock. code=600847, market=SH, message=403 Forbidden: "<h1>Nginx forbidden.</h1> <br/>request info: 240e:b87:1f6:d800:a504:b4a9:1b4d:4897<EOL>"
2026-04-21T23:02:55.015+08:00  WARN 20416 --- [inker] [nio-8083-exec-3] c.i.b.s.provider.EastMoneyStockProvider  : Failed to fetch concepts for stock. code=600848, market=SH, message=403 Forbidden: "<h1>Nginx forbidden.</h1> <br/>request info: 240e:b87:1f6:d800:a504:b4a9:1b4d:4897<EOL>"
2026-04-21T23:02:55.083+08:00  WARN 20416 --- [inker] [nio-8083-exec-3] c.i.b.s.provider.EastMoneyStockProvider  : Failed to fetch concepts for stock. code=600850, market=SH, message=403 Forbidden: "<h1>Nginx forbidden.</h1> <br/>request info: 240e:b87:1f6:d800:a504:b4a9:1b4d:4897<EOL>"
2026-04-21T23:02:55.127+08:00  WARN 20416 --- [inker] [nio-8083-exec-3] c.i.b.s.provider.EastMoneyStockProvider  : Failed to fetch concepts for stock. code=600851, market=SH, message=403 Forbidden: "<h1>Nginx forbidden.</h1> <br/>request info: 240e:b87:1f6:d800:a504:b4a9:1b4d:4897<EOL>"
2026-04-21T23:02:55.177+08:00  WARN 20416 --- [inker] [nio-8083-exec-3] c.i.b.s.provider.EastMoneyStockProvider  : Failed to fetch concepts for stock. code=600853, market=SH, message=403 Forbidden: "<h1>Nginx forbidden.</h1> <br/>request info: 240e:b87:1f6:d800:a504:b4a9:1b4d:4897<EOL>"
2026-04-21T23:02:55.220+08:00  WARN 20416 --- [inker] [nio-8083-exec-3] c.i.b.s.provider.EastMoneyStockProvider  : Failed to fetch concepts for stock. code=600854, market=SH, message=403 Forbidden: "<h1>Nginx forbidden.</h1> <br/>request info: 240e:b87:1f6:d800:a504:b4a9:1b4d:4897<EOL>"
2026-04-21T23:02:55.272+08:00  WARN 20416 --- [inker] [nio-8083-exec-3] c.i.b.s.provider.EastMoneyStockProvider  : Failed to fetch concepts for stock. code=600855, market=SH, message=403 Forbidden: "<h1>Nginx forbidden.</h1> <br/>request info: 240e:b87:1f6:d800:a504:b4a9:1b4d:4897<EOL>"
2026-04-21T23:02:55.317+08:00  WARN 20416 --- [inker] [nio-8083-exec-3] c.i.b.s.provider.EastMoneyStockProvider  : Failed to fetch concepts for stock. code=600857, market=SH, message=403 Forbidden: "<h1>Nginx forbidden.</h1> <br/>request info: 240e:b87:1f6:d800:a504:b4a9:1b4d:4897<EOL>"
2026-04-21T23:02:55.364+08:00  WARN 20416 --- [inker] [nio-8083-exec-3] c.i.b.s.provider.EastMoneyStockProvider  : Failed to fetch concepts for stock. code=600858, market=SH, message=403 Forbidden: "<h1>Nginx forbidden.</h1> <br/>request info: 240e:b87:1f6:d800:a504:b4a9:1b4d:4897<EOL>"
2026-04-21T23:02:55.414+08:00  WARN 20416 --- [inker] [nio-8083-exec-3] c.i.b.s.provider.EastMoneyStockProvider  : Failed to fetch concepts for stock. code=600859, market=SH, message=403 Forbidden: "<h1>Nginx forbidden.</h1> <br/>request info: 240e:b87:1f6:d800:a504:b4a9:1b4d:4897<EOL>"
2026-04-21T23:02:55.458+08:00  WARN 20416 --- [inker] [nio-8083-exec-3] c.i.b.s.provider.EastMoneyStockProvider  : Failed to fetch concepts for stock. code=600860, market=SH, message=403 Forbidden: "<h1>Nginx forbidden.</h1> <br/>request info: 240e:b87:1f6:d800:a504:b4a9:1b4d:4897<EOL>"
2026-04-21T23:02:55.502+08:00  WARN 20416 --- [inker] [nio-8083-exec-3] c.i.b.s.provider.EastMoneyStockProvider  : Failed to fetch concepts for stock. code=600861, market=SH, message=403 Forbidden: "<h1>Nginx forbidden.</h1> <br/>request info: 240e:b87:1f6:d800:a504:b4a9:1b4d:4897<EOL>"
2026-04-21T23:02:55.546+08:00  WARN 20416 --- [inker] [nio-8083-exec-3] c.i.b.s.provider.EastMoneyStockProvider  : Failed to fetch concepts for stock. code=600862, market=SH, message=403 Forbidden: "<h1>Nginx forbidden.</h1> <br/>request info: 240e:b87:1f6:d800:a504:b4a9:1b4d:4897<EOL>"
2026-04-21T23:02:55.595+08:00  WARN 20416 --- [inker] [nio-8083-exec-3] c.i.b.s.provider.EastMoneyStockProvider  : Failed to fetch concepts for stock. code=600863, market=SH, message=403 Forbidden: "<h1>Nginx forbidden.</h1> <br/>request info: 240e:b87:1f6:d800:a504:b4a9:1b4d:4897<EOL>"
2026-04-21T23:02:55.639+08:00  WARN 20416 --- [inker] [nio-8083-exec-3] c.i.b.s.provider.EastMoneyStockProvider  : Failed to fetch concepts for stock. code=600864, market=SH, message=403 Forbidden: "<h1>Nginx forbidden.</h1> <br/>request info: 240e:b87:1f6:d800:a504:b4a9:1b4d:4897<EOL>"
2026-04-21T23:02:55.685+08:00  WARN 20416 --- [inker] [nio-8083-exec-3] c.i.b.s.provider.EastMoneyStockProvider  : Failed to fetch concepts for stock. code=600865, market=SH, message=403 Forbidden: "<h1>Nginx forbidden.</h1> <br/>request info: 240e:b87:1f6:d800:a504:b4a9:1b4d:4897<EOL>"
2026-04-21T23:02:55.733+08:00  WARN 20416 --- [inker] [nio-8083-exec-3] c.i.b.s.provider.EastMoneyStockProvider  : Failed to fetch concepts for stock. code=600866, market=SH, message=403 Forbidden: "<h1>Nginx forbidden.</h1> <br/>request info: 240e:b87:1f6:d800:a504:b4a9:1b4d:4897<EOL>"
2026-04-21T23:02:55.784+08:00  WARN 20416 --- [inker] [nio-8083-exec-3] c.i.b.s.provider.EastMoneyStockProvider  : Failed to fetch concepts for stock. code=600867, market=SH, message=403 Forbidden: "<h1>Nginx forbidden.</h1> <br/>request info: 240e:b87:1f6:d800:a504:b4a9:1b4d:4897<EOL>"
2026-04-21T23:02:55.829+08:00  WARN 20416 --- [inker] [nio-8083-exec-3] c.i.b.s.provider.EastMoneyStockProvider  : Failed to fetch concepts for stock. code=600868, market=SH, message=403 Forbidden: "<h1>Nginx forbidden.</h1> <br/>request info: 240e:b87:1f6:d800:a504:b4a9:1b4d:4897<EOL>"
2026-04-21T23:02:55.874+08:00  WARN 20416 --- [inker] [nio-8083-exec-3] c.i.b.s.provider.EastMoneyStockProvider  : Failed to fetch concepts for stock. code=600869, market=SH, message=403 Forbidden: "<h1>Nginx forbidden.</h1> <br/>request info: 240e:b87:1f6:d800:a504:b4a9:1b4d:4897<EOL>"
2026-04-21T23:02:55.925+08:00  WARN 20416 --- [inker] [nio-8083-exec-3] c.i.b.s.provider.EastMoneyStockProvider  : Failed to fetch concepts for stock. code=600871, market=SH, message=403 Forbidden: "<h1>Nginx forbidden.</h1> <br/>request info: 240e:b87:1f6:d800:a504:b4a9:1b4d:4897<EOL>"
2026-04-21T23:02:55.975+08:00  WARN 20416 --- [inker] [nio-8083-exec-3] c.i.b.s.provider.EastMoneyStockProvider  : Failed to fetch concepts for stock. code=600872, market=SH, message=403 Forbidden: "<h1>Nginx forbidden.</h1> <br/>request info: 240e:b87:1f6:d800:a504:b4a9:1b4d:4897<EOL>"
2026-04-21T23:02:56.024+08:00  WARN 20416 --- [inker] [nio-8083-exec-3] c.i.b.s.provider.EastMoneyStockProvider  : Failed to fetch concepts for stock. code=600873, market=SH, message=403 Forbidden: "<h1>Nginx forbidden.</h1> <br/>request info: 240e:b87:1f6:d800:a504:b4a9:1b4d:4897<EOL>"
2026-04-21T23:02:56.068+08:00  WARN 20416 --- [inker] [nio-8083-exec-3] c.i.b.s.provider.EastMoneyStockProvider  : Failed to fetch concepts for stock. code=600874, market=SH, message=403 Forbidden: "<h1>Nginx forbidden.</h1> <br/>request info: 240e:b87:1f6:d800:a504:b4a9:1b4d:4897<EOL>"
2026-04-21T23:02:56.136+08:00  WARN 20416 --- [inker] [nio-8083-exec-3] c.i.b.s.provider.EastMoneyStockProvider  : Failed to fetch concepts for stock. code=600875, market=SH, message=403 Forbidden: "<h1>Nginx forbidden.</h1> <br/>request info: 240e:b87:1f6:d800:a504:b4a9:1b4d:4897<EOL>"
2026-04-21T23:02:56.180+08:00  WARN 20416 --- [inker] [nio-8083-exec-3] c.i.b.s.provider.EastMoneyStockProvider  : Failed to fetch concepts for stock. code=600876, market=SH, message=403 Forbidden: "<h1>Nginx forbidden.</h1> <br/>request info: 240e:b87:1f6:d800:a504:b4a9:1b4d:4897<EOL>"
2026-04-21T23:02:56.224+08:00  WARN 20416 --- [inker] [nio-8083-exec-3] c.i.b.s.provider.EastMoneyStockProvider  : Failed to fetch concepts for stock. code=600877, market=SH, message=403 Forbidden: "<h1>Nginx forbidden.</h1> <br/>request info: 240e:b87:1f6:d800:a504:b4a9:1b4d:4897<EOL>"
2026-04-21T23:02:56.278+08:00  WARN 20416 --- [inker] [nio-8083-exec-3] c.i.b.s.provider.EastMoneyStockProvider  : Failed to fetch concepts for stock. code=600879, market=SH, message=403 Forbidden: "<h1>Nginx forbidden.</h1> <br/>request info: 240e:b87:1f6:d800:a504:b4a9:1b4d:4897<EOL>"
2026-04-21T23:02:56.328+08:00  WARN 20416 --- [inker] [nio-8083-exec-3] c.i.b.s.provider.EastMoneyStockProvider  : Failed to fetch concepts for stock. code=600880, market=SH, message=403 Forbidden: "<h1>Nginx forbidden.</h1> <br/>request info: 240e:b87:1f6:d800:a504:b4a9:1b4d:4897<EOL>"
2026-04-21T23:02:56.371+08:00  WARN 20416 --- [inker] [nio-8083-exec-3] c.i.b.s.provider.EastMoneyStockProvider  : Failed to fetch concepts for stock. code=600881, market=SH, message=403 Forbidden: "<h1>Nginx forbidden.</h1> <br/>request info: 240e:b87:1f6:d800:a504:b4a9:1b4d:4897<EOL>"
2026-04-21T23:02:56.417+08:00  WARN 20416 --- [inker] [nio-8083-exec-3] c.i.b.s.provider.EastMoneyStockProvider  : Failed to fetch concepts for stock. code=600882, market=SH, message=403 Forbidden: "<h1>Nginx forbidden.</h1> <br/>request info: 240e:b87:1f6:d800:a504:b4a9:1b4d:4897<EOL>"
2026-04-21T23:02:56.466+08:00  WARN 20416 --- [inker] [nio-8083-exec-3] c.i.b.s.provider.EastMoneyStockProvider  : Failed to fetch concepts for stock. code=600883, market=SH, message=403 Forbidden: "<h1>Nginx forbidden.</h1> <br/>request info: 240e:b87:1f6:d800:a504:b4a9:1b4d:4897<EOL>"
2026-04-21T23:02:56.509+08:00  WARN 20416 --- [inker] [nio-8083-exec-3] c.i.b.s.provider.EastMoneyStockProvider  : Failed to fetch concepts for stock. code=600884, market=SH, message=403 Forbidden: "<h1>Nginx forbidden.</h1> <br/>request info: 240e:b87:1f6:d800:a504:b4a9:1b4d:4897<EOL>"
2026-04-21T23:02:56.559+08:00  WARN 20416 --- [inker] [nio-8083-exec-3] c.i.b.s.provider.EastMoneyStockProvider  : Failed to fetch concepts for stock. code=600885, market=SH, message=403 Forbidden: "<h1>Nginx forbidden.</h1> <br/>request info: 240e:b87:1f6:d800:a504:b4a9:1b4d:4897<EOL>"
2026-04-21T23:02:56.608+08:00  WARN 20416 --- [inker] [nio-8083-exec-3] c.i.b.s.provider.EastMoneyStockProvider  : Failed to fetch concepts for stock. code=600886, market=SH, message=403 Forbidden: "<h1>Nginx forbidden.</h1> <br/>request info: 240e:b87:1f6:d800:a504:b4a9:1b4d:4897<EOL>"
2026-04-21T23:02:56.656+08:00  WARN 20416 --- [inker] [nio-8083-exec-3] c.i.b.s.provider.EastMoneyStockProvider  : Failed to fetch concepts for stock. code=600887, market=SH, message=403 Forbidden: "<h1>Nginx forbidden.</h1> <br/>request info: 240e:b87:1f6:d800:a504:b4a9:1b4d:4897<EOL>"
2026-04-21T23:02:56.700+08:00  WARN 20416 --- [inker] [nio-8083-exec-3] c.i.b.s.provider.EastMoneyStockProvider  : Failed to fetch concepts for stock. code=600888, market=SH, message=403 Forbidden: "<h1>Nginx forbidden.</h1> <br/>request info: 240e:b87:1f6:d800:a504:b4a9:1b4d:4897<EOL>"
2026-04-21T23:02:56.745+08:00  WARN 20416 --- [inker] [nio-8083-exec-3] c.i.b.s.provider.EastMoneyStockProvider  : Failed to fetch concepts for stock. code=600889, market=SH, message=403 Forbidden: "<h1>Nginx forbidden.</h1> <br/>request info: 240e:b87:1f6:d800:a504:b4a9:1b4d:4897<EOL>"
2026-04-21T23:02:56.789+08:00  WARN 20416 --- [inker] [nio-8083-exec-3] c.i.b.s.provider.EastMoneyStockProvider  : Failed to fetch concepts for stock. code=600893, market=SH, message=403 Forbidden: "<h1>Nginx forbidden.</h1> <br/>request info: 240e:b87:1f6:d800:a504:b4a9:1b4d:4897<EOL>"
2026-04-21T23:02:56.837+08:00  WARN 20416 --- [inker] [nio-8083-exec-3] c.i.b.s.provider.EastMoneyStockProvider  : Failed to fetch concepts for stock. code=600894, market=SH, message=403 Forbidden: "<h1>Nginx forbidden.</h1> <br/>request info: 240e:b87:1f6:d800:a504:b4a9:1b4d:4897<EOL>"
2026-04-21T23:02:56.886+08:00  WARN 20416 --- [inker] [nio-8083-exec-3] c.i.b.s.provider.EastMoneyStockProvider  : Failed to fetch concepts for stock. code=600895, market=SH, message=403 Forbidden: "<h1>Nginx forbidden.</h1> <br/>request info: 240e:b87:1f6:d800:a504:b4a9:1b4d:4897<EOL>"
2026-04-21T23:02:56.940+08:00  WARN 20416 --- [inker] [nio-8083-exec-3] c.i.b.s.provider.EastMoneyStockProvider  : Failed to fetch concepts for stock. code=600897, market=SH, message=403 Forbidden: "<h1>Nginx forbidden.</h1> <br/>request info: 240e:b87:1f6:d800:a504:b4a9:1b4d:4897<EOL>"
2026-04-21T23:02:56.983+08:00  WARN 20416 --- [inker] [nio-8083-exec-3] c.i.b.s.provider.EastMoneyStockProvider  : Failed to fetch concepts for stock. code=600900, market=SH, message=403 Forbidden: "<h1>Nginx forbidden.</h1> <br/>request info: 240e:b87:1f6:d800:a504:b4a9:1b4d:4897<EOL>"
2026-04-21T23:02:57.032+08:00  WARN 20416 --- [inker] [nio-8083-exec-3] c.i.b.s.provider.EastMoneyStockProvider  : Failed to fetch concepts for stock. code=600901, market=SH, message=403 Forbidden: "<h1>Nginx forbidden.</h1> <br/>request info: 240e:b87:1f6:d800:a504:b4a9:1b4d:4897<EOL>"
2026-04-21T23:02:57.076+08:00  WARN 20416 --- [inker] [nio-8083-exec-3] c.i.b.s.provider.EastMoneyStockProvider  : Failed to fetch concepts for stock. code=600903, market=SH, message=403 Forbidden: "<h1>Nginx forbidden.</h1> <br/>request info: 240e:b87:1f6:d800:a504:b4a9:1b4d:4897<EOL>"
2026-04-21T23:02:57.121+08:00  WARN 20416 --- [inker] [nio-8083-exec-3] c.i.b.s.provider.EastMoneyStockProvider  : Failed to fetch concepts for stock. code=600905, market=SH, message=403 Forbidden: "<h1>Nginx forbidden.</h1> <br/>request info: 240e:b87:1f6:d800:a504:b4a9:1b4d:4897<EOL>"
2026-04-21T23:02:57.172+08:00  WARN 20416 --- [inker] [nio-8083-exec-3] c.i.b.s.provider.EastMoneyStockProvider  : Failed to fetch concepts for stock. code=600906, market=SH, message=403 Forbidden: "<h1>Nginx forbidden.</h1> <br/>request info: 240e:b87:1f6:d800:a504:b4a9:1b4d:4897<EOL>"
2026-04-21T23:02:57.215+08:00  WARN 20416 --- [inker] [nio-8083-exec-3] c.i.b.s.provider.EastMoneyStockProvider  : Failed to fetch concepts for stock. code=600908, market=SH, message=403 Forbidden: "<h1>Nginx forbidden.</h1> <br/>request info: 240e:b87:1f6:d800:a504:b4a9:1b4d:4897<EOL>"
2026-04-21T23:02:57.258+08:00  WARN 20416 --- [inker] [nio-8083-exec-3] c.i.b.s.provider.EastMoneyStockProvider  : Failed to fetch concepts for stock. code=600909, market=SH, message=403 Forbidden: "<h1>Nginx forbidden.</h1> <br/>request info: 240e:b87:1f6:d800:a504:b4a9:1b4d:4897<EOL>"
2026-04-21T23:02:57.305+08:00  WARN 20416 --- [inker] [nio-8083-exec-3] c.i.b.s.provider.EastMoneyStockProvider  : Failed to fetch concepts for stock. code=600916, market=SH, message=403 Forbidden: "<h1>Nginx forbidden.</h1> <br/>request info: 240e:b87:1f6:d800:a504:b4a9:1b4d:4897<EOL>"
2026-04-21T23:02:57.354+08:00  WARN 20416 --- [inker] [nio-8083-exec-3] c.i.b.s.provider.EastMoneyStockProvider  : Failed to fetch concepts for stock. code=600917, market=SH, message=403 Forbidden: "<h1>Nginx forbidden.</h1> <br/>request info: 240e:b87:1f6:d800:a504:b4a9:1b4d:4897<EOL>"
2026-04-21T23:02:57.704+08:00  WARN 20416 --- [inker] [nio-8083-exec-3] c.i.b.s.provider.EastMoneyStockProvider  : Failed to fetch concepts for stock. code=600918, market=SH, message=403 Forbidden: "<h1>Nginx forbidden.</h1> <br/>request info: 240e:b87:1f6:d800:a504:b4a9:1b4d:4897<EOL>"
2026-04-21T23:02:57.759+08:00  WARN 20416 --- [inker] [nio-8083-exec-3] c.i.b.s.provider.EastMoneyStockProvider  : Failed to fetch concepts for stock. code=600919, market=SH, message=403 Forbidden: "<h1>Nginx forbidden.</h1> <br/>request info: 240e:b87:1f6:d800:a504:b4a9:1b4d:4897<EOL>"
2026-04-21T23:02:57.810+08:00  WARN 20416 --- [inker] [nio-8083-exec-3] c.i.b.s.provider.EastMoneyStockProvider  : Failed to fetch concepts for stock. code=600925, market=SH, message=403 Forbidden: "<h1>Nginx forbidden.</h1> <br/>request info: 240e:b87:1f6:d800:a504:b4a9:1b4d:4897<EOL>"
2026-04-21T23:02:57.857+08:00  WARN 20416 --- [inker] [nio-8083-exec-3] c.i.b.s.provider.EastMoneyStockProvider  : Failed to fetch concepts for stock. code=600926, market=SH, message=403 Forbidden: "<h1>Nginx forbidden.</h1> <br/>request info: 240e:b87:1f6:d800:a504:b4a9:1b4d:4897<EOL>"
2026-04-21T23:02:57.905+08:00  WARN 20416 --- [inker] [nio-8083-exec-3] c.i.b.s.provider.EastMoneyStockProvider  : Failed to fetch concepts for stock. code=600927, market=SH, message=403 Forbidden: "<h1>Nginx forbidden.</h1> <br/>request info: 240e:b87:1f6:d800:a504:b4a9:1b4d:4897<EOL>"
2026-04-21T23:02:57.949+08:00  WARN 20416 --- [inker] [nio-8083-exec-3] c.i.b.s.provider.EastMoneyStockProvider  : Failed to fetch concepts for stock. code=600928, market=SH, message=403 Forbidden: "<h1>Nginx forbidden.</h1> <br/>request info: 240e:b87:1f6:d800:a504:b4a9:1b4d:4897<EOL>"
2026-04-21T23:02:57.993+08:00  WARN 20416 --- [inker] [nio-8083-exec-3] c.i.b.s.provider.EastMoneyStockProvider  : Failed to fetch concepts for stock. code=600929, market=SH, message=403 Forbidden: "<h1>Nginx forbidden.</h1> <br/>request info: 240e:b87:1f6:d800:a504:b4a9:1b4d:4897<EOL>"
2026-04-21T23:02:58.041+08:00  WARN 20416 --- [inker] [nio-8083-exec-3] c.i.b.s.provider.EastMoneyStockProvider  : Failed to fetch concepts for stock. code=600930, market=SH, message=403 Forbidden: "<h1>Nginx forbidden.</h1> <br/>request info: 240e:b87:1f6:d800:a504:b4a9:1b4d:4897<EOL>"
2026-04-21T23:02:58.088+08:00  WARN 20416 --- [inker] [nio-8083-exec-3] c.i.b.s.provider.EastMoneyStockProvider  : Failed to fetch concepts for stock. code=600933, market=SH, message=403 Forbidden: "<h1>Nginx forbidden.</h1> <br/>request info: 240e:b87:1f6:d800:a504:b4a9:1b4d:4897<EOL>"
2026-04-21T23:02:58.135+08:00  WARN 20416 --- [inker] [nio-8083-exec-3] c.i.b.s.provider.EastMoneyStockProvider  : Failed to fetch concepts for stock. code=600935, market=SH, message=403 Forbidden: "<h1>Nginx forbidden.</h1> <br/>request info: 240e:b87:1f6:d800:a504:b4a9:1b4d:4897<EOL>"
2026-04-21T23:02:58.185+08:00  WARN 20416 --- [inker] [nio-8083-exec-3] c.i.b.s.provider.EastMoneyStockProvider  : Failed to fetch concepts for stock. code=600936, market=SH, message=403 Forbidden: "<h1>Nginx forbidden.</h1> <br/>request info: 240e:b87:1f6:d800:a504:b4a9:1b4d:4897<EOL>"
2026-04-21T23:02:58.229+08:00  WARN 20416 --- [inker] [nio-8083-exec-3] c.i.b.s.provider.EastMoneyStockProvider  : Failed to fetch concepts for stock. code=600938, market=SH, message=403 Forbidden: "<h1>Nginx forbidden.</h1> <br/>request info: 240e:b87:1f6:d800:a504:b4a9:1b4d:4897<EOL>"
2026-04-21T23:02:58.280+08:00  WARN 20416 --- [inker] [nio-8083-exec-3] c.i.b.s.provider.EastMoneyStockProvider  : Failed to fetch concepts for stock. code=600939, market=SH, message=403 Forbidden: "<h1>Nginx forbidden.</h1> <br/>request info: 240e:b87:1f6:d800:a504:b4a9:1b4d:4897<EOL>"
2026-04-21T23:02:58.324+08:00  WARN 20416 --- [inker] [nio-8083-exec-3] c.i.b.s.provider.EastMoneyStockProvider  : Failed to fetch concepts for stock. code=600941, market=SH, message=403 Forbidden: "<h1>Nginx forbidden.</h1> <br/>request info: 240e:b87:1f6:d800:a504:b4a9:1b4d:4897<EOL>"
2026-04-21T23:02:58.370+08:00  WARN 20416 --- [inker] [nio-8083-exec-3] c.i.b.s.provider.EastMoneyStockProvider  : Failed to fetch concepts for stock. code=600955, market=SH, message=403 Forbidden: "<h1>Nginx forbidden.</h1> <br/>request info: 240e:b87:1f6:d800:a504:b4a9:1b4d:4897<EOL>"
2026-04-21T23:02:58.413+08:00  WARN 20416 --- [inker] [nio-8083-exec-3] c.i.b.s.provider.EastMoneyStockProvider  : Failed to fetch concepts for stock. code=600956, market=SH, message=403 Forbidden: "<h1>Nginx forbidden.</h1> <br/>request info: 240e:b87:1f6:d800:a504:b4a9:1b4d:4897<EOL>"
2026-04-21T23:02:58.457+08:00  WARN 20416 --- [inker] [nio-8083-exec-3] c.i.b.s.provider.EastMoneyStockProvider  : Failed to fetch concepts for stock. code=600958, market=SH, message=403 Forbidden: "<h1>Nginx forbidden.</h1> <br/>request info: 240e:b87:1f6:d800:a504:b4a9:1b4d:4897<EOL>"
2026-04-21T23:02:58.506+08:00  WARN 20416 --- [inker] [nio-8083-exec-3] c.i.b.s.provider.EastMoneyStockProvider  : Failed to fetch concepts for stock. code=600959, market=SH, message=403 Forbidden: "<h1>Nginx forbidden.</h1> <br/>request info: 240e:b87:1f6:d800:a504:b4a9:1b4d:4897<EOL>"
2026-04-21T23:02:58.550+08:00  WARN 20416 --- [inker] [nio-8083-exec-3] c.i.b.s.provider.EastMoneyStockProvider  : Failed to fetch concepts for stock. code=600960, market=SH, message=403 Forbidden: "<h1>Nginx forbidden.</h1> <br/>request info: 240e:b87:1f6:d800:a504:b4a9:1b4d:4897<EOL>"
2026-04-21T23:02:58.600+08:00  WARN 20416 --- [inker] [nio-8083-exec-3] c.i.b.s.provider.EastMoneyStockProvider  : Failed to fetch concepts for stock. code=600961, market=SH, message=403 Forbidden: "<h1>Nginx forbidden.</h1> <br/>request info: 240e:b87:1f6:d800:a504:b4a9:1b4d:4897<EOL>"
2026-04-21T23:02:58.650+08:00  WARN 20416 --- [inker] [nio-8083-exec-3] c.i.b.s.provider.EastMoneyStockProvider  : Failed to fetch concepts for stock. code=600962, market=SH, message=403 Forbidden: "<h1>Nginx forbidden.</h1> <br/>request info: 240e:b87:1f6:d800:a504:b4a9:1b4d:4897<EOL>"
2026-04-21T23:02:58.719+08:00  WARN 20416 --- [inker] [nio-8083-exec-3] c.i.b.s.provider.EastMoneyStockProvider  : Failed to fetch concepts for stock. code=600963, market=SH, message=403 Forbidden: "<h1>Nginx forbidden.</h1> <br/>request info: 240e:b87:1f6:d800:a504:b4a9:1b4d:4897<EOL>"
2026-04-21T23:02:58.762+08:00  WARN 20416 --- [inker] [nio-8083-exec-3] c.i.b.s.provider.EastMoneyStockProvider  : Failed to fetch concepts for stock. code=600965, market=SH, message=403 Forbidden: "<h1>Nginx forbidden.</h1> <br/>request info: 240e:b87:1f6:d800:a504:b4a9:1b4d:4897<EOL>"
2026-04-21T23:02:58.807+08:00  WARN 20416 --- [inker] [nio-8083-exec-3] c.i.b.s.provider.EastMoneyStockProvider  : Failed to fetch concepts for stock. code=600966, market=SH, message=403 Forbidden: "<h1>Nginx forbidden.</h1> <br/>request info: 240e:b87:1f6:d800:a504:b4a9:1b4d:4897<EOL>"
2026-04-21T23:02:58.850+08:00  WARN 20416 --- [inker] [nio-8083-exec-3] c.i.b.s.provider.EastMoneyStockProvider  : Failed to fetch concepts for stock. code=600967, market=SH, message=403 Forbidden: "<h1>Nginx forbidden.</h1> <br/>request info: 240e:b87:1f6:d800:a504:b4a9:1b4d:4897<EOL>"
2026-04-21T23:02:58.899+08:00  WARN 20416 --- [inker] [nio-8083-exec-3] c.i.b.s.provider.EastMoneyStockProvider  : Failed to fetch concepts for stock. code=600968, market=SH, message=403 Forbidden: "<h1>Nginx forbidden.</h1> <br/>request info: 240e:b87:1f6:d800:a504:b4a9:1b4d:4897<EOL>"
2026-04-21T23:02:58.945+08:00  WARN 20416 --- [inker] [nio-8083-exec-3] c.i.b.s.provider.EastMoneyStockProvider  : Failed to fetch concepts for stock. code=600969, market=SH, message=403 Forbidden: "<h1>Nginx forbidden.</h1> <br/>request info: 240e:b87:1f6:d800:a504:b4a9:1b4d:4897<EOL>"
2026-04-21T23:02:58.991+08:00  WARN 20416 --- [inker] [nio-8083-exec-3] c.i.b.s.provider.EastMoneyStockProvider  : Failed to fetch concepts for stock. code=600970, market=SH, message=403 Forbidden: "<h1>Nginx forbidden.</h1> <br/>request info: 240e:b87:1f6:d800:a504:b4a9:1b4d:4897<EOL>"
2026-04-21T23:02:59.034+08:00  WARN 20416 --- [inker] [nio-8083-exec-3] c.i.b.s.provider.EastMoneyStockProvider  : Failed to fetch concepts for stock. code=600971, market=SH, message=403 Forbidden: "<h1>Nginx forbidden.</h1> <br/>request info: 240e:b87:1f6:d800:a504:b4a9:1b4d:4897<EOL>"
2026-04-21T23:02:59.106+08:00  WARN 20416 --- [inker] [nio-8083-exec-3] c.i.b.s.provider.EastMoneyStockProvider  : Failed to fetch concepts for stock. code=600973, market=SH, message=403 Forbidden: "<h1>Nginx forbidden.</h1> <br/>request info: 240e:b87:1f6:d800:a504:b4a9:1b4d:4897<EOL>"
2026-04-21T23:02:59.151+08:00  WARN 20416 --- [inker] [nio-8083-exec-3] c.i.b.s.provider.EastMoneyStockProvider  : Failed to fetch concepts for stock. code=600975, market=SH, message=403 Forbidden: "<h1>Nginx forbidden.</h1> <br/>request info: 240e:b87:1f6:d800:a504:b4a9:1b4d:4897<EOL>"
2026-04-21T23:02:59.196+08:00  WARN 20416 --- [inker] [nio-8083-exec-3] c.i.b.s.provider.EastMoneyStockProvider  : Failed to fetch concepts for stock. code=600976, market=SH, message=403 Forbidden: "<h1>Nginx forbidden.</h1> <br/>request info: 240e:b87:1f6:d800:a504:b4a9:1b4d:4897<EOL>"
2026-04-21T23:02:59.244+08:00  WARN 20416 --- [inker] [nio-8083-exec-3] c.i.b.s.provider.EastMoneyStockProvider  : Failed to fetch concepts for stock. code=600977, market=SH, message=403 Forbidden: "<h1>Nginx forbidden.</h1> <br/>request info: 240e:b87:1f6:d800:a504:b4a9:1b4d:4897<EOL>"
2026-04-21T23:02:59.290+08:00  WARN 20416 --- [inker] [nio-8083-exec-3] c.i.b.s.provider.EastMoneyStockProvider  : Failed to fetch concepts for stock. code=600979, market=SH, message=403 Forbidden: "<h1>Nginx forbidden.</h1> <br/>request info: 240e:b87:1f6:d800:a504:b4a9:1b4d:4897<EOL>"
2026-04-21T23:02:59.339+08:00  WARN 20416 --- [inker] [nio-8083-exec-3] c.i.b.s.provider.EastMoneyStockProvider  : Failed to fetch concepts for stock. code=600980, market=SH, message=403 Forbidden: "<h1>Nginx forbidden.</h1> <br/>request info: 240e:b87:1f6:d800:a504:b4a9:1b4d:4897<EOL>"
2026-04-21T23:02:59.385+08:00  WARN 20416 --- [inker] [nio-8083-exec-3] c.i.b.s.provider.EastMoneyStockProvider  : Failed to fetch concepts for stock. code=600981, market=SH, message=403 Forbidden: "<h1>Nginx forbidden.</h1> <br/>request info: 240e:b87:1f6:d800:a504:b4a9:1b4d:4897<EOL>"
2026-04-21T23:02:59.472+08:00  WARN 20416 --- [inker] [nio-8083-exec-3] c.i.b.s.provider.EastMoneyStockProvider  : Failed to fetch concepts for stock. code=600982, market=SH, message=403 Forbidden: "<h1>Nginx forbidden.</h1> <br/>request info: 240e:b87:1f6:d800:a504:b4a9:1b4d:4897<EOL>"
2026-04-21T23:02:59.520+08:00  WARN 20416 --- [inker] [nio-8083-exec-3] c.i.b.s.provider.EastMoneyStockProvider  : Failed to fetch concepts for stock. code=600983, market=SH, message=403 Forbidden: "<h1>Nginx forbidden.</h1> <br/>request info: 240e:b87:1f6:d800:a504:b4a9:1b4d:4897<EOL>"
2026-04-21T23:02:59.565+08:00  WARN 20416 --- [inker] [nio-8083-exec-3] c.i.b.s.provider.EastMoneyStockProvider  : Failed to fetch concepts for stock. code=600984, market=SH, message=403 Forbidden: "<h1>Nginx forbidden.</h1> <br/>request info: 240e:b87:1f6:d800:a504:b4a9:1b4d:4897<EOL>"
2026-04-21T23:02:59.610+08:00  WARN 20416 --- [inker] [nio-8083-exec-3] c.i.b.s.provider.EastMoneyStockProvider  : Failed to fetch concepts for stock. code=600985, market=SH, message=403 Forbidden: "<h1>Nginx forbidden.</h1> <br/>request info: 240e:b87:1f6:d800:a504:b4a9:1b4d:4897<EOL>"
2026-04-21T23:02:59.660+08:00  WARN 20416 --- [inker] [nio-8083-exec-3] c.i.b.s.provider.EastMoneyStockProvider  : Failed to fetch concepts for stock. code=600986, market=SH, message=403 Forbidden: "<h1>Nginx forbidden.</h1> <br/>request info: 240e:b87:1f6:d800:a504:b4a9:1b4d:4897<EOL>"
2026-04-21T23:02:59.707+08:00  WARN 20416 --- [inker] [nio-8083-exec-3] c.i.b.s.provider.EastMoneyStockProvider  : Failed to fetch concepts for stock. code=600987, market=SH, message=403 Forbidden: "<h1>Nginx forbidden.</h1> <br/>request info: 240e:b87:1f6:d800:a504:b4a9:1b4d:4897<EOL>"
2026-04-21T23:02:59.755+08:00  WARN 20416 --- [inker] [nio-8083-exec-3] c.i.b.s.provider.EastMoneyStockProvider  : Failed to fetch concepts for stock. code=600988, market=SH, message=403 Forbidden: "<h1>Nginx forbidden.</h1> <br/>request info: 240e:b87:1f6:d800:a504:b4a9:1b4d:4897<EOL>"
2026-04-21T23:02:59.799+08:00  WARN 20416 --- [inker] [nio-8083-exec-3] c.i.b.s.provider.EastMoneyStockProvider  : Failed to fetch concepts for stock. code=600989, market=SH, message=403 Forbidden: "<h1>Nginx forbidden.</h1> <br/>request info: 240e:b87:1f6:d800:a504:b4a9:1b4d:4897<EOL>"
2026-04-21T23:02:59.844+08:00  WARN 20416 --- [inker] [nio-8083-exec-3] c.i.b.s.provider.EastMoneyStockProvider  : Failed to fetch concepts for stock. code=600990, market=SH, message=403 Forbidden: "<h1>Nginx forbidden.</h1> <br/>request info: 240e:b87:1f6:d800:a504:b4a9:1b4d:4897<EOL>"
2026-04-21T23:02:59.888+08:00  WARN 20416 --- [inker] [nio-8083-exec-3] c.i.b.s.provider.EastMoneyStockProvider  : Failed to fetch concepts for stock. code=600992, market=SH, message=403 Forbidden: "<h1>Nginx forbidden.</h1> <br/>request info: 240e:b87:1f6:d800:a504:b4a9:1b4d:4897<EOL>"
2026-04-21T23:02:59.937+08:00  WARN 20416 --- [inker] [nio-8083-exec-3] c.i.b.s.provider.EastMoneyStockProvider  : Failed to fetch concepts for stock. code=600993, market=SH, message=403 Forbidden: "<h1>Nginx forbidden.</h1> <br/>request info: 240e:b87:1f6:d800:a504:b4a9:1b4d:4897<EOL>"
2026-04-21T23:02:59.981+08:00  WARN 20416 --- [inker] [nio-8083-exec-3] c.i.b.s.provider.EastMoneyStockProvider  : Failed to fetch concepts for stock. code=600995, market=SH, message=403 Forbidden: "<h1>Nginx forbidden.</h1> <br/>request info: 240e:b87:1f6:d800:a504:b4a9:1b4d:4897<EOL>"
2026-04-21T23:03:00.026+08:00  WARN 20416 --- [inker] [nio-8083-exec-3] c.i.b.s.provider.EastMoneyStockProvider  : Failed to fetch concepts for stock. code=600996, market=SH, message=403 Forbidden: "<h1>Nginx forbidden.</h1> <br/>request info: 240e:b87:1f6:d800:a504:b4a9:1b4d:4897<EOL>"
2026-04-21T23:03:00.071+08:00  WARN 20416 --- [inker] [nio-8083-exec-3] c.i.b.s.provider.EastMoneyStockProvider  : Failed to fetch concepts for stock. code=600997, market=SH, message=403 Forbidden: "<h1>Nginx forbidden.</h1> <br/>request info: 240e:b87:1f6:d800:a504:b4a9:1b4d:4897<EOL>"
2026-04-21T23:03:00.114+08:00  WARN 20416 --- [inker] [nio-8083-exec-3] c.i.b.s.provider.EastMoneyStockProvider  : Failed to fetch concepts for stock. code=600998, market=SH, message=403 Forbidden: "<h1>Nginx forbidden.</h1> <br/>request info: 240e:b87:1f6:d800:a504:b4a9:1b4d:4897<EOL>"
2026-04-21T23:03:00.158+08:00  WARN 20416 --- [inker] [nio-8083-exec-3] c.i.b.s.provider.EastMoneyStockProvider  : Failed to fetch concepts for stock. code=600999, market=SH, message=403 Forbidden: "<h1>Nginx forbidden.</h1> <br/>request info: 240e:b87:1f6:d800:a504:b4a9:1b4d:4897<EOL>"
2026-04-21T23:03:00.229+08:00  WARN 20416 --- [inker] [nio-8083-exec-3] c.i.b.s.provider.EastMoneyStockProvider  : Failed to fetch concepts for stock. code=601000, market=SH, message=403 Forbidden: "<h1>Nginx forbidden.</h1> <br/>request info: 240e:b87:1f6:d800:a504:b4a9:1b4d:4897<EOL>"
2026-04-21T23:03:00.273+08:00  WARN 20416 --- [inker] [nio-8083-exec-3] c.i.b.s.provider.EastMoneyStockProvider  : Failed to fetch concepts for stock. code=601001, market=SH, message=403 Forbidden: "<h1>Nginx forbidden.</h1> <br/>request info: 240e:b87:1f6:d800:a504:b4a9:1b4d:4897<EOL>"
2026-04-21T23:03:00.318+08:00  WARN 20416 --- [inker] [nio-8083-exec-3] c.i.b.s.provider.EastMoneyStockProvider  : Failed to fetch concepts for stock. code=601002, market=SH, message=403 Forbidden: "<h1>Nginx forbidden.</h1> <br/>request info: 240e:b87:1f6:d800:a504:b4a9:1b4d:4897<EOL>"
2026-04-21T23:03:00.363+08:00  WARN 20416 --- [inker] [nio-8083-exec-3] c.i.b.s.provider.EastMoneyStockProvider  : Failed to fetch concepts for stock. code=601003, market=SH, message=403 Forbidden: "<h1>Nginx forbidden.</h1> <br/>request info: 240e:b87:1f6:d800:a504:b4a9:1b4d:4897<EOL>"
2026-04-21T23:03:00.407+08:00  WARN 20416 --- [inker] [nio-8083-exec-3] c.i.b.s.provider.EastMoneyStockProvider  : Failed to fetch concepts for stock. code=601005, market=SH, message=403 Forbidden: "<h1>Nginx forbidden.</h1> <br/>request info: 240e:b87:1f6:d800:a504:b4a9:1b4d:4897<EOL>"
2026-04-21T23:03:00.456+08:00  WARN 20416 --- [inker] [nio-8083-exec-3] c.i.b.s.provider.EastMoneyStockProvider  : Failed to fetch concepts for stock. code=601006, market=SH, message=403 Forbidden: "<h1>Nginx forbidden.</h1> <br/>request info: 240e:b87:1f6:d800:a504:b4a9:1b4d:4897<EOL>"
2026-04-21T23:03:00.500+08:00  WARN 20416 --- [inker] [nio-8083-exec-3] c.i.b.s.provider.EastMoneyStockProvider  : Failed to fetch concepts for stock. code=601007, market=SH, message=403 Forbidden: "<h1>Nginx forbidden.</h1> <br/>request info: 240e:b87:1f6:d800:a504:b4a9:1b4d:4897<EOL>"
2026-04-21T23:03:00.546+08:00  WARN 20416 --- [inker] [nio-8083-exec-3] c.i.b.s.provider.EastMoneyStockProvider  : Failed to fetch concepts for stock. code=601008, market=SH, message=403 Forbidden: "<h1>Nginx forbidden.</h1> <br/>request info: 240e:b87:1f6:d800:a504:b4a9:1b4d:4897<EOL>"
2026-04-21T23:03:00.590+08:00  WARN 20416 --- [inker] [nio-8083-exec-3] c.i.b.s.provider.EastMoneyStockProvider  : Failed to fetch concepts for stock. code=601009, market=SH, message=403 Forbidden: "<h1>Nginx forbidden.</h1> <br/>request info: 240e:b87:1f6:d800:a504:b4a9:1b4d:4897<EOL>"
2026-04-21T23:03:00.633+08:00  WARN 20416 --- [inker] [nio-8083-exec-3] c.i.b.s.provider.EastMoneyStockProvider  : Failed to fetch concepts for stock. code=601010, market=SH, message=403 Forbidden: "<h1>Nginx forbidden.</h1> <br/>request info: 240e:b87:1f6:d800:a504:b4a9:1b4d:4897<EOL>"
2026-04-21T23:03:00.679+08:00  WARN 20416 --- [inker] [nio-8083-exec-3] c.i.b.s.provider.EastMoneyStockProvider  : Failed to fetch concepts for stock. code=601011, market=SH, message=403 Forbidden: "<h1>Nginx forbidden.</h1> <br/>request info: 240e:b87:1f6:d800:a504:b4a9:1b4d:4897<EOL>"
2026-04-21T23:03:00.728+08:00  WARN 20416 --- [inker] [nio-8083-exec-3] c.i.b.s.provider.EastMoneyStockProvider  : Failed to fetch concepts for stock. code=601012, market=SH, message=403 Forbidden: "<h1>Nginx forbidden.</h1> <br/>request info: 240e:b87:1f6:d800:a504:b4a9:1b4d:4897<EOL>"
2026-04-21T23:03:00.778+08:00  WARN 20416 --- [inker] [nio-8083-exec-3] c.i.b.s.provider.EastMoneyStockProvider  : Failed to fetch concepts for stock. code=601015, market=SH, message=403 Forbidden: "<h1>Nginx forbidden.</h1> <br/>request info: 240e:b87:1f6:d800:a504:b4a9:1b4d:4897<EOL>"
2026-04-21T23:03:00.826+08:00  WARN 20416 --- [inker] [nio-8083-exec-3] c.i.b.s.provider.EastMoneyStockProvider  : Failed to fetch concepts for stock. code=601016, market=SH, message=403 Forbidden: "<h1>Nginx forbidden.</h1> <br/>request info: 240e:b87:1f6:d800:a504:b4a9:1b4d:4897<EOL>"
2026-04-21T23:03:00.869+08:00  WARN 20416 --- [inker] [nio-8083-exec-3] c.i.b.s.provider.EastMoneyStockProvider  : Failed to fetch concepts for stock. code=601018, market=SH, message=403 Forbidden: "<h1>Nginx forbidden.</h1> <br/>request info: 240e:b87:1f6:d800:a504:b4a9:1b4d:4897<EOL>"
2026-04-21T23:03:00.914+08:00  WARN 20416 --- [inker] [nio-8083-exec-3] c.i.b.s.provider.EastMoneyStockProvider  : Failed to fetch concepts for stock. code=601019, market=SH, message=403 Forbidden: "<h1>Nginx forbidden.</h1> <br/>request info: 240e:b87:1f6:d800:a504:b4a9:1b4d:4897<EOL>"
2026-04-21T23:03:00.958+08:00  WARN 20416 --- [inker] [nio-8083-exec-3] c.i.b.s.provider.EastMoneyStockProvider  : Failed to fetch concepts for stock. code=601020, market=SH, message=403 Forbidden: "<h1>Nginx forbidden.</h1> <br/>request info: 240e:b87:1f6:d800:a504:b4a9:1b4d:4897<EOL>"
2026-04-21T23:03:01.001+08:00  WARN 20416 --- [inker] [nio-8083-exec-3] c.i.b.s.provider.EastMoneyStockProvider  : Failed to fetch concepts for stock. code=601021, market=SH, message=403 Forbidden: "<h1>Nginx forbidden.</h1> <br/>request info: 240e:b87:1f6:d800:a504:b4a9:1b4d:4897<EOL>"
2026-04-21T23:03:01.047+08:00  WARN 20416 --- [inker] [nio-8083-exec-3] c.i.b.s.provider.EastMoneyStockProvider  : Failed to fetch concepts for stock. code=601022, market=SH, message=403 Forbidden: "<h1>Nginx forbidden.</h1> <br/>request info: 240e:b87:1f6:d800:a504:b4a9:1b4d:4897<EOL>"
2026-04-21T23:03:01.091+08:00  WARN 20416 --- [inker] [nio-8083-exec-3] c.i.b.s.provider.EastMoneyStockProvider  : Failed to fetch concepts for stock. code=601026, market=SH, message=403 Forbidden: "<h1>Nginx forbidden.</h1> <br/>request info: 240e:b87:1f6:d800:a504:b4a9:1b4d:4897<EOL>"
2026-04-21T23:03:01.134+08:00  WARN 20416 --- [inker] [nio-8083-exec-3] c.i.b.s.provider.EastMoneyStockProvider  : Failed to fetch concepts for stock. code=601033, market=SH, message=403 Forbidden: "<h1>Nginx forbidden.</h1> <br/>request info: 240e:b87:1f6:d800:a504:b4a9:1b4d:4897<EOL>"
2026-04-21T23:03:01.187+08:00  WARN 20416 --- [inker] [nio-8083-exec-3] c.i.b.s.provider.EastMoneyStockProvider  : Failed to fetch concepts for stock. code=601038, market=SH, message=403 Forbidden: "<h1>Nginx forbidden.</h1> <br/>request info: 240e:b87:1f6:d800:a504:b4a9:1b4d:4897<EOL>"
2026-04-21T23:03:01.234+08:00  WARN 20416 --- [inker] [nio-8083-exec-3] c.i.b.s.provider.EastMoneyStockProvider  : Failed to fetch concepts for stock. code=601058, market=SH, message=403 Forbidden: "<h1>Nginx forbidden.</h1> <br/>request info: 240e:b87:1f6:d800:a504:b4a9:1b4d:4897<EOL>"
2026-04-21T23:03:01.280+08:00  WARN 20416 --- [inker] [nio-8083-exec-3] c.i.b.s.provider.EastMoneyStockProvider  : Failed to fetch concepts for stock. code=601059, market=SH, message=403 Forbidden: "<h1>Nginx forbidden.</h1> <br/>request info: 240e:b87:1f6:d800:a504:b4a9:1b4d:4897<EOL>"
2026-04-21T23:03:01.325+08:00  WARN 20416 --- [inker] [nio-8083-exec-3] c.i.b.s.provider.EastMoneyStockProvider  : Failed to fetch concepts for stock. code=601061, market=SH, message=403 Forbidden: "<h1>Nginx forbidden.</h1> <br/>request info: 240e:b87:1f6:d800:a504:b4a9:1b4d:4897<EOL>"
2026-04-21T23:03:01.371+08:00  WARN 20416 --- [inker] [nio-8083-exec-3] c.i.b.s.provider.EastMoneyStockProvider  : Failed to fetch concepts for stock. code=601065, market=SH, message=403 Forbidden: "<h1>Nginx forbidden.</h1> <br/>request info: 240e:b87:1f6:d800:a504:b4a9:1b4d:4897<EOL>"
2026-04-21T23:03:01.421+08:00  WARN 20416 --- [inker] [nio-8083-exec-3] c.i.b.s.provider.EastMoneyStockProvider  : Failed to fetch concepts for stock. code=601066, market=SH, message=403 Forbidden: "<h1>Nginx forbidden.</h1> <br/>request info: 240e:b87:1f6:d800:a504:b4a9:1b4d:4897<EOL>"
2026-04-21T23:03:01.464+08:00  WARN 20416 --- [inker] [nio-8083-exec-3] c.i.b.s.provider.EastMoneyStockProvider  : Failed to fetch concepts for stock. code=601068, market=SH, message=403 Forbidden: "<h1>Nginx forbidden.</h1> <br/>request info: 240e:b87:1f6:d800:a504:b4a9:1b4d:4897<EOL>"
2026-04-21T23:03:01.529+08:00  WARN 20416 --- [inker] [nio-8083-exec-3] c.i.b.s.provider.EastMoneyStockProvider  : Failed to fetch concepts for stock. code=601069, market=SH, message=403 Forbidden: "<h1>Nginx forbidden.</h1> <br/>request info: 240e:b87:1f6:d800:a504:b4a9:1b4d:4897<EOL>"
2026-04-21T23:03:01.574+08:00  WARN 20416 --- [inker] [nio-8083-exec-3] c.i.b.s.provider.EastMoneyStockProvider  : Failed to fetch concepts for stock. code=601077, market=SH, message=403 Forbidden: "<h1>Nginx forbidden.</h1> <br/>request info: 240e:b87:1f6:d800:a504:b4a9:1b4d:4897<EOL>"
2026-04-21T23:03:01.618+08:00  WARN 20416 --- [inker] [nio-8083-exec-3] c.i.b.s.provider.EastMoneyStockProvider  : Failed to fetch concepts for stock. code=601083, market=SH, message=403 Forbidden: "<h1>Nginx forbidden.</h1> <br/>request info: 240e:b87:1f6:d800:a504:b4a9:1b4d:4897<EOL>"
2026-04-21T23:03:01.663+08:00  WARN 20416 --- [inker] [nio-8083-exec-3] c.i.b.s.provider.EastMoneyStockProvider  : Failed to fetch concepts for stock. code=601086, market=SH, message=403 Forbidden: "<h1>Nginx forbidden.</h1> <br/>request info: 240e:b87:1f6:d800:a504:b4a9:1b4d:4897<EOL>"
2026-04-21T23:03:01.705+08:00  WARN 20416 --- [inker] [nio-8083-exec-3] c.i.b.s.provider.EastMoneyStockProvider  : Failed to fetch concepts for stock. code=601088, market=SH, message=403 Forbidden: "<h1>Nginx forbidden.</h1> <br/>request info: 240e:b87:1f6:d800:a504:b4a9:1b4d:4897<EOL>"
2026-04-21T23:03:01.751+08:00  WARN 20416 --- [inker] [nio-8083-exec-3] c.i.b.s.provider.EastMoneyStockProvider  : Failed to fetch concepts for stock. code=601089, market=SH, message=403 Forbidden: "<h1>Nginx forbidden.</h1> <br/>request info: 240e:b87:1f6:d800:a504:b4a9:1b4d:4897<EOL>"
2026-04-21T23:03:01.794+08:00  WARN 20416 --- [inker] [nio-8083-exec-3] c.i.b.s.provider.EastMoneyStockProvider  : Failed to fetch concepts for stock. code=601096, market=SH, message=403 Forbidden: "<h1>Nginx forbidden.</h1> <br/>request info: 240e:b87:1f6:d800:a504:b4a9:1b4d:4897<EOL>"
2026-04-21T23:03:01.839+08:00  WARN 20416 --- [inker] [nio-8083-exec-3] c.i.b.s.provider.EastMoneyStockProvider  : Failed to fetch concepts for stock. code=601098, market=SH, message=403 Forbidden: "<h1>Nginx forbidden.</h1> <br/>request info: 240e:b87:1f6:d800:a504:b4a9:1b4d:4897<EOL>"
2026-04-21T23:03:01.882+08:00  WARN 20416 --- [inker] [nio-8083-exec-3] c.i.b.s.provider.EastMoneyStockProvider  : Failed to fetch concepts for stock. code=601099, market=SH, message=403 Forbidden: "<h1>Nginx forbidden.</h1> <br/>request info: 240e:b87:1f6:d800:a504:b4a9:1b4d:4897<EOL>"
2026-04-21T23:03:01.931+08:00  WARN 20416 --- [inker] [nio-8083-exec-3] c.i.b.s.provider.EastMoneyStockProvider  : Failed to fetch concepts for stock. code=601100, market=SH, message=403 Forbidden: "<h1>Nginx forbidden.</h1> <br/>request info: 240e:b87:1f6:d800:a504:b4a9:1b4d:4897<EOL>"
2026-04-21T23:03:01.975+08:00  WARN 20416 --- [inker] [nio-8083-exec-3] c.i.b.s.provider.EastMoneyStockProvider  : Failed to fetch concepts for stock. code=601101, market=SH, message=403 Forbidden: "<h1>Nginx forbidden.</h1> <br/>request info: 240e:b87:1f6:d800:a504:b4a9:1b4d:4897<EOL>"
2026-04-21T23:03:02.023+08:00  WARN 20416 --- [inker] [nio-8083-exec-3] c.i.b.s.provider.EastMoneyStockProvider  : Failed to fetch concepts for stock. code=601106, market=SH, message=403 Forbidden: "<h1>Nginx forbidden.</h1> <br/>request info: 240e:b87:1f6:d800:a504:b4a9:1b4d:4897<EOL>"
2026-04-21T23:03:02.071+08:00  WARN 20416 --- [inker] [nio-8083-exec-3] c.i.b.s.provider.EastMoneyStockProvider  : Failed to fetch concepts for stock. code=601107, market=SH, message=403 Forbidden: "<h1>Nginx forbidden.</h1> <br/>request info: 240e:b87:1f6:d800:a504:b4a9:1b4d:4897<EOL>"
2026-04-21T23:03:02.120+08:00  WARN 20416 --- [inker] [nio-8083-exec-3] c.i.b.s.provider.EastMoneyStockProvider  : Failed to fetch concepts for stock. code=601108, market=SH, message=403 Forbidden: "<h1>Nginx forbidden.</h1> <br/>request info: 240e:b87:1f6:d800:a504:b4a9:1b4d:4897<EOL>"
2026-04-21T23:03:02.171+08:00  WARN 20416 --- [inker] [nio-8083-exec-3] c.i.b.s.provider.EastMoneyStockProvider  : Failed to fetch concepts for stock. code=601111, market=SH, message=403 Forbidden: "<h1>Nginx forbidden.</h1> <br/>request info: 240e:b87:1f6:d800:a504:b4a9:1b4d:4897<EOL>"
2026-04-21T23:03:02.222+08:00  WARN 20416 --- [inker] [nio-8083-exec-3] c.i.b.s.provider.EastMoneyStockProvider  : Failed to fetch concepts for stock. code=601112, market=SH, message=403 Forbidden: "<h1>Nginx forbidden.</h1> <br/>request info: 240e:b87:1f6:d800:a504:b4a9:1b4d:4897<EOL>"
2026-04-21T23:03:02.268+08:00  WARN 20416 --- [inker] [nio-8083-exec-3] c.i.b.s.provider.EastMoneyStockProvider  : Failed to fetch concepts for stock. code=601113, market=SH, message=403 Forbidden: "<h1>Nginx forbidden.</h1> <br/>request info: 240e:b87:1f6:d800:a504:b4a9:1b4d:4897<EOL>"
2026-04-21T23:03:02.314+08:00  WARN 20416 --- [inker] [nio-8083-exec-3] c.i.b.s.provider.EastMoneyStockProvider  : Failed to fetch concepts for stock. code=601116, market=SH, message=403 Forbidden: "<h1>Nginx forbidden.</h1> <br/>request info: 240e:b87:1f6:d800:a504:b4a9:1b4d:4897<EOL>"
2026-04-21T23:03:02.365+08:00  WARN 20416 --- [inker] [nio-8083-exec-3] c.i.b.s.provider.EastMoneyStockProvider  : Failed to fetch concepts for stock. code=601117, market=SH, message=403 Forbidden: "<h1>Nginx forbidden.</h1> <br/>request info: 240e:b87:1f6:d800:a504:b4a9:1b4d:4897<EOL>"
2026-04-21T23:03:02.410+08:00  WARN 20416 --- [inker] [nio-8083-exec-3] c.i.b.s.provider.EastMoneyStockProvider  : Failed to fetch concepts for stock. code=601118, market=SH, message=403 Forbidden: "<h1>Nginx forbidden.</h1> <br/>request info: 240e:b87:1f6:d800:a504:b4a9:1b4d:4897<EOL>"
2026-04-21T23:03:02.456+08:00  WARN 20416 --- [inker] [nio-8083-exec-3] c.i.b.s.provider.EastMoneyStockProvider  : Failed to fetch concepts for stock. code=601121, market=SH, message=403 Forbidden: "<h1>Nginx forbidden.</h1> <br/>request info: 240e:b87:1f6:d800:a504:b4a9:1b4d:4897<EOL>"
2026-04-21T23:03:02.501+08:00  WARN 20416 --- [inker] [nio-8083-exec-3] c.i.b.s.provider.EastMoneyStockProvider  : Failed to fetch concepts for stock. code=601126, market=SH, message=403 Forbidden: "<h1>Nginx forbidden.</h1> <br/>request info: 240e:b87:1f6:d800:a504:b4a9:1b4d:4897<EOL>"
2026-04-21T23:03:02.545+08:00  WARN 20416 --- [inker] [nio-8083-exec-3] c.i.b.s.provider.EastMoneyStockProvider  : Failed to fetch concepts for stock. code=601127, market=SH, message=403 Forbidden: "<h1>Nginx forbidden.</h1> <br/>request info: 240e:b87:1f6:d800:a504:b4a9:1b4d:4897<EOL>"
2026-04-21T23:03:02.590+08:00  WARN 20416 --- [inker] [nio-8083-exec-3] c.i.b.s.provider.EastMoneyStockProvider  : Failed to fetch concepts for stock. code=601128, market=SH, message=403 Forbidden: "<h1>Nginx forbidden.</h1> <br/>request info: 240e:b87:1f6:d800:a504:b4a9:1b4d:4897<EOL>"
2026-04-21T23:03:02.636+08:00  WARN 20416 --- [inker] [nio-8083-exec-3] c.i.b.s.provider.EastMoneyStockProvider  : Failed to fetch concepts for stock. code=601133, market=SH, message=403 Forbidden: "<h1>Nginx forbidden.</h1> <br/>request info: 240e:b87:1f6:d800:a504:b4a9:1b4d:4897<EOL>"
2026-04-21T23:03:02.687+08:00  WARN 20416 --- [inker] [nio-8083-exec-3] c.i.b.s.provider.EastMoneyStockProvider  : Failed to fetch concepts for stock. code=601136, market=SH, message=403 Forbidden: "<h1>Nginx forbidden.</h1> <br/>request info: 240e:b87:1f6:d800:a504:b4a9:1b4d:4897<EOL>"
2026-04-21T23:03:02.739+08:00  WARN 20416 --- [inker] [nio-8083-exec-3] c.i.b.s.provider.EastMoneyStockProvider  : Failed to fetch concepts for stock. code=601137, market=SH, message=403 Forbidden: "<h1>Nginx forbidden.</h1> <br/>request info: 240e:b87:1f6:d800:a504:b4a9:1b4d:4897<EOL>"
2026-04-21T23:03:02.784+08:00  WARN 20416 --- [inker] [nio-8083-exec-3] c.i.b.s.provider.EastMoneyStockProvider  : Failed to fetch concepts for stock. code=601138, market=SH, message=403 Forbidden: "<h1>Nginx forbidden.</h1> <br/>request info: 240e:b87:1f6:d800:a504:b4a9:1b4d:4897<EOL>"
2026-04-21T23:03:02.830+08:00  WARN 20416 --- [inker] [nio-8083-exec-3] c.i.b.s.provider.EastMoneyStockProvider  : Failed to fetch concepts for stock. code=601139, market=SH, message=403 Forbidden: "<h1>Nginx forbidden.</h1> <br/>request info: 240e:b87:1f6:d800:a504:b4a9:1b4d:4897<EOL>"
2026-04-21T23:03:02.877+08:00  WARN 20416 --- [inker] [nio-8083-exec-3] c.i.b.s.provider.EastMoneyStockProvider  : Failed to fetch concepts for stock. code=601155, market=SH, message=403 Forbidden: "<h1>Nginx forbidden.</h1> <br/>request info: 240e:b87:1f6:d800:a504:b4a9:1b4d:4897<EOL>"
2026-04-21T23:03:02.923+08:00  WARN 20416 --- [inker] [nio-8083-exec-3] c.i.b.s.provider.EastMoneyStockProvider  : Failed to fetch concepts for stock. code=601156, market=SH, message=403 Forbidden: "<h1>Nginx forbidden.</h1> <br/>request info: 240e:b87:1f6:d800:a504:b4a9:1b4d:4897<EOL>"
2026-04-21T23:03:02.969+08:00  WARN 20416 --- [inker] [nio-8083-exec-3] c.i.b.s.provider.EastMoneyStockProvider  : Failed to fetch concepts for stock. code=601158, market=SH, message=403 Forbidden: "<h1>Nginx forbidden.</h1> <br/>request info: 240e:b87:1f6:d800:a504:b4a9:1b4d:4897<EOL>"
2026-04-21T23:03:03.014+08:00  WARN 20416 --- [inker] [nio-8083-exec-3] c.i.b.s.provider.EastMoneyStockProvider  : Failed to fetch concepts for stock. code=601162, market=SH, message=403 Forbidden: "<h1>Nginx forbidden.</h1> <br/>request info: 240e:b87:1f6:d800:a504:b4a9:1b4d:4897<EOL>"
2026-04-21T23:03:03.066+08:00  WARN 20416 --- [inker] [nio-8083-exec-3] c.i.b.s.provider.EastMoneyStockProvider  : Failed to fetch concepts for stock. code=601163, market=SH, message=403 Forbidden: "<h1>Nginx forbidden.</h1> <br/>request info: 240e:b87:1f6:d800:a504:b4a9:1b4d:4897<EOL>"
2026-04-21T23:03:03.110+08:00  WARN 20416 --- [inker] [nio-8083-exec-3] c.i.b.s.provider.EastMoneyStockProvider  : Failed to fetch concepts for stock. code=601166, market=SH, message=403 Forbidden: "<h1>Nginx forbidden.</h1> <br/>request info: 240e:b87:1f6:d800:a504:b4a9:1b4d:4897<EOL>"
2026-04-21T23:03:03.161+08:00  WARN 20416 --- [inker] [nio-8083-exec-3] c.i.b.s.provider.EastMoneyStockProvider  : Failed to fetch concepts for stock. code=601168, market=SH, message=403 Forbidden: "<h1>Nginx forbidden.</h1> <br/>request info: 240e:b87:1f6:d800:a504:b4a9:1b4d:4897<EOL>"
2026-04-21T23:03:03.207+08:00  WARN 20416 --- [inker] [nio-8083-exec-3] c.i.b.s.provider.EastMoneyStockProvider  : Failed to fetch concepts for stock. code=601169, market=SH, message=403 Forbidden: "<h1>Nginx forbidden.</h1> <br/>request info: 240e:b87:1f6:d800:a504:b4a9:1b4d:4897<EOL>"
2026-04-21T23:03:03.253+08:00  WARN 20416 --- [inker] [nio-8083-exec-3] c.i.b.s.provider.EastMoneyStockProvider  : Failed to fetch concepts for stock. code=601177, market=SH, message=403 Forbidden: "<h1>Nginx forbidden.</h1> <br/>request info: 240e:b87:1f6:d800:a504:b4a9:1b4d:4897<EOL>"
2026-04-21T23:03:03.300+08:00  WARN 20416 --- [inker] [nio-8083-exec-3] c.i.b.s.provider.EastMoneyStockProvider  : Failed to fetch concepts for stock. code=601179, market=SH, message=403 Forbidden: "<h1>Nginx forbidden.</h1> <br/>request info: 240e:b87:1f6:d800:a504:b4a9:1b4d:4897<EOL>"
2026-04-21T23:03:03.345+08:00  WARN 20416 --- [inker] [nio-8083-exec-3] c.i.b.s.provider.EastMoneyStockProvider  : Failed to fetch concepts for stock. code=601186, market=SH, message=403 Forbidden: "<h1>Nginx forbidden.</h1> <br/>request info: 240e:b87:1f6:d800:a504:b4a9:1b4d:4897<EOL>"
2026-04-21T23:03:03.390+08:00  WARN 20416 --- [inker] [nio-8083-exec-3] c.i.b.s.provider.EastMoneyStockProvider  : Failed to fetch concepts for stock. code=601187, market=SH, message=403 Forbidden: "<h1>Nginx forbidden.</h1> <br/>request info: 240e:b87:1f6:d800:a504:b4a9:1b4d:4897<EOL>"
2026-04-21T23:03:03.436+08:00  WARN 20416 --- [inker] [nio-8083-exec-3] c.i.b.s.provider.EastMoneyStockProvider  : Failed to fetch concepts for stock. code=601188, market=SH, message=403 Forbidden: "<h1>Nginx forbidden.</h1> <br/>request info: 240e:b87:1f6:d800:a504:b4a9:1b4d:4897<EOL>"
2026-04-21T23:03:03.480+08:00  WARN 20416 --- [inker] [nio-8083-exec-3] c.i.b.s.provider.EastMoneyStockProvider  : Failed to fetch concepts for stock. code=601198, market=SH, message=403 Forbidden: "<h1>Nginx forbidden.</h1> <br/>request info: 240e:b87:1f6:d800:a504:b4a9:1b4d:4897<EOL>"
2026-04-21T23:03:03.523+08:00  WARN 20416 --- [inker] [nio-8083-exec-3] c.i.b.s.provider.EastMoneyStockProvider  : Failed to fetch concepts for stock. code=601199, market=SH, message=403 Forbidden: "<h1>Nginx forbidden.</h1> <br/>request info: 240e:b87:1f6:d800:a504:b4a9:1b4d:4897<EOL>"
2026-04-21T23:03:03.569+08:00  WARN 20416 --- [inker] [nio-8083-exec-3] c.i.b.s.provider.EastMoneyStockProvider  : Failed to fetch concepts for stock. code=601200, market=SH, message=403 Forbidden: "<h1>Nginx forbidden.</h1> <br/>request info: 240e:b87:1f6:d800:a504:b4a9:1b4d:4897<EOL>"
2026-04-21T23:03:03.620+08:00  WARN 20416 --- [inker] [nio-8083-exec-3] c.i.b.s.provider.EastMoneyStockProvider  : Failed to fetch concepts for stock. code=601208, market=SH, message=403 Forbidden: "<h1>Nginx forbidden.</h1> <br/>request info: 240e:b87:1f6:d800:a504:b4a9:1b4d:4897<EOL>"
2026-04-21T23:03:03.669+08:00  WARN 20416 --- [inker] [nio-8083-exec-3] c.i.b.s.provider.EastMoneyStockProvider  : Failed to fetch concepts for stock. code=601211, market=SH, message=403 Forbidden: "<h1>Nginx forbidden.</h1> <br/>request info: 240e:b87:1f6:d800:a504:b4a9:1b4d:4897<EOL>"
2026-04-21T23:03:03.714+08:00  WARN 20416 --- [inker] [nio-8083-exec-3] c.i.b.s.provider.EastMoneyStockProvider  : Failed to fetch concepts for stock. code=601212, market=SH, message=403 Forbidden: "<h1>Nginx forbidden.</h1> <br/>request info: 240e:b87:1f6:d800:a504:b4a9:1b4d:4897<EOL>"
2026-04-21T23:03:03.758+08:00  WARN 20416 --- [inker] [nio-8083-exec-3] c.i.b.s.provider.EastMoneyStockProvider  : Failed to fetch concepts for stock. code=601216, market=SH, message=403 Forbidden: "<h1>Nginx forbidden.</h1> <br/>request info: 240e:b87:1f6:d800:a504:b4a9:1b4d:4897<EOL>"
2026-04-21T23:03:03.807+08:00  WARN 20416 --- [inker] [nio-8083-exec-3] c.i.b.s.provider.EastMoneyStockProvider  : Failed to fetch concepts for stock. code=601218, market=SH, message=403 Forbidden: "<h1>Nginx forbidden.</h1> <br/>request info: 240e:b87:1f6:d800:a504:b4a9:1b4d:4897<EOL>"
2026-04-21T23:03:03.856+08:00  WARN 20416 --- [inker] [nio-8083-exec-3] c.i.b.s.provider.EastMoneyStockProvider  : Failed to fetch concepts for stock. code=601222, market=SH, message=403 Forbidden: "<h1>Nginx forbidden.</h1> <br/>request info: 240e:b87:1f6:d800:a504:b4a9:1b4d:4897<EOL>"
2026-04-21T23:03:03.899+08:00  WARN 20416 --- [inker] [nio-8083-exec-3] c.i.b.s.provider.EastMoneyStockProvider  : Failed to fetch concepts for stock. code=601225, market=SH, message=403 Forbidden: "<h1>Nginx forbidden.</h1> <br/>request info: 240e:b87:1f6:d800:a504:b4a9:1b4d:4897<EOL>"
2026-04-21T23:03:03.948+08:00  WARN 20416 --- [inker] [nio-8083-exec-3] c.i.b.s.provider.EastMoneyStockProvider  : Failed to fetch concepts for stock. code=601226, market=SH, message=403 Forbidden: "<h1>Nginx forbidden.</h1> <br/>request info: 240e:b87:1f6:d800:a504:b4a9:1b4d:4897<EOL>"
2026-04-21T23:03:03.993+08:00  WARN 20416 --- [inker] [nio-8083-exec-3] c.i.b.s.provider.EastMoneyStockProvider  : Failed to fetch concepts for stock. code=601228, market=SH, message=403 Forbidden: "<h1>Nginx forbidden.</h1> <br/>request info: 240e:b87:1f6:d800:a504:b4a9:1b4d:4897<EOL>"
2026-04-21T23:03:04.037+08:00  WARN 20416 --- [inker] [nio-8083-exec-3] c.i.b.s.provider.EastMoneyStockProvider  : Failed to fetch concepts for stock. code=601229, market=SH, message=403 Forbidden: "<h1>Nginx forbidden.</h1> <br/>request info: 240e:b87:1f6:d800:a504:b4a9:1b4d:4897<EOL>"
2026-04-21T23:03:04.085+08:00  WARN 20416 --- [inker] [nio-8083-exec-3] c.i.b.s.provider.EastMoneyStockProvider  : Failed to fetch concepts for stock. code=601231, market=SH, message=403 Forbidden: "<h1>Nginx forbidden.</h1> <br/>request info: 240e:b87:1f6:d800:a504:b4a9:1b4d:4897<EOL>"
2026-04-21T23:03:04.130+08:00  WARN 20416 --- [inker] [nio-8083-exec-3] c.i.b.s.provider.EastMoneyStockProvider  : Failed to fetch concepts for stock. code=601233, market=SH, message=403 Forbidden: "<h1>Nginx forbidden.</h1> <br/>request info: 240e:b87:1f6:d800:a504:b4a9:1b4d:4897<EOL>"
2026-04-21T23:03:04.178+08:00  WARN 20416 --- [inker] [nio-8083-exec-3] c.i.b.s.provider.EastMoneyStockProvider  : Failed to fetch concepts for stock. code=601236, market=SH, message=403 Forbidden: "<h1>Nginx forbidden.</h1> <br/>request info: 240e:b87:1f6:d800:a504:b4a9:1b4d:4897<EOL>"
2026-04-21T23:03:04.222+08:00  WARN 20416 --- [inker] [nio-8083-exec-3] c.i.b.s.provider.EastMoneyStockProvider  : Failed to fetch concepts for stock. code=601238, market=SH, message=403 Forbidden: "<h1>Nginx forbidden.</h1> <br/>request info: 240e:b87:1f6:d800:a504:b4a9:1b4d:4897<EOL>"
2026-04-21T23:03:04.265+08:00  WARN 20416 --- [inker] [nio-8083-exec-3] c.i.b.s.provider.EastMoneyStockProvider  : Failed to fetch concepts for stock. code=601279, market=SH, message=403 Forbidden: "<h1>Nginx forbidden.</h1> <br/>request info: 240e:b87:1f6:d800:a504:b4a9:1b4d:4897<EOL>"
2026-04-21T23:03:04.315+08:00  WARN 20416 --- [inker] [nio-8083-exec-3] c.i.b.s.provider.EastMoneyStockProvider  : Failed to fetch concepts for stock. code=601288, market=SH, message=403 Forbidden: "<h1>Nginx forbidden.</h1> <br/>request info: 240e:b87:1f6:d800:a504:b4a9:1b4d:4897<EOL>"
2026-04-21T23:03:04.359+08:00  WARN 20416 --- [inker] [nio-8083-exec-3] c.i.b.s.provider.EastMoneyStockProvider  : Failed to fetch concepts for stock. code=601298, market=SH, message=403 Forbidden: "<h1>Nginx forbidden.</h1> <br/>request info: 240e:b87:1f6:d800:a504:b4a9:1b4d:4897<EOL>"
2026-04-21T23:03:04.408+08:00  WARN 20416 --- [inker] [nio-8083-exec-3] c.i.b.s.provider.EastMoneyStockProvider  : Failed to fetch concepts for stock. code=601311, market=SH, message=403 Forbidden: "<h1>Nginx forbidden.</h1> <br/>request info: 240e:b87:1f6:d800:a504:b4a9:1b4d:4897<EOL>"
2026-04-21T23:03:04.456+08:00  WARN 20416 --- [inker] [nio-8083-exec-3] c.i.b.s.provider.EastMoneyStockProvider  : Failed to fetch concepts for stock. code=601318, market=SH, message=403 Forbidden: "<h1>Nginx forbidden.</h1> <br/>request info: 240e:b87:1f6:d800:a504:b4a9:1b4d:4897<EOL>"
2026-04-21T23:03:04.500+08:00  WARN 20416 --- [inker] [nio-8083-exec-3] c.i.b.s.provider.EastMoneyStockProvider  : Failed to fetch concepts for stock. code=601319, market=SH, message=403 Forbidden: "<h1>Nginx forbidden.</h1> <br/>request info: 240e:b87:1f6:d800:a504:b4a9:1b4d:4897<EOL>"
2026-04-21T23:03:04.545+08:00  WARN 20416 --- [inker] [nio-8083-exec-3] c.i.b.s.provider.EastMoneyStockProvider  : Failed to fetch concepts for stock. code=601326, market=SH, message=403 Forbidden: "<h1>Nginx forbidden.</h1> <br/>request info: 240e:b87:1f6:d800:a504:b4a9:1b4d:4897<EOL>"
2026-04-21T23:03:04.593+08:00  WARN 20416 --- [inker] [nio-8083-exec-3] c.i.b.s.provider.EastMoneyStockProvider  : Failed to fetch concepts for stock. code=601328, market=SH, message=403 Forbidden: "<h1>Nginx forbidden.</h1> <br/>request info: 240e:b87:1f6:d800:a504:b4a9:1b4d:4897<EOL>"
2026-04-21T23:03:04.640+08:00  WARN 20416 --- [inker] [nio-8083-exec-3] c.i.b.s.provider.EastMoneyStockProvider  : Failed to fetch concepts for stock. code=601330, market=SH, message=403 Forbidden: "<h1>Nginx forbidden.</h1> <br/>request info: 240e:b87:1f6:d800:a504:b4a9:1b4d:4897<EOL>"
2026-04-21T23:03:04.689+08:00  WARN 20416 --- [inker] [nio-8083-exec-3] c.i.b.s.provider.EastMoneyStockProvider  : Failed to fetch concepts for stock. code=601333, market=SH, message=403 Forbidden: "<h1>Nginx forbidden.</h1> <br/>request info: 240e:b87:1f6:d800:a504:b4a9:1b4d:4897<EOL>"
2026-04-21T23:03:04.734+08:00  WARN 20416 --- [inker] [nio-8083-exec-3] c.i.b.s.provider.EastMoneyStockProvider  : Failed to fetch concepts for stock. code=601336, market=SH, message=403 Forbidden: "<h1>Nginx forbidden.</h1> <br/>request info: 240e:b87:1f6:d800:a504:b4a9:1b4d:4897<EOL>"
2026-04-21T23:03:04.784+08:00  WARN 20416 --- [inker] [nio-8083-exec-3] c.i.b.s.provider.EastMoneyStockProvider  : Failed to fetch concepts for stock. code=601339, market=SH, message=403 Forbidden: "<h1>Nginx forbidden.</h1> <br/>request info: 240e:b87:1f6:d800:a504:b4a9:1b4d:4897<EOL>"
2026-04-21T23:03:04.850+08:00  WARN 20416 --- [inker] [nio-8083-exec-3] c.i.b.s.provider.EastMoneyStockProvider  : Failed to fetch concepts for stock. code=601360, market=SH, message=403 Forbidden: "<h1>Nginx forbidden.</h1> <br/>request info: 240e:b87:1f6:d800:a504:b4a9:1b4d:4897<EOL>"
2026-04-21T23:03:04.893+08:00  WARN 20416 --- [inker] [nio-8083-exec-3] c.i.b.s.provider.EastMoneyStockProvider  : Failed to fetch concepts for stock. code=601366, market=SH, message=403 Forbidden: "<h1>Nginx forbidden.</h1> <br/>request info: 240e:b87:1f6:d800:a504:b4a9:1b4d:4897<EOL>"
2026-04-21T23:03:04.938+08:00  WARN 20416 --- [inker] [nio-8083-exec-3] c.i.b.s.provider.EastMoneyStockProvider  : Failed to fetch concepts for stock. code=601368, market=SH, message=403 Forbidden: "<h1>Nginx forbidden.</h1> <br/>request info: 240e:b87:1f6:d800:a504:b4a9:1b4d:4897<EOL>"
2026-04-21T23:03:04.983+08:00  WARN 20416 --- [inker] [nio-8083-exec-3] c.i.b.s.provider.EastMoneyStockProvider  : Failed to fetch concepts for stock. code=601369, market=SH, message=403 Forbidden: "<h1>Nginx forbidden.</h1> <br/>request info: 240e:b87:1f6:d800:a504:b4a9:1b4d:4897<EOL>"
2026-04-21T23:03:05.033+08:00  WARN 20416 --- [inker] [nio-8083-exec-3] c.i.b.s.provider.EastMoneyStockProvider  : Failed to fetch concepts for stock. code=601375, market=SH, message=403 Forbidden: "<h1>Nginx forbidden.</h1> <br/>request info: 240e:b87:1f6:d800:a504:b4a9:1b4d:4897<EOL>"
2026-04-21T23:03:05.082+08:00  WARN 20416 --- [inker] [nio-8083-exec-3] c.i.b.s.provider.EastMoneyStockProvider  : Failed to fetch concepts for stock. code=601377, market=SH, message=403 Forbidden: "<h1>Nginx forbidden.</h1> <br/>request info: 240e:b87:1f6:d800:a504:b4a9:1b4d:4897<EOL>"
2026-04-21T23:03:05.125+08:00  WARN 20416 --- [inker] [nio-8083-exec-3] c.i.b.s.provider.EastMoneyStockProvider  : Failed to fetch concepts for stock. code=601388, market=SH, message=403 Forbidden: "<h1>Nginx forbidden.</h1> <br/>request info: 240e:b87:1f6:d800:a504:b4a9:1b4d:4897<EOL>"
2026-04-21T23:03:05.168+08:00  WARN 20416 --- [inker] [nio-8083-exec-3] c.i.b.s.provider.EastMoneyStockProvider  : Failed to fetch concepts for stock. code=601390, market=SH, message=403 Forbidden: "<h1>Nginx forbidden.</h1> <br/>request info: 240e:b87:1f6:d800:a504:b4a9:1b4d:4897<EOL>"
2026-04-21T23:03:05.214+08:00  WARN 20416 --- [inker] [nio-8083-exec-3] c.i.b.s.provider.EastMoneyStockProvider  : Failed to fetch concepts for stock. code=601398, market=SH, message=403 Forbidden: "<h1>Nginx forbidden.</h1> <br/>request info: 240e:b87:1f6:d800:a504:b4a9:1b4d:4897<EOL>"
2026-04-21T23:03:05.258+08:00  WARN 20416 --- [inker] [nio-8083-exec-3] c.i.b.s.provider.EastMoneyStockProvider  : Failed to fetch concepts for stock. code=601399, market=SH, message=403 Forbidden: "<h1>Nginx forbidden.</h1> <br/>request info: 240e:b87:1f6:d800:a504:b4a9:1b4d:4897<EOL>"
2026-04-21T23:03:05.304+08:00  WARN 20416 --- [inker] [nio-8083-exec-3] c.i.b.s.provider.EastMoneyStockProvider  : Failed to fetch concepts for stock. code=601456, market=SH, message=403 Forbidden: "<h1>Nginx forbidden.</h1> <br/>request info: 240e:b87:1f6:d800:a504:b4a9:1b4d:4897<EOL>"
2026-04-21T23:03:05.348+08:00  WARN 20416 --- [inker] [nio-8083-exec-3] c.i.b.s.provider.EastMoneyStockProvider  : Failed to fetch concepts for stock. code=601500, market=SH, message=403 Forbidden: "<h1>Nginx forbidden.</h1> <br/>request info: 240e:b87:1f6:d800:a504:b4a9:1b4d:4897<EOL>"
2026-04-21T23:03:05.392+08:00  WARN 20416 --- [inker] [nio-8083-exec-3] c.i.b.s.provider.EastMoneyStockProvider  : Failed to fetch concepts for stock. code=601512, market=SH, message=403 Forbidden: "<h1>Nginx forbidden.</h1> <br/>request info: 240e:b87:1f6:d800:a504:b4a9:1b4d:4897<EOL>"
2026-04-21T23:03:05.442+08:00  WARN 20416 --- [inker] [nio-8083-exec-3] c.i.b.s.provider.EastMoneyStockProvider  : Failed to fetch concepts for stock. code=601515, market=SH, message=403 Forbidden: "<h1>Nginx forbidden.</h1> <br/>request info: 240e:b87:1f6:d800:a504:b4a9:1b4d:4897<EOL>"
2026-04-21T23:03:05.487+08:00  WARN 20416 --- [inker] [nio-8083-exec-3] c.i.b.s.provider.EastMoneyStockProvider  : Failed to fetch concepts for stock. code=601518, market=SH, message=403 Forbidden: "<h1>Nginx forbidden.</h1> <br/>request info: 240e:b87:1f6:d800:a504:b4a9:1b4d:4897<EOL>"
2026-04-21T23:03:05.536+08:00  WARN 20416 --- [inker] [nio-8083-exec-3] c.i.b.s.provider.EastMoneyStockProvider  : Failed to fetch concepts for stock. code=601519, market=SH, message=403 Forbidden: "<h1>Nginx forbidden.</h1> <br/>request info: 240e:b87:1f6:d800:a504:b4a9:1b4d:4897<EOL>"
2026-04-21T23:03:05.587+08:00  WARN 20416 --- [inker] [nio-8083-exec-3] c.i.b.s.provider.EastMoneyStockProvider  : Failed to fetch concepts for stock. code=601528, market=SH, message=403 Forbidden: "<h1>Nginx forbidden.</h1> <br/>request info: 240e:b87:1f6:d800:a504:b4a9:1b4d:4897<EOL>"
2026-04-21T23:03:05.630+08:00  WARN 20416 --- [inker] [nio-8083-exec-3] c.i.b.s.provider.EastMoneyStockProvider  : Failed to fetch concepts for stock. code=601555, market=SH, message=403 Forbidden: "<h1>Nginx forbidden.</h1> <br/>request info: 240e:b87:1f6:d800:a504:b4a9:1b4d:4897<EOL>"
2026-04-21T23:03:05.680+08:00  WARN 20416 --- [inker] [nio-8083-exec-3] c.i.b.s.provider.EastMoneyStockProvider  : Failed to fetch concepts for stock. code=601566, market=SH, message=403 Forbidden: "<h1>Nginx forbidden.</h1> <br/>request info: 240e:b87:1f6:d800:a504:b4a9:1b4d:4897<EOL>"
2026-04-21T23:03:05.727+08:00  WARN 20416 --- [inker] [nio-8083-exec-3] c.i.b.s.provider.EastMoneyStockProvider  : Failed to fetch concepts for stock. code=601567, market=SH, message=403 Forbidden: "<h1>Nginx forbidden.</h1> <br/>request info: 240e:b87:1f6:d800:a504:b4a9:1b4d:4897<EOL>"
2026-04-21T23:03:05.776+08:00  WARN 20416 --- [inker] [nio-8083-exec-3] c.i.b.s.provider.EastMoneyStockProvider  : Failed to fetch concepts for stock. code=601568, market=SH, message=403 Forbidden: "<h1>Nginx forbidden.</h1> <br/>request info: 240e:b87:1f6:d800:a504:b4a9:1b4d:4897<EOL>"
2026-04-21T23:03:05.818+08:00  WARN 20416 --- [inker] [nio-8083-exec-3] c.i.b.s.provider.EastMoneyStockProvider  : Failed to fetch concepts for stock. code=601577, market=SH, message=403 Forbidden: "<h1>Nginx forbidden.</h1> <br/>request info: 240e:b87:1f6:d800:a504:b4a9:1b4d:4897<EOL>"
2026-04-21T23:03:05.861+08:00  WARN 20416 --- [inker] [nio-8083-exec-3] c.i.b.s.provider.EastMoneyStockProvider  : Failed to fetch concepts for stock. code=601579, market=SH, message=403 Forbidden: "<h1>Nginx forbidden.</h1> <br/>request info: 240e:b87:1f6:d800:a504:b4a9:1b4d:4897<EOL>"
2026-04-21T23:03:05.905+08:00  WARN 20416 --- [inker] [nio-8083-exec-3] c.i.b.s.provider.EastMoneyStockProvider  : Failed to fetch concepts for stock. code=601588, market=SH, message=403 Forbidden: "<h1>Nginx forbidden.</h1> <br/>request info: 240e:b87:1f6:d800:a504:b4a9:1b4d:4897<EOL>"
2026-04-21T23:03:05.951+08:00  WARN 20416 --- [inker] [nio-8083-exec-3] c.i.b.s.provider.EastMoneyStockProvider  : Failed to fetch concepts for stock. code=601595, market=SH, message=403 Forbidden: "<h1>Nginx forbidden.</h1> <br/>request info: 240e:b87:1f6:d800:a504:b4a9:1b4d:4897<EOL>"
2026-04-21T23:03:05.996+08:00  WARN 20416 --- [inker] [nio-8083-exec-3] c.i.b.s.provider.EastMoneyStockProvider  : Failed to fetch concepts for stock. code=601598, market=SH, message=403 Forbidden: "<h1>Nginx forbidden.</h1> <br/>request info: 240e:b87:1f6:d800:a504:b4a9:1b4d:4897<EOL>"
2026-04-21T23:03:06.040+08:00  WARN 20416 --- [inker] [nio-8083-exec-3] c.i.b.s.provider.EastMoneyStockProvider  : Failed to fetch concepts for stock. code=601599, market=SH, message=403 Forbidden: "<h1>Nginx forbidden.</h1> <br/>request info: 240e:b87:1f6:d800:a504:b4a9:1b4d:4897<EOL>"
2026-04-21T23:03:06.085+08:00  WARN 20416 --- [inker] [nio-8083-exec-3] c.i.b.s.provider.EastMoneyStockProvider  : Failed to fetch concepts for stock. code=601600, market=SH, message=403 Forbidden: "<h1>Nginx forbidden.</h1> <br/>request info: 240e:b87:1f6:d800:a504:b4a9:1b4d:4897<EOL>"
2026-04-21T23:03:06.128+08:00  WARN 20416 --- [inker] [nio-8083-exec-3] c.i.b.s.provider.EastMoneyStockProvider  : Failed to fetch concepts for stock. code=601601, market=SH, message=403 Forbidden: "<h1>Nginx forbidden.</h1> <br/>request info: 240e:b87:1f6:d800:a504:b4a9:1b4d:4897<EOL>"
2026-04-21T23:03:06.178+08:00  WARN 20416 --- [inker] [nio-8083-exec-3] c.i.b.s.provider.EastMoneyStockProvider  : Failed to fetch concepts for stock. code=601606, market=SH, message=403 Forbidden: "<h1>Nginx forbidden.</h1> <br/>request info: 240e:b87:1f6:d800:a504:b4a9:1b4d:4897<EOL>"
2026-04-21T23:03:06.226+08:00  WARN 20416 --- [inker] [nio-8083-exec-3] c.i.b.s.provider.EastMoneyStockProvider  : Failed to fetch concepts for stock. code=601607, market=SH, message=403 Forbidden: "<h1>Nginx forbidden.</h1> <br/>request info: 240e:b87:1f6:d800:a504:b4a9:1b4d:4897<EOL>"
2026-04-21T23:03:06.272+08:00  WARN 20416 --- [inker] [nio-8083-exec-3] c.i.b.s.provider.EastMoneyStockProvider  : Failed to fetch concepts for stock. code=601608, market=SH, message=403 Forbidden: "<h1>Nginx forbidden.</h1> <br/>request info: 240e:b87:1f6:d800:a504:b4a9:1b4d:4897<EOL>"
2026-04-21T23:03:06.322+08:00  WARN 20416 --- [inker] [nio-8083-exec-3] c.i.b.s.provider.EastMoneyStockProvider  : Failed to fetch concepts for stock. code=601609, market=SH, message=403 Forbidden: "<h1>Nginx forbidden.</h1> <br/>request info: 240e:b87:1f6:d800:a504:b4a9:1b4d:4897<EOL>"
2026-04-21T23:03:06.363+08:00  WARN 20416 --- [inker] [nio-8083-exec-3] c.i.b.s.provider.EastMoneyStockProvider  : Failed to fetch concepts for stock. code=601611, market=SH, message=403 Forbidden: "<h1>Nginx forbidden.</h1> <br/>request info: 240e:b87:1f6:d800:a504:b4a9:1b4d:4897<EOL>"
2026-04-21T23:03:06.409+08:00  WARN 20416 --- [inker] [nio-8083-exec-3] c.i.b.s.provider.EastMoneyStockProvider  : Failed to fetch concepts for stock. code=601615, market=SH, message=403 Forbidden: "<h1>Nginx forbidden.</h1> <br/>request info: 240e:b87:1f6:d800:a504:b4a9:1b4d:4897<EOL>"
2026-04-21T23:03:06.453+08:00  WARN 20416 --- [inker] [nio-8083-exec-3] c.i.b.s.provider.EastMoneyStockProvider  : Failed to fetch concepts for stock. code=601616, market=SH, message=403 Forbidden: "<h1>Nginx forbidden.</h1> <br/>request info: 240e:b87:1f6:d800:a504:b4a9:1b4d:4897<EOL>"
2026-04-21T23:03:06.496+08:00  WARN 20416 --- [inker] [nio-8083-exec-3] c.i.b.s.provider.EastMoneyStockProvider  : Failed to fetch concepts for stock. code=601618, market=SH, message=403 Forbidden: "<h1>Nginx forbidden.</h1> <br/>request info: 240e:b87:1f6:d800:a504:b4a9:1b4d:4897<EOL>"
2026-04-21T23:03:06.541+08:00  WARN 20416 --- [inker] [nio-8083-exec-3] c.i.b.s.provider.EastMoneyStockProvider  : Failed to fetch concepts for stock. code=601619, market=SH, message=403 Forbidden: "<h1>Nginx forbidden.</h1> <br/>request info: 240e:b87:1f6:d800:a504:b4a9:1b4d:4897<EOL>"
2026-04-21T23:03:06.587+08:00  WARN 20416 --- [inker] [nio-8083-exec-3] c.i.b.s.provider.EastMoneyStockProvider  : Failed to fetch concepts for stock. code=601628, market=SH, message=403 Forbidden: "<h1>Nginx forbidden.</h1> <br/>request info: 240e:b87:1f6:d800:a504:b4a9:1b4d:4897<EOL>"
2026-04-21T23:03:06.637+08:00  WARN 20416 --- [inker] [nio-8083-exec-3] c.i.b.s.provider.EastMoneyStockProvider  : Failed to fetch concepts for stock. code=601633, market=SH, message=403 Forbidden: "<h1>Nginx forbidden.</h1> <br/>request info: 240e:b87:1f6:d800:a504:b4a9:1b4d:4897<EOL>"
2026-04-21T23:03:06.686+08:00  WARN 20416 --- [inker] [nio-8083-exec-3] c.i.b.s.provider.EastMoneyStockProvider  : Failed to fetch concepts for stock. code=601636, market=SH, message=403 Forbidden: "<h1>Nginx forbidden.</h1> <br/>request info: 240e:b87:1f6:d800:a504:b4a9:1b4d:4897<EOL>"
2026-04-21T23:03:06.732+08:00  WARN 20416 --- [inker] [nio-8083-exec-3] c.i.b.s.provider.EastMoneyStockProvider  : Failed to fetch concepts for stock. code=601658, market=SH, message=403 Forbidden: "<h1>Nginx forbidden.</h1> <br/>request info: 240e:b87:1f6:d800:a504:b4a9:1b4d:4897<EOL>"
2026-04-21T23:03:06.782+08:00  WARN 20416 --- [inker] [nio-8083-exec-3] c.i.b.s.provider.EastMoneyStockProvider  : Failed to fetch concepts for stock. code=601665, market=SH, message=403 Forbidden: "<h1>Nginx forbidden.</h1> <br/>request info: 240e:b87:1f6:d800:a504:b4a9:1b4d:4897<EOL>"
2026-04-21T23:03:06.831+08:00  WARN 20416 --- [inker] [nio-8083-exec-3] c.i.b.s.provider.EastMoneyStockProvider  : Failed to fetch concepts for stock. code=601666, market=SH, message=403 Forbidden: "<h1>Nginx forbidden.</h1> <br/>request info: 240e:b87:1f6:d800:a504:b4a9:1b4d:4897<EOL>"
2026-04-21T23:03:06.880+08:00  WARN 20416 --- [inker] [nio-8083-exec-3] c.i.b.s.provider.EastMoneyStockProvider  : Failed to fetch concepts for stock. code=601668, market=SH, message=403 Forbidden: "<h1>Nginx forbidden.</h1> <br/>request info: 240e:b87:1f6:d800:a504:b4a9:1b4d:4897<EOL>"
2026-04-21T23:03:06.927+08:00  WARN 20416 --- [inker] [nio-8083-exec-3] c.i.b.s.provider.EastMoneyStockProvider  : Failed to fetch concepts for stock. code=601669, market=SH, message=403 Forbidden: "<h1>Nginx forbidden.</h1> <br/>request info: 240e:b87:1f6:d800:a504:b4a9:1b4d:4897<EOL>"
2026-04-21T23:03:06.972+08:00  WARN 20416 --- [inker] [nio-8083-exec-3] c.i.b.s.provider.EastMoneyStockProvider  : Failed to fetch concepts for stock. code=601677, market=SH, message=403 Forbidden: "<h1>Nginx forbidden.</h1> <br/>request info: 240e:b87:1f6:d800:a504:b4a9:1b4d:4897<EOL>"
2026-04-21T23:03:07.017+08:00  WARN 20416 --- [inker] [nio-8083-exec-3] c.i.b.s.provider.EastMoneyStockProvider  : Failed to fetch concepts for stock. code=601678, market=SH, message=403 Forbidden: "<h1>Nginx forbidden.</h1> <br/>request info: 240e:b87:1f6:d800:a504:b4a9:1b4d:4897<EOL>"
2026-04-21T23:03:07.062+08:00  WARN 20416 --- [inker] [nio-8083-exec-3] c.i.b.s.provider.EastMoneyStockProvider  : Failed to fetch concepts for stock. code=601686, market=SH, message=403 Forbidden: "<h1>Nginx forbidden.</h1> <br/>request info: 240e:b87:1f6:d800:a504:b4a9:1b4d:4897<EOL>"
2026-04-21T23:03:07.106+08:00  WARN 20416 --- [inker] [nio-8083-exec-3] c.i.b.s.provider.EastMoneyStockProvider  : Failed to fetch concepts for stock. code=601688, market=SH, message=403 Forbidden: "<h1>Nginx forbidden.</h1> <br/>request info: 240e:b87:1f6:d800:a504:b4a9:1b4d:4897<EOL>"
2026-04-21T23:03:07.153+08:00  WARN 20416 --- [inker] [nio-8083-exec-3] c.i.b.s.provider.EastMoneyStockProvider  : Failed to fetch concepts for stock. code=601689, market=SH, message=403 Forbidden: "<h1>Nginx forbidden.</h1> <br/>request info: 240e:b87:1f6:d800:a504:b4a9:1b4d:4897<EOL>"
2026-04-21T23:03:07.203+08:00  WARN 20416 --- [inker] [nio-8083-exec-3] c.i.b.s.provider.EastMoneyStockProvider  : Failed to fetch concepts for stock. code=601696, market=SH, message=403 Forbidden: "<h1>Nginx forbidden.</h1> <br/>request info: 240e:b87:1f6:d800:a504:b4a9:1b4d:4897<EOL>"
2026-04-21T23:03:07.246+08:00  WARN 20416 --- [inker] [nio-8083-exec-3] c.i.b.s.provider.EastMoneyStockProvider  : Failed to fetch concepts for stock. code=601698, market=SH, message=403 Forbidden: "<h1>Nginx forbidden.</h1> <br/>request info: 240e:b87:1f6:d800:a504:b4a9:1b4d:4897<EOL>"
2026-04-21T23:03:07.295+08:00  WARN 20416 --- [inker] [nio-8083-exec-3] c.i.b.s.provider.EastMoneyStockProvider  : Failed to fetch concepts for stock. code=601699, market=SH, message=403 Forbidden: "<h1>Nginx forbidden.</h1> <br/>request info: 240e:b87:1f6:d800:a504:b4a9:1b4d:4897<EOL>"
2026-04-21T23:03:07.338+08:00  WARN 20416 --- [inker] [nio-8083-exec-3] c.i.b.s.provider.EastMoneyStockProvider  : Failed to fetch concepts for stock. code=601700, market=SH, message=403 Forbidden: "<h1>Nginx forbidden.</h1> <br/>request info: 240e:b87:1f6:d800:a504:b4a9:1b4d:4897<EOL>"
2026-04-21T23:03:07.381+08:00  WARN 20416 --- [inker] [nio-8083-exec-3] c.i.b.s.provider.EastMoneyStockProvider  : Failed to fetch concepts for stock. code=601702, market=SH, message=403 Forbidden: "<h1>Nginx forbidden.</h1> <br/>request info: 240e:b87:1f6:d800:a504:b4a9:1b4d:4897<EOL>"
2026-04-21T23:03:07.425+08:00  WARN 20416 --- [inker] [nio-8083-exec-3] c.i.b.s.provider.EastMoneyStockProvider  : Failed to fetch concepts for stock. code=601717, market=SH, message=403 Forbidden: "<h1>Nginx forbidden.</h1> <br/>request info: 240e:b87:1f6:d800:a504:b4a9:1b4d:4897<EOL>"
2026-04-21T23:03:07.477+08:00  WARN 20416 --- [inker] [nio-8083-exec-3] c.i.b.s.provider.EastMoneyStockProvider  : Failed to fetch concepts for stock. code=601718, market=SH, message=403 Forbidden: "<h1>Nginx forbidden.</h1> <br/>request info: 240e:b87:1f6:d800:a504:b4a9:1b4d:4897<EOL>"
2026-04-21T23:03:07.521+08:00  WARN 20416 --- [inker] [nio-8083-exec-3] c.i.b.s.provider.EastMoneyStockProvider  : Failed to fetch concepts for stock. code=601727, market=SH, message=403 Forbidden: "<h1>Nginx forbidden.</h1> <br/>request info: 240e:b87:1f6:d800:a504:b4a9:1b4d:4897<EOL>"
2026-04-21T23:03:07.564+08:00  WARN 20416 --- [inker] [nio-8083-exec-3] c.i.b.s.provider.EastMoneyStockProvider  : Failed to fetch concepts for stock. code=601728, market=SH, message=403 Forbidden: "<h1>Nginx forbidden.</h1> <br/>request info: 240e:b87:1f6:d800:a504:b4a9:1b4d:4897<EOL>"
2026-04-21T23:03:07.612+08:00  WARN 20416 --- [inker] [nio-8083-exec-3] c.i.b.s.provider.EastMoneyStockProvider  : Failed to fetch concepts for stock. code=601766, market=SH, message=403 Forbidden: "<h1>Nginx forbidden.</h1> <br/>request info: 240e:b87:1f6:d800:a504:b4a9:1b4d:4897<EOL>"
2026-04-21T23:03:07.655+08:00  WARN 20416 --- [inker] [nio-8083-exec-3] c.i.b.s.provider.EastMoneyStockProvider  : Failed to fetch concepts for stock. code=601777, market=SH, message=403 Forbidden: "<h1>Nginx forbidden.</h1> <br/>request info: 240e:b87:1f6:d800:a504:b4a9:1b4d:4897<EOL>"
2026-04-21T23:03:07.698+08:00  WARN 20416 --- [inker] [nio-8083-exec-3] c.i.b.s.provider.EastMoneyStockProvider  : Failed to fetch concepts for stock. code=601778, market=SH, message=403 Forbidden: "<h1>Nginx forbidden.</h1> <br/>request info: 240e:b87:1f6:d800:a504:b4a9:1b4d:4897<EOL>"
2026-04-21T23:03:07.740+08:00  WARN 20416 --- [inker] [nio-8083-exec-3] c.i.b.s.provider.EastMoneyStockProvider  : Failed to fetch concepts for stock. code=601788, market=SH, message=403 Forbidden: "<h1>Nginx forbidden.</h1> <br/>request info: 240e:b87:1f6:d800:a504:b4a9:1b4d:4897<EOL>"
2026-04-21T23:03:07.785+08:00  WARN 20416 --- [inker] [nio-8083-exec-3] c.i.b.s.provider.EastMoneyStockProvider  : Failed to fetch concepts for stock. code=601789, market=SH, message=403 Forbidden: "<h1>Nginx forbidden.</h1> <br/>request info: 240e:b87:1f6:d800:a504:b4a9:1b4d:4897<EOL>"
2026-04-21T23:03:07.830+08:00  WARN 20416 --- [inker] [nio-8083-exec-3] c.i.b.s.provider.EastMoneyStockProvider  : Failed to fetch concepts for stock. code=601798, market=SH, message=403 Forbidden: "<h1>Nginx forbidden.</h1> <br/>request info: 240e:b87:1f6:d800:a504:b4a9:1b4d:4897<EOL>"
2026-04-21T23:03:07.874+08:00  WARN 20416 --- [inker] [nio-8083-exec-3] c.i.b.s.provider.EastMoneyStockProvider  : Failed to fetch concepts for stock. code=601799, market=SH, message=403 Forbidden: "<h1>Nginx forbidden.</h1> <br/>request info: 240e:b87:1f6:d800:a504:b4a9:1b4d:4897<EOL>"
2026-04-21T23:03:07.918+08:00  WARN 20416 --- [inker] [nio-8083-exec-3] c.i.b.s.provider.EastMoneyStockProvider  : Failed to fetch concepts for stock. code=601800, market=SH, message=403 Forbidden: "<h1>Nginx forbidden.</h1> <br/>request info: 240e:b87:1f6:d800:a504:b4a9:1b4d:4897<EOL>"
2026-04-21T23:03:07.968+08:00  WARN 20416 --- [inker] [nio-8083-exec-3] c.i.b.s.provider.EastMoneyStockProvider  : Failed to fetch concepts for stock. code=601801, market=SH, message=403 Forbidden: "<h1>Nginx forbidden.</h1> <br/>request info: 240e:b87:1f6:d800:a504:b4a9:1b4d:4897<EOL>"
2026-04-21T23:03:08.019+08:00  WARN 20416 --- [inker] [nio-8083-exec-3] c.i.b.s.provider.EastMoneyStockProvider  : Failed to fetch concepts for stock. code=601808, market=SH, message=403 Forbidden: "<h1>Nginx forbidden.</h1> <br/>request info: 240e:b87:1f6:d800:a504:b4a9:1b4d:4897<EOL>"
2026-04-21T23:03:08.067+08:00  WARN 20416 --- [inker] [nio-8083-exec-3] c.i.b.s.provider.EastMoneyStockProvider  : Failed to fetch concepts for stock. code=601811, market=SH, message=403 Forbidden: "<h1>Nginx forbidden.</h1> <br/>request info: 240e:b87:1f6:d800:a504:b4a9:1b4d:4897<EOL>"
2026-04-21T23:03:08.110+08:00  WARN 20416 --- [inker] [nio-8083-exec-3] c.i.b.s.provider.EastMoneyStockProvider  : Failed to fetch concepts for stock. code=601816, market=SH, message=403 Forbidden: "<h1>Nginx forbidden.</h1> <br/>request info: 240e:b87:1f6:d800:a504:b4a9:1b4d:4897<EOL>"
2026-04-21T23:03:08.154+08:00  WARN 20416 --- [inker] [nio-8083-exec-3] c.i.b.s.provider.EastMoneyStockProvider  : Failed to fetch concepts for stock. code=601818, market=SH, message=403 Forbidden: "<h1>Nginx forbidden.</h1> <br/>request info: 240e:b87:1f6:d800:a504:b4a9:1b4d:4897<EOL>"
2026-04-21T23:03:08.202+08:00  WARN 20416 --- [inker] [nio-8083-exec-3] c.i.b.s.provider.EastMoneyStockProvider  : Failed to fetch concepts for stock. code=601825, market=SH, message=403 Forbidden: "<h1>Nginx forbidden.</h1> <br/>request info: 240e:b87:1f6:d800:a504:b4a9:1b4d:4897<EOL>"
2026-04-21T23:03:08.252+08:00  WARN 20416 --- [inker] [nio-8083-exec-3] c.i.b.s.provider.EastMoneyStockProvider  : Failed to fetch concepts for stock. code=601827, market=SH, message=403 Forbidden: "<h1>Nginx forbidden.</h1> <br/>request info: 240e:b87:1f6:d800:a504:b4a9:1b4d:4897<EOL>"
2026-04-21T23:03:08.298+08:00  WARN 20416 --- [inker] [nio-8083-exec-3] c.i.b.s.provider.EastMoneyStockProvider  : Failed to fetch concepts for stock. code=601828, market=SH, message=403 Forbidden: "<h1>Nginx forbidden.</h1> <br/>request info: 240e:b87:1f6:d800:a504:b4a9:1b4d:4897<EOL>"
2026-04-21T23:03:08.340+08:00  WARN 20416 --- [inker] [nio-8083-exec-3] c.i.b.s.provider.EastMoneyStockProvider  : Failed to fetch concepts for stock. code=601838, market=SH, message=403 Forbidden: "<h1>Nginx forbidden.</h1> <br/>request info: 240e:b87:1f6:d800:a504:b4a9:1b4d:4897<EOL>"
2026-04-21T23:03:08.383+08:00  WARN 20416 --- [inker] [nio-8083-exec-3] c.i.b.s.provider.EastMoneyStockProvider  : Failed to fetch concepts for stock. code=601857, market=SH, message=403 Forbidden: "<h1>Nginx forbidden.</h1> <br/>request info: 240e:b87:1f6:d800:a504:b4a9:1b4d:4897<EOL>"
2026-04-21T23:03:08.427+08:00  WARN 20416 --- [inker] [nio-8083-exec-3] c.i.b.s.provider.EastMoneyStockProvider  : Failed to fetch concepts for stock. code=601858, market=SH, message=403 Forbidden: "<h1>Nginx forbidden.</h1> <br/>request info: 240e:b87:1f6:d800:a504:b4a9:1b4d:4897<EOL>"
2026-04-21T23:03:08.473+08:00  WARN 20416 --- [inker] [nio-8083-exec-3] c.i.b.s.provider.EastMoneyStockProvider  : Failed to fetch concepts for stock. code=601860, market=SH, message=403 Forbidden: "<h1>Nginx forbidden.</h1> <br/>request info: 240e:b87:1f6:d800:a504:b4a9:1b4d:4897<EOL>"
2026-04-21T23:03:08.519+08:00  WARN 20416 --- [inker] [nio-8083-exec-3] c.i.b.s.provider.EastMoneyStockProvider  : Failed to fetch concepts for stock. code=601865, market=SH, message=403 Forbidden: "<h1>Nginx forbidden.</h1> <br/>request info: 240e:b87:1f6:d800:a504:b4a9:1b4d:4897<EOL>"
2026-04-21T23:03:08.567+08:00  WARN 20416 --- [inker] [nio-8083-exec-3] c.i.b.s.provider.EastMoneyStockProvider  : Failed to fetch concepts for stock. code=601866, market=SH, message=403 Forbidden: "<h1>Nginx forbidden.</h1> <br/>request info: 240e:b87:1f6:d800:a504:b4a9:1b4d:4897<EOL>"
2026-04-21T23:03:08.612+08:00  WARN 20416 --- [inker] [nio-8083-exec-3] c.i.b.s.provider.EastMoneyStockProvider  : Failed to fetch concepts for stock. code=601868, market=SH, message=403 Forbidden: "<h1>Nginx forbidden.</h1> <br/>request info: 240e:b87:1f6:d800:a504:b4a9:1b4d:4897<EOL>"
2026-04-21T23:03:08.655+08:00  WARN 20416 --- [inker] [nio-8083-exec-3] c.i.b.s.provider.EastMoneyStockProvider  : Failed to fetch concepts for stock. code=601869, market=SH, message=403 Forbidden: "<h1>Nginx forbidden.</h1> <br/>request info: 240e:b87:1f6:d800:a504:b4a9:1b4d:4897<EOL>"
2026-04-21T23:03:08.699+08:00  WARN 20416 --- [inker] [nio-8083-exec-3] c.i.b.s.provider.EastMoneyStockProvider  : Failed to fetch concepts for stock. code=601872, market=SH, message=403 Forbidden: "<h1>Nginx forbidden.</h1> <br/>request info: 240e:b87:1f6:d800:a504:b4a9:1b4d:4897<EOL>"
2026-04-21T23:03:08.743+08:00  WARN 20416 --- [inker] [nio-8083-exec-3] c.i.b.s.provider.EastMoneyStockProvider  : Failed to fetch concepts for stock. code=601877, market=SH, message=403 Forbidden: "<h1>Nginx forbidden.</h1> <br/>request info: 240e:b87:1f6:d800:a504:b4a9:1b4d:4897<EOL>"
2026-04-21T23:03:08.787+08:00  WARN 20416 --- [inker] [nio-8083-exec-3] c.i.b.s.provider.EastMoneyStockProvider  : Failed to fetch concepts for stock. code=601878, market=SH, message=403 Forbidden: "<h1>Nginx forbidden.</h1> <br/>request info: 240e:b87:1f6:d800:a504:b4a9:1b4d:4897<EOL>"
2026-04-21T23:03:08.836+08:00  WARN 20416 --- [inker] [nio-8083-exec-3] c.i.b.s.provider.EastMoneyStockProvider  : Failed to fetch concepts for stock. code=601880, market=SH, message=403 Forbidden: "<h1>Nginx forbidden.</h1> <br/>request info: 240e:b87:1f6:d800:a504:b4a9:1b4d:4897<EOL>"
2026-04-21T23:03:08.898+08:00  WARN 20416 --- [inker] [nio-8083-exec-3] c.i.b.s.provider.EastMoneyStockProvider  : Failed to fetch concepts for stock. code=601881, market=SH, message=403 Forbidden: "<h1>Nginx forbidden.</h1> <br/>request info: 240e:b87:1f6:d800:a504:b4a9:1b4d:4897<EOL>"
2026-04-21T23:03:08.948+08:00  WARN 20416 --- [inker] [nio-8083-exec-3] c.i.b.s.provider.EastMoneyStockProvider  : Failed to fetch concepts for stock. code=601882, market=SH, message=403 Forbidden: "<h1>Nginx forbidden.</h1> <br/>request info: 240e:b87:1f6:d800:a504:b4a9:1b4d:4897<EOL>"
2026-04-21T23:03:08.990+08:00  WARN 20416 --- [inker] [nio-8083-exec-3] c.i.b.s.provider.EastMoneyStockProvider  : Failed to fetch concepts for stock. code=601886, market=SH, message=403 Forbidden: "<h1>Nginx forbidden.</h1> <br/>request info: 240e:b87:1f6:d800:a504:b4a9:1b4d:4897<EOL>"
2026-04-21T23:03:09.034+08:00  WARN 20416 --- [inker] [nio-8083-exec-3] c.i.b.s.provider.EastMoneyStockProvider  : Failed to fetch concepts for stock. code=601888, market=SH, message=403 Forbidden: "<h1>Nginx forbidden.</h1> <br/>request info: 240e:b87:1f6:d800:a504:b4a9:1b4d:4897<EOL>"
2026-04-21T23:03:09.086+08:00  WARN 20416 --- [inker] [nio-8083-exec-3] c.i.b.s.provider.EastMoneyStockProvider  : Failed to fetch concepts for stock. code=601890, market=SH, message=403 Forbidden: "<h1>Nginx forbidden.</h1> <br/>request info: 240e:b87:1f6:d800:a504:b4a9:1b4d:4897<EOL>"
2026-04-21T23:03:09.129+08:00  WARN 20416 --- [inker] [nio-8083-exec-3] c.i.b.s.provider.EastMoneyStockProvider  : Failed to fetch concepts for stock. code=601898, market=SH, message=403 Forbidden: "<h1>Nginx forbidden.</h1> <br/>request info: 240e:b87:1f6:d800:a504:b4a9:1b4d:4897<EOL>"
2026-04-21T23:03:09.171+08:00  WARN 20416 --- [inker] [nio-8083-exec-3] c.i.b.s.provider.EastMoneyStockProvider  : Failed to fetch concepts for stock. code=601899, market=SH, message=403 Forbidden: "<h1>Nginx forbidden.</h1> <br/>request info: 240e:b87:1f6:d800:a504:b4a9:1b4d:4897<EOL>"
2026-04-21T23:03:09.221+08:00  WARN 20416 --- [inker] [nio-8083-exec-3] c.i.b.s.provider.EastMoneyStockProvider  : Failed to fetch concepts for stock. code=601900, market=SH, message=403 Forbidden: "<h1>Nginx forbidden.</h1> <br/>request info: 240e:b87:1f6:d800:a504:b4a9:1b4d:4897<EOL>"
2026-04-21T23:03:09.264+08:00  WARN 20416 --- [inker] [nio-8083-exec-3] c.i.b.s.provider.EastMoneyStockProvider  : Failed to fetch concepts for stock. code=601901, market=SH, message=403 Forbidden: "<h1>Nginx forbidden.</h1> <br/>request info: 240e:b87:1f6:d800:a504:b4a9:1b4d:4897<EOL>"
2026-04-21T23:03:09.310+08:00  WARN 20416 --- [inker] [nio-8083-exec-3] c.i.b.s.provider.EastMoneyStockProvider  : Failed to fetch concepts for stock. code=601908, market=SH, message=403 Forbidden: "<h1>Nginx forbidden.</h1> <br/>request info: 240e:b87:1f6:d800:a504:b4a9:1b4d:4897<EOL>"
2026-04-21T23:03:09.491+08:00  WARN 20416 --- [inker] [nio-8083-exec-3] c.i.b.s.provider.EastMoneyStockProvider  : Failed to fetch concepts for stock. code=601916, market=SH, message=403 Forbidden: "<h1>Nginx forbidden.</h1> <br/>request info: 240e:b87:1f6:d800:a504:b4a9:1b4d:4897<EOL>"
2026-04-21T23:03:09.534+08:00  WARN 20416 --- [inker] [nio-8083-exec-3] c.i.b.s.provider.EastMoneyStockProvider  : Failed to fetch concepts for stock. code=601918, market=SH, message=403 Forbidden: "<h1>Nginx forbidden.</h1> <br/>request info: 240e:b87:1f6:d800:a504:b4a9:1b4d:4897<EOL>"
2026-04-21T23:03:09.577+08:00  WARN 20416 --- [inker] [nio-8083-exec-3] c.i.b.s.provider.EastMoneyStockProvider  : Failed to fetch concepts for stock. code=601919, market=SH, message=403 Forbidden: "<h1>Nginx forbidden.</h1> <br/>request info: 240e:b87:1f6:d800:a504:b4a9:1b4d:4897<EOL>"
2026-04-21T23:03:09.620+08:00  WARN 20416 --- [inker] [nio-8083-exec-3] c.i.b.s.provider.EastMoneyStockProvider  : Failed to fetch concepts for stock. code=601921, market=SH, message=403 Forbidden: "<h1>Nginx forbidden.</h1> <br/>request info: 240e:b87:1f6:d800:a504:b4a9:1b4d:4897<EOL>"
2026-04-21T23:03:09.670+08:00  WARN 20416 --- [inker] [nio-8083-exec-3] c.i.b.s.provider.EastMoneyStockProvider  : Failed to fetch concepts for stock. code=601928, market=SH, message=403 Forbidden: "<h1>Nginx forbidden.</h1> <br/>request info: 240e:b87:1f6:d800:a504:b4a9:1b4d:4897<EOL>"
2026-04-21T23:03:09.713+08:00  WARN 20416 --- [inker] [nio-8083-exec-3] c.i.b.s.provider.EastMoneyStockProvider  : Failed to fetch concepts for stock. code=601929, market=SH, message=403 Forbidden: "<h1>Nginx forbidden.</h1> <br/>request info: 240e:b87:1f6:d800:a504:b4a9:1b4d:4897<EOL>"
2026-04-21T23:03:09.759+08:00  WARN 20416 --- [inker] [nio-8083-exec-3] c.i.b.s.provider.EastMoneyStockProvider  : Failed to fetch concepts for stock. code=601933, market=SH, message=403 Forbidden: "<h1>Nginx forbidden.</h1> <br/>request info: 240e:b87:1f6:d800:a504:b4a9:1b4d:4897<EOL>"
2026-04-21T23:03:09.808+08:00  WARN 20416 --- [inker] [nio-8083-exec-3] c.i.b.s.provider.EastMoneyStockProvider  : Failed to fetch concepts for stock. code=601939, market=SH, message=403 Forbidden: "<h1>Nginx forbidden.</h1> <br/>request info: 240e:b87:1f6:d800:a504:b4a9:1b4d:4897<EOL>"
2026-04-21T23:03:09.851+08:00  WARN 20416 --- [inker] [nio-8083-exec-3] c.i.b.s.provider.EastMoneyStockProvider  : Failed to fetch concepts for stock. code=601949, market=SH, message=403 Forbidden: "<h1>Nginx forbidden.</h1> <br/>request info: 240e:b87:1f6:d800:a504:b4a9:1b4d:4897<EOL>"
2026-04-21T23:03:09.934+08:00  WARN 20416 --- [inker] [nio-8083-exec-3] c.i.b.s.provider.EastMoneyStockProvider  : Failed to fetch concepts for stock. code=601952, market=SH, message=403 Forbidden: "<h1>Nginx forbidden.</h1> <br/>request info: 240e:b87:1f6:d800:a504:b4a9:1b4d:4897<EOL>"
2026-04-21T23:03:09.980+08:00  WARN 20416 --- [inker] [nio-8083-exec-3] c.i.b.s.provider.EastMoneyStockProvider  : Failed to fetch concepts for stock. code=601956, market=SH, message=403 Forbidden: "<h1>Nginx forbidden.</h1> <br/>request info: 240e:b87:1f6:d800:a504:b4a9:1b4d:4897<EOL>"
2026-04-21T23:03:10.092+08:00  WARN 20416 --- [inker] [nio-8083-exec-3] c.i.b.s.provider.EastMoneyStockProvider  : Failed to fetch concepts for stock. code=601958, market=SH, message=403 Forbidden: "<h1>Nginx forbidden.</h1> <br/>request info: 240e:b87:1f6:d800:a504:b4a9:1b4d:4897<EOL>"
2026-04-21T23:03:10.136+08:00  WARN 20416 --- [inker] [nio-8083-exec-3] c.i.b.s.provider.EastMoneyStockProvider  : Failed to fetch concepts for stock. code=601963, market=SH, message=403 Forbidden: "<h1>Nginx forbidden.</h1> <br/>request info: 240e:b87:1f6:d800:a504:b4a9:1b4d:4897<EOL>"
2026-04-21T23:03:10.180+08:00  WARN 20416 --- [inker] [nio-8083-exec-3] c.i.b.s.provider.EastMoneyStockProvider  : Failed to fetch concepts for stock. code=601965, market=SH, message=403 Forbidden: "<h1>Nginx forbidden.</h1> <br/>request info: 240e:b87:1f6:d800:a504:b4a9:1b4d:4897<EOL>"
2026-04-21T23:03:10.226+08:00  WARN 20416 --- [inker] [nio-8083-exec-3] c.i.b.s.provider.EastMoneyStockProvider  : Failed to fetch concepts for stock. code=601966, market=SH, message=403 Forbidden: "<h1>Nginx forbidden.</h1> <br/>request info: 240e:b87:1f6:d800:a504:b4a9:1b4d:4897<EOL>"
2026-04-21T23:03:10.273+08:00  WARN 20416 --- [inker] [nio-8083-exec-3] c.i.b.s.provider.EastMoneyStockProvider  : Failed to fetch concepts for stock. code=601968, market=SH, message=403 Forbidden: "<h1>Nginx forbidden.</h1> <br/>request info: 240e:b87:1f6:d800:a504:b4a9:1b4d:4897<EOL>"
2026-04-21T23:03:10.319+08:00  WARN 20416 --- [inker] [nio-8083-exec-3] c.i.b.s.provider.EastMoneyStockProvider  : Failed to fetch concepts for stock. code=601969, market=SH, message=403 Forbidden: "<h1>Nginx forbidden.</h1> <br/>request info: 240e:b87:1f6:d800:a504:b4a9:1b4d:4897<EOL>"
2026-04-21T23:03:10.431+08:00  WARN 20416 --- [inker] [nio-8083-exec-3] c.i.b.s.provider.EastMoneyStockProvider  : Failed to fetch concepts for stock. code=601975, market=SH, message=403 Forbidden: "<h1>Nginx forbidden.</h1> <br/>request info: 240e:b87:1f6:d800:a504:b4a9:1b4d:4897<EOL>"
2026-04-21T23:03:10.482+08:00  WARN 20416 --- [inker] [nio-8083-exec-3] c.i.b.s.provider.EastMoneyStockProvider  : Failed to fetch concepts for stock. code=601985, market=SH, message=403 Forbidden: "<h1>Nginx forbidden.</h1> <br/>request info: 240e:b87:1f6:d800:a504:b4a9:1b4d:4897<EOL>"
2026-04-21T23:03:10.766+08:00  WARN 20416 --- [inker] [nio-8083-exec-3] c.i.b.s.provider.EastMoneyStockProvider  : Failed to fetch concepts for stock. code=601988, market=SH, message=403 Forbidden: "<h1>Nginx forbidden.</h1> <br/>request info: 240e:b87:1f6:d800:a504:b4a9:1b4d:4897<EOL>"
2026-04-21T23:03:10.814+08:00  WARN 20416 --- [inker] [nio-8083-exec-3] c.i.b.s.provider.EastMoneyStockProvider  : Failed to fetch concepts for stock. code=601990, market=SH, message=403 Forbidden: "<h1>Nginx forbidden.</h1> <br/>request info: 240e:b87:1f6:d800:a504:b4a9:1b4d:4897<EOL>"
2026-04-21T23:03:10.862+08:00  WARN 20416 --- [inker] [nio-8083-exec-3] c.i.b.s.provider.EastMoneyStockProvider  : Failed to fetch concepts for stock. code=601991, market=SH, message=403 Forbidden: "<h1>Nginx forbidden.</h1> <br/>request info: 240e:b87:1f6:d800:a504:b4a9:1b4d:4897<EOL>"
2026-04-21T23:03:10.906+08:00  WARN 20416 --- [inker] [nio-8083-exec-3] c.i.b.s.provider.EastMoneyStockProvider  : Failed to fetch concepts for stock. code=601992, market=SH, message=403 Forbidden: "<h1>Nginx forbidden.</h1> <br/>request info: 240e:b87:1f6:d800:a504:b4a9:1b4d:4897<EOL>"
2026-04-21T23:03:10.952+08:00  WARN 20416 --- [inker] [nio-8083-exec-3] c.i.b.s.provider.EastMoneyStockProvider  : Failed to fetch concepts for stock. code=601995, market=SH, message=403 Forbidden: "<h1>Nginx forbidden.</h1> <br/>request info: 240e:b87:1f6:d800:a504:b4a9:1b4d:4897<EOL>"
2026-04-21T23:03:10.995+08:00  WARN 20416 --- [inker] [nio-8083-exec-3] c.i.b.s.provider.EastMoneyStockProvider  : Failed to fetch concepts for stock. code=601996, market=SH, message=403 Forbidden: "<h1>Nginx forbidden.</h1> <br/>request info: 240e:b87:1f6:d800:a504:b4a9:1b4d:4897<EOL>"
2026-04-21T23:03:11.038+08:00  WARN 20416 --- [inker] [nio-8083-exec-3] c.i.b.s.provider.EastMoneyStockProvider  : Failed to fetch concepts for stock. code=601997, market=SH, message=403 Forbidden: "<h1>Nginx forbidden.</h1> <br/>request info: 240e:b87:1f6:d800:a504:b4a9:1b4d:4897<EOL>"
2026-04-21T23:03:11.081+08:00  WARN 20416 --- [inker] [nio-8083-exec-3] c.i.b.s.provider.EastMoneyStockProvider  : Failed to fetch concepts for stock. code=601998, market=SH, message=403 Forbidden: "<h1>Nginx forbidden.</h1> <br/>request info: 240e:b87:1f6:d800:a504:b4a9:1b4d:4897<EOL>"
2026-04-21T23:03:11.124+08:00  WARN 20416 --- [inker] [nio-8083-exec-3] c.i.b.s.provider.EastMoneyStockProvider  : Failed to fetch concepts for stock. code=601999, market=SH, message=403 Forbidden: "<h1>Nginx forbidden.</h1> <br/>request info: 240e:b87:1f6:d800:a504:b4a9:1b4d:4897<EOL>"
2026-04-21T23:03:11.167+08:00  WARN 20416 --- [inker] [nio-8083-exec-3] c.i.b.s.provider.EastMoneyStockProvider  : Failed to fetch concepts for stock. code=603000, market=SH, message=403 Forbidden: "<h1>Nginx forbidden.</h1> <br/>request info: 240e:b87:1f6:d800:a504:b4a9:1b4d:4897<EOL>"
2026-04-21T23:03:11.210+08:00  WARN 20416 --- [inker] [nio-8083-exec-3] c.i.b.s.provider.EastMoneyStockProvider  : Failed to fetch concepts for stock. code=603001, market=SH, message=403 Forbidden: "<h1>Nginx forbidden.</h1> <br/>request info: 240e:b87:1f6:d800:a504:b4a9:1b4d:4897<EOL>"
2026-04-21T23:03:11.254+08:00  WARN 20416 --- [inker] [nio-8083-exec-3] c.i.b.s.provider.EastMoneyStockProvider  : Failed to fetch concepts for stock. code=603002, market=SH, message=403 Forbidden: "<h1>Nginx forbidden.</h1> <br/>request info: 240e:b87:1f6:d800:a504:b4a9:1b4d:4897<EOL>"
2026-04-21T23:03:11.308+08:00  WARN 20416 --- [inker] [nio-8083-exec-3] c.i.b.s.provider.EastMoneyStockProvider  : Failed to fetch concepts for stock. code=603004, market=SH, message=403 Forbidden: "<h1>Nginx forbidden.</h1> <br/>request info: 240e:b87:1f6:d800:a504:b4a9:1b4d:4897<EOL>"
2026-04-21T23:03:11.359+08:00  WARN 20416 --- [inker] [nio-8083-exec-3] c.i.b.s.provider.EastMoneyStockProvider  : Failed to fetch concepts for stock. code=603005, market=SH, message=403 Forbidden: "<h1>Nginx forbidden.</h1> <br/>request info: 240e:b87:1f6:d800:a504:b4a9:1b4d:4897<EOL>"
2026-04-21T23:03:11.406+08:00  WARN 20416 --- [inker] [nio-8083-exec-3] c.i.b.s.provider.EastMoneyStockProvider  : Failed to fetch concepts for stock. code=603006, market=SH, message=403 Forbidden: "<h1>Nginx forbidden.</h1> <br/>request info: 240e:b87:1f6:d800:a504:b4a9:1b4d:4897<EOL>"
2026-04-21T23:03:11.452+08:00  WARN 20416 --- [inker] [nio-8083-exec-3] c.i.b.s.provider.EastMoneyStockProvider  : Failed to fetch concepts for stock. code=603007, market=SH, message=403 Forbidden: "<h1>Nginx forbidden.</h1> <br/>request info: 240e:b87:1f6:d800:a504:b4a9:1b4d:4897<EOL>"
2026-04-21T23:03:11.512+08:00  WARN 20416 --- [inker] [nio-8083-exec-3] c.i.b.s.provider.EastMoneyStockProvider  : Failed to fetch concepts for stock. code=603008, market=SH, message=403 Forbidden: "<h1>Nginx forbidden.</h1> <br/>request info: 240e:b87:1f6:d800:a504:b4a9:1b4d:4897<EOL>"
2026-04-21T23:03:11.558+08:00  WARN 20416 --- [inker] [nio-8083-exec-3] c.i.b.s.provider.EastMoneyStockProvider  : Failed to fetch concepts for stock. code=603009, market=SH, message=403 Forbidden: "<h1>Nginx forbidden.</h1> <br/>request info: 240e:b87:1f6:d800:a504:b4a9:1b4d:4897<EOL>"
2026-04-21T23:03:11.602+08:00  WARN 20416 --- [inker] [nio-8083-exec-3] c.i.b.s.provider.EastMoneyStockProvider  : Failed to fetch concepts for stock. code=603010, market=SH, message=403 Forbidden: "<h1>Nginx forbidden.</h1> <br/>request info: 240e:b87:1f6:d800:a504:b4a9:1b4d:4897<EOL>"
2026-04-21T23:03:11.678+08:00  WARN 20416 --- [inker] [nio-8083-exec-3] c.i.b.s.provider.EastMoneyStockProvider  : Failed to fetch concepts for stock. code=603011, market=SH, message=403 Forbidden: "<h1>Nginx forbidden.</h1> <br/>request info: 240e:b87:1f6:d800:a504:b4a9:1b4d:4897<EOL>"
2026-04-21T23:03:11.722+08:00  WARN 20416 --- [inker] [nio-8083-exec-3] c.i.b.s.provider.EastMoneyStockProvider  : Failed to fetch concepts for stock. code=603012, market=SH, message=403 Forbidden: "<h1>Nginx forbidden.</h1> <br/>request info: 240e:b87:1f6:d800:a504:b4a9:1b4d:4897<EOL>"
2026-04-21T23:03:11.769+08:00  WARN 20416 --- [inker] [nio-8083-exec-3] c.i.b.s.provider.EastMoneyStockProvider  : Failed to fetch concepts for stock. code=603013, market=SH, message=403 Forbidden: "<h1>Nginx forbidden.</h1> <br/>request info: 240e:b87:1f6:d800:a504:b4a9:1b4d:4897<EOL>"
2026-04-21T23:03:11.937+08:00  WARN 20416 --- [inker] [nio-8083-exec-3] c.i.b.s.provider.EastMoneyStockProvider  : Failed to fetch concepts for stock. code=603014, market=SH, message=403 Forbidden: "<h1>Nginx forbidden.</h1> <br/>request info: 240e:b87:1f6:d800:a504:b4a9:1b4d:4897<EOL>"
2026-04-21T23:03:11.981+08:00  WARN 20416 --- [inker] [nio-8083-exec-3] c.i.b.s.provider.EastMoneyStockProvider  : Failed to fetch concepts for stock. code=603015, market=SH, message=403 Forbidden: "<h1>Nginx forbidden.</h1> <br/>request info: 240e:b87:1f6:d800:a504:b4a9:1b4d:4897<EOL>"
2026-04-21T23:03:12.029+08:00  WARN 20416 --- [inker] [nio-8083-exec-3] c.i.b.s.provider.EastMoneyStockProvider  : Failed to fetch concepts for stock. code=603016, market=SH, message=403 Forbidden: "<h1>Nginx forbidden.</h1> <br/>request info: 240e:b87:1f6:d800:a504:b4a9:1b4d:4897<EOL>"
2026-04-21T23:03:12.074+08:00  WARN 20416 --- [inker] [nio-8083-exec-3] c.i.b.s.provider.EastMoneyStockProvider  : Failed to fetch concepts for stock. code=603017, market=SH, message=403 Forbidden: "<h1>Nginx forbidden.</h1> <br/>request info: 240e:b87:1f6:d800:a504:b4a9:1b4d:4897<EOL>"
2026-04-21T23:03:12.123+08:00  WARN 20416 --- [inker] [nio-8083-exec-3] c.i.b.s.provider.EastMoneyStockProvider  : Failed to fetch concepts for stock. code=603018, market=SH, message=403 Forbidden: "<h1>Nginx forbidden.</h1> <br/>request info: 240e:b87:1f6:d800:a504:b4a9:1b4d:4897<EOL>"
2026-04-21T23:03:12.166+08:00  WARN 20416 --- [inker] [nio-8083-exec-3] c.i.b.s.provider.EastMoneyStockProvider  : Failed to fetch concepts for stock. code=603019, market=SH, message=403 Forbidden: "<h1>Nginx forbidden.</h1> <br/>request info: 240e:b87:1f6:d800:a504:b4a9:1b4d:4897<EOL>"
2026-04-21T23:03:12.304+08:00  WARN 20416 --- [inker] [nio-8083-exec-3] c.i.b.s.provider.EastMoneyStockProvider  : Failed to fetch concepts for stock. code=603020, market=SH, message=403 Forbidden: "<h1>Nginx forbidden.</h1> <br/>request info: 240e:b87:1f6:d800:a504:b4a9:1b4d:4897<EOL>"
2026-04-21T23:03:12.349+08:00  WARN 20416 --- [inker] [nio-8083-exec-3] c.i.b.s.provider.EastMoneyStockProvider  : Failed to fetch concepts for stock. code=603022, market=SH, message=403 Forbidden: "<h1>Nginx forbidden.</h1> <br/>request info: 240e:b87:1f6:d800:a504:b4a9:1b4d:4897<EOL>"
2026-04-21T23:03:12.392+08:00  WARN 20416 --- [inker] [nio-8083-exec-3] c.i.b.s.provider.EastMoneyStockProvider  : Failed to fetch concepts for stock. code=603023, market=SH, message=403 Forbidden: "<h1>Nginx forbidden.</h1> <br/>request info: 240e:b87:1f6:d800:a504:b4a9:1b4d:4897<EOL>"
2026-04-21T23:03:12.437+08:00  WARN 20416 --- [inker] [nio-8083-exec-3] c.i.b.s.provider.EastMoneyStockProvider  : Failed to fetch concepts for stock. code=603025, market=SH, message=403 Forbidden: "<h1>Nginx forbidden.</h1> <br/>request info: 240e:b87:1f6:d800:a504:b4a9:1b4d:4897<EOL>"
2026-04-21T23:03:12.482+08:00  WARN 20416 --- [inker] [nio-8083-exec-3] c.i.b.s.provider.EastMoneyStockProvider  : Failed to fetch concepts for stock. code=603026, market=SH, message=403 Forbidden: "<h1>Nginx forbidden.</h1> <br/>request info: 240e:b87:1f6:d800:a504:b4a9:1b4d:4897<EOL>"
2026-04-21T23:03:12.526+08:00  WARN 20416 --- [inker] [nio-8083-exec-3] c.i.b.s.provider.EastMoneyStockProvider  : Failed to fetch concepts for stock. code=603027, market=SH, message=403 Forbidden: "<h1>Nginx forbidden.</h1> <br/>request info: 240e:b87:1f6:d800:a504:b4a9:1b4d:4897<EOL>"
2026-04-21T23:03:12.569+08:00  WARN 20416 --- [inker] [nio-8083-exec-3] c.i.b.s.provider.EastMoneyStockProvider  : Failed to fetch concepts for stock. code=603028, market=SH, message=403 Forbidden: "<h1>Nginx forbidden.</h1> <br/>request info: 240e:b87:1f6:d800:a504:b4a9:1b4d:4897<EOL>"
2026-04-21T23:03:12.615+08:00  WARN 20416 --- [inker] [nio-8083-exec-3] c.i.b.s.provider.EastMoneyStockProvider  : Failed to fetch concepts for stock. code=603029, market=SH, message=403 Forbidden: "<h1>Nginx forbidden.</h1> <br/>request info: 240e:b87:1f6:d800:a504:b4a9:1b4d:4897<EOL>"
2026-04-21T23:03:12.659+08:00  WARN 20416 --- [inker] [nio-8083-exec-3] c.i.b.s.provider.EastMoneyStockProvider  : Failed to fetch concepts for stock. code=603030, market=SH, message=403 Forbidden: "<h1>Nginx forbidden.</h1> <br/>request info: 240e:b87:1f6:d800:a504:b4a9:1b4d:4897<EOL>"
2026-04-21T23:03:12.761+08:00  WARN 20416 --- [inker] [nio-8083-exec-3] c.i.b.s.provider.EastMoneyStockProvider  : Failed to fetch concepts for stock. code=603031, market=SH, message=403 Forbidden: "<h1>Nginx forbidden.</h1> <br/>request info: 240e:b87:1f6:d800:a504:b4a9:1b4d:4897<EOL>"
2026-04-21T23:03:12.807+08:00  WARN 20416 --- [inker] [nio-8083-exec-3] c.i.b.s.provider.EastMoneyStockProvider  : Failed to fetch concepts for stock. code=603032, market=SH, message=403 Forbidden: "<h1>Nginx forbidden.</h1> <br/>request info: 240e:b87:1f6:d800:a504:b4a9:1b4d:4897<EOL>"
2026-04-21T23:03:12.852+08:00  WARN 20416 --- [inker] [nio-8083-exec-3] c.i.b.s.provider.EastMoneyStockProvider  : Failed to fetch concepts for stock. code=603033, market=SH, message=403 Forbidden: "<h1>Nginx forbidden.</h1> <br/>request info: 240e:b87:1f6:d800:a504:b4a9:1b4d:4897<EOL>"
2026-04-21T23:03:12.898+08:00  WARN 20416 --- [inker] [nio-8083-exec-3] c.i.b.s.provider.EastMoneyStockProvider  : Failed to fetch concepts for stock. code=603035, market=SH, message=403 Forbidden: "<h1>Nginx forbidden.</h1> <br/>request info: 240e:b87:1f6:d800:a504:b4a9:1b4d:4897<EOL>"
2026-04-21T23:03:12.942+08:00  WARN 20416 --- [inker] [nio-8083-exec-3] c.i.b.s.provider.EastMoneyStockProvider  : Failed to fetch concepts for stock. code=603036, market=SH, message=403 Forbidden: "<h1>Nginx forbidden.</h1> <br/>request info: 240e:b87:1f6:d800:a504:b4a9:1b4d:4897<EOL>"
2026-04-21T23:03:12.992+08:00  WARN 20416 --- [inker] [nio-8083-exec-3] c.i.b.s.provider.EastMoneyStockProvider  : Failed to fetch concepts for stock. code=603037, market=SH, message=403 Forbidden: "<h1>Nginx forbidden.</h1> <br/>request info: 240e:b87:1f6:d800:a504:b4a9:1b4d:4897<EOL>"
2026-04-21T23:03:13.034+08:00  WARN 20416 --- [inker] [nio-8083-exec-3] c.i.b.s.provider.EastMoneyStockProvider  : Failed to fetch concepts for stock. code=603038, market=SH, message=403 Forbidden: "<h1>Nginx forbidden.</h1> <br/>request info: 240e:b87:1f6:d800:a504:b4a9:1b4d:4897<EOL>"
2026-04-21T23:03:13.083+08:00  WARN 20416 --- [inker] [nio-8083-exec-3] c.i.b.s.provider.EastMoneyStockProvider  : Failed to fetch concepts for stock. code=603039, market=SH, message=403 Forbidden: "<h1>Nginx forbidden.</h1> <br/>request info: 240e:b87:1f6:d800:a504:b4a9:1b4d:4897<EOL>"
2026-04-21T23:03:13.133+08:00  WARN 20416 --- [inker] [nio-8083-exec-3] c.i.b.s.provider.EastMoneyStockProvider  : Failed to fetch concepts for stock. code=603040, market=SH, message=403 Forbidden: "<h1>Nginx forbidden.</h1> <br/>request info: 240e:b87:1f6:d800:a504:b4a9:1b4d:4897<EOL>"
2026-04-21T23:03:13.187+08:00  WARN 20416 --- [inker] [nio-8083-exec-3] c.i.b.s.provider.EastMoneyStockProvider  : Failed to fetch concepts for stock. code=603041, market=SH, message=403 Forbidden: "<h1>Nginx forbidden.</h1> <br/>request info: 240e:b87:1f6:d800:a504:b4a9:1b4d:4897<EOL>"
2026-04-21T23:03:13.230+08:00  WARN 20416 --- [inker] [nio-8083-exec-3] c.i.b.s.provider.EastMoneyStockProvider  : Failed to fetch concepts for stock. code=603042, market=SH, message=403 Forbidden: "<h1>Nginx forbidden.</h1> <br/>request info: 240e:b87:1f6:d800:a504:b4a9:1b4d:4897<EOL>"
2026-04-21T23:03:13.275+08:00  WARN 20416 --- [inker] [nio-8083-exec-3] c.i.b.s.provider.EastMoneyStockProvider  : Failed to fetch concepts for stock. code=603043, market=SH, message=403 Forbidden: "<h1>Nginx forbidden.</h1> <br/>request info: 240e:b87:1f6:d800:a504:b4a9:1b4d:4897<EOL>"
2026-04-21T23:03:13.318+08:00  WARN 20416 --- [inker] [nio-8083-exec-3] c.i.b.s.provider.EastMoneyStockProvider  : Failed to fetch concepts for stock. code=603045, market=SH, message=403 Forbidden: "<h1>Nginx forbidden.</h1> <br/>request info: 240e:b87:1f6:d800:a504:b4a9:1b4d:4897<EOL>"
2026-04-21T23:03:13.363+08:00  WARN 20416 --- [inker] [nio-8083-exec-3] c.i.b.s.provider.EastMoneyStockProvider  : Failed to fetch concepts for stock. code=603048, market=SH, message=403 Forbidden: "<h1>Nginx forbidden.</h1> <br/>request info: 240e:b87:1f6:d800:a504:b4a9:1b4d:4897<EOL>"
2026-04-21T23:03:13.409+08:00  WARN 20416 --- [inker] [nio-8083-exec-3] c.i.b.s.provider.EastMoneyStockProvider  : Failed to fetch concepts for stock. code=603049, market=SH, message=403 Forbidden: "<h1>Nginx forbidden.</h1> <br/>request info: 240e:b87:1f6:d800:a504:b4a9:1b4d:4897<EOL>"
2026-04-21T23:03:13.460+08:00  WARN 20416 --- [inker] [nio-8083-exec-3] c.i.b.s.provider.EastMoneyStockProvider  : Failed to fetch concepts for stock. code=603050, market=SH, message=403 Forbidden: "<h1>Nginx forbidden.</h1> <br/>request info: 240e:b87:1f6:d800:a504:b4a9:1b4d:4897<EOL>"
2026-04-21T23:03:13.508+08:00  WARN 20416 --- [inker] [nio-8083-exec-3] c.i.b.s.provider.EastMoneyStockProvider  : Failed to fetch concepts for stock. code=603051, market=SH, message=403 Forbidden: "<h1>Nginx forbidden.</h1> <br/>request info: 240e:b87:1f6:d800:a504:b4a9:1b4d:4897<EOL>"
2026-04-21T23:03:13.555+08:00  WARN 20416 --- [inker] [nio-8083-exec-3] c.i.b.s.provider.EastMoneyStockProvider  : Failed to fetch concepts for stock. code=603052, market=SH, message=403 Forbidden: "<h1>Nginx forbidden.</h1> <br/>request info: 240e:b87:1f6:d800:a504:b4a9:1b4d:4897<EOL>"
2026-04-21T23:03:13.597+08:00  WARN 20416 --- [inker] [nio-8083-exec-3] c.i.b.s.provider.EastMoneyStockProvider  : Failed to fetch concepts for stock. code=603053, market=SH, message=403 Forbidden: "<h1>Nginx forbidden.</h1> <br/>request info: 240e:b87:1f6:d800:a504:b4a9:1b4d:4897<EOL>"
2026-04-21T23:03:13.641+08:00  WARN 20416 --- [inker] [nio-8083-exec-3] c.i.b.s.provider.EastMoneyStockProvider  : Failed to fetch concepts for stock. code=603055, market=SH, message=403 Forbidden: "<h1>Nginx forbidden.</h1> <br/>request info: 240e:b87:1f6:d800:a504:b4a9:1b4d:4897<EOL>"
2026-04-21T23:03:13.685+08:00  WARN 20416 --- [inker] [nio-8083-exec-3] c.i.b.s.provider.EastMoneyStockProvider  : Failed to fetch concepts for stock. code=603057, market=SH, message=403 Forbidden: "<h1>Nginx forbidden.</h1> <br/>request info: 240e:b87:1f6:d800:a504:b4a9:1b4d:4897<EOL>"
2026-04-21T23:03:13.737+08:00  WARN 20416 --- [inker] [nio-8083-exec-3] c.i.b.s.provider.EastMoneyStockProvider  : Failed to fetch concepts for stock. code=603058, market=SH, message=403 Forbidden: "<h1>Nginx forbidden.</h1> <br/>request info: 240e:b87:1f6:d800:a504:b4a9:1b4d:4897<EOL>"
2026-04-21T23:03:13.783+08:00  WARN 20416 --- [inker] [nio-8083-exec-3] c.i.b.s.provider.EastMoneyStockProvider  : Failed to fetch concepts for stock. code=603059, market=SH, message=403 Forbidden: "<h1>Nginx forbidden.</h1> <br/>request info: 240e:b87:1f6:d800:a504:b4a9:1b4d:4897<EOL>"
2026-04-21T23:03:13.829+08:00  WARN 20416 --- [inker] [nio-8083-exec-3] c.i.b.s.provider.EastMoneyStockProvider  : Failed to fetch concepts for stock. code=603060, market=SH, message=403 Forbidden: "<h1>Nginx forbidden.</h1> <br/>request info: 240e:b87:1f6:d800:a504:b4a9:1b4d:4897<EOL>"
2026-04-21T23:03:13.955+08:00  WARN 20416 --- [inker] [nio-8083-exec-3] c.i.b.s.provider.EastMoneyStockProvider  : Failed to fetch concepts for stock. code=603061, market=SH, message=403 Forbidden: "<h1>Nginx forbidden.</h1> <br/>request info: 240e:b87:1f6:d800:a504:b4a9:1b4d:4897<EOL>"
2026-04-21T23:03:14.001+08:00  WARN 20416 --- [inker] [nio-8083-exec-3] c.i.b.s.provider.EastMoneyStockProvider  : Failed to fetch concepts for stock. code=603062, market=SH, message=403 Forbidden: "<h1>Nginx forbidden.</h1> <br/>request info: 240e:b87:1f6:d800:a504:b4a9:1b4d:4897<EOL>"
2026-04-21T23:03:14.047+08:00  WARN 20416 --- [inker] [nio-8083-exec-3] c.i.b.s.provider.EastMoneyStockProvider  : Failed to fetch concepts for stock. code=603063, market=SH, message=403 Forbidden: "<h1>Nginx forbidden.</h1> <br/>request info: 240e:b87:1f6:d800:a504:b4a9:1b4d:4897<EOL>"
2026-04-21T23:03:14.089+08:00  WARN 20416 --- [inker] [nio-8083-exec-3] c.i.b.s.provider.EastMoneyStockProvider  : Failed to fetch concepts for stock. code=603065, market=SH, message=403 Forbidden: "<h1>Nginx forbidden.</h1> <br/>request info: 240e:b87:1f6:d800:a504:b4a9:1b4d:4897<EOL>"
2026-04-21T23:03:14.245+08:00  WARN 20416 --- [inker] [nio-8083-exec-3] c.i.b.s.provider.EastMoneyStockProvider  : Failed to fetch concepts for stock. code=603066, market=SH, message=403 Forbidden: "<h1>Nginx forbidden.</h1> <br/>request info: 240e:b87:1f6:d800:a504:b4a9:1b4d:4897<EOL>"
2026-04-21T23:03:14.310+08:00  WARN 20416 --- [inker] [nio-8083-exec-3] c.i.b.s.provider.EastMoneyStockProvider  : Failed to fetch concepts for stock. code=603067, market=SH, message=403 Forbidden: "<h1>Nginx forbidden.</h1> <br/>request info: 240e:b87:1f6:d800:a504:b4a9:1b4d:4897<EOL>"
2026-04-21T23:03:14.360+08:00  WARN 20416 --- [inker] [nio-8083-exec-3] c.i.b.s.provider.EastMoneyStockProvider  : Failed to fetch concepts for stock. code=603068, market=SH, message=403 Forbidden: "<h1>Nginx forbidden.</h1> <br/>request info: 240e:b87:1f6:d800:a504:b4a9:1b4d:4897<EOL>"
2026-04-21T23:03:14.404+08:00  WARN 20416 --- [inker] [nio-8083-exec-3] c.i.b.s.provider.EastMoneyStockProvider  : Failed to fetch concepts for stock. code=603069, market=SH, message=403 Forbidden: "<h1>Nginx forbidden.</h1> <br/>request info: 240e:b87:1f6:d800:a504:b4a9:1b4d:4897<EOL>"
2026-04-21T23:03:14.455+08:00  WARN 20416 --- [inker] [nio-8083-exec-3] c.i.b.s.provider.EastMoneyStockProvider  : Failed to fetch concepts for stock. code=603070, market=SH, message=403 Forbidden: "<h1>Nginx forbidden.</h1> <br/>request info: 240e:b87:1f6:d800:a504:b4a9:1b4d:4897<EOL>"
2026-04-21T23:03:14.501+08:00  WARN 20416 --- [inker] [nio-8083-exec-3] c.i.b.s.provider.EastMoneyStockProvider  : Failed to fetch concepts for stock. code=603071, market=SH, message=403 Forbidden: "<h1>Nginx forbidden.</h1> <br/>request info: 240e:b87:1f6:d800:a504:b4a9:1b4d:4897<EOL>"
2026-04-21T23:03:14.551+08:00  WARN 20416 --- [inker] [nio-8083-exec-3] c.i.b.s.provider.EastMoneyStockProvider  : Failed to fetch concepts for stock. code=603072, market=SH, message=403 Forbidden: "<h1>Nginx forbidden.</h1> <br/>request info: 240e:b87:1f6:d800:a504:b4a9:1b4d:4897<EOL>"
2026-04-21T23:03:14.598+08:00  WARN 20416 --- [inker] [nio-8083-exec-3] c.i.b.s.provider.EastMoneyStockProvider  : Failed to fetch concepts for stock. code=603073, market=SH, message=403 Forbidden: "<h1>Nginx forbidden.</h1> <br/>request info: 240e:b87:1f6:d800:a504:b4a9:1b4d:4897<EOL>"
2026-04-21T23:03:14.648+08:00  WARN 20416 --- [inker] [nio-8083-exec-3] c.i.b.s.provider.EastMoneyStockProvider  : Failed to fetch concepts for stock. code=603075, market=SH, message=403 Forbidden: "<h1>Nginx forbidden.</h1> <br/>request info: 240e:b87:1f6:d800:a504:b4a9:1b4d:4897<EOL>"
2026-04-21T23:03:14.691+08:00  WARN 20416 --- [inker] [nio-8083-exec-3] c.i.b.s.provider.EastMoneyStockProvider  : Failed to fetch concepts for stock. code=603076, market=SH, message=403 Forbidden: "<h1>Nginx forbidden.</h1> <br/>request info: 240e:b87:1f6:d800:a504:b4a9:1b4d:4897<EOL>"
2026-04-21T23:03:14.732+08:00  WARN 20416 --- [inker] [nio-8083-exec-3] c.i.b.s.provider.EastMoneyStockProvider  : Failed to fetch concepts for stock. code=603077, market=SH, message=403 Forbidden: "<h1>Nginx forbidden.</h1> <br/>request info: 240e:b87:1f6:d800:a504:b4a9:1b4d:4897<EOL>"
2026-04-21T23:03:14.782+08:00  WARN 20416 --- [inker] [nio-8083-exec-3] c.i.b.s.provider.EastMoneyStockProvider  : Failed to fetch concepts for stock. code=603078, market=SH, message=403 Forbidden: "<h1>Nginx forbidden.</h1> <br/>request info: 240e:b87:1f6:d800:a504:b4a9:1b4d:4897<EOL>"
2026-04-21T23:03:14.825+08:00  WARN 20416 --- [inker] [nio-8083-exec-3] c.i.b.s.provider.EastMoneyStockProvider  : Failed to fetch concepts for stock. code=603079, market=SH, message=403 Forbidden: "<h1>Nginx forbidden.</h1> <br/>request info: 240e:b87:1f6:d800:a504:b4a9:1b4d:4897<EOL>"
2026-04-21T23:03:14.889+08:00  WARN 20416 --- [inker] [nio-8083-exec-3] c.i.b.s.provider.EastMoneyStockProvider  : Failed to fetch concepts for stock. code=603080, market=SH, message=403 Forbidden: "<h1>Nginx forbidden.</h1> <br/>request info: 240e:b87:1f6:d800:a504:b4a9:1b4d:4897<EOL>"
2026-04-21T23:03:14.934+08:00  WARN 20416 --- [inker] [nio-8083-exec-3] c.i.b.s.provider.EastMoneyStockProvider  : Failed to fetch concepts for stock. code=603081, market=SH, message=403 Forbidden: "<h1>Nginx forbidden.</h1> <br/>request info: 240e:b87:1f6:d800:a504:b4a9:1b4d:4897<EOL>"
2026-04-21T23:03:15.248+08:00  WARN 20416 --- [inker] [nio-8083-exec-3] c.i.b.s.provider.EastMoneyStockProvider  : Failed to fetch concepts for stock. code=603082, market=SH, message=403 Forbidden: "<h1>Nginx forbidden.</h1> <br/>request info: 240e:b87:1f6:d800:a504:b4a9:1b4d:4897<EOL>"
2026-04-21T23:03:15.297+08:00  WARN 20416 --- [inker] [nio-8083-exec-3] c.i.b.s.provider.EastMoneyStockProvider  : Failed to fetch concepts for stock. code=603083, market=SH, message=403 Forbidden: "<h1>Nginx forbidden.</h1> <br/>request info: 240e:b87:1f6:d800:a504:b4a9:1b4d:4897<EOL>"
2026-04-21T23:03:15.341+08:00  WARN 20416 --- [inker] [nio-8083-exec-3] c.i.b.s.provider.EastMoneyStockProvider  : Failed to fetch concepts for stock. code=603085, market=SH, message=403 Forbidden: "<h1>Nginx forbidden.</h1> <br/>request info: 240e:b87:1f6:d800:a504:b4a9:1b4d:4897<EOL>"
2026-04-21T23:03:15.416+08:00  WARN 20416 --- [inker] [nio-8083-exec-3] c.i.b.s.provider.EastMoneyStockProvider  : Failed to fetch concepts for stock. code=603086, market=SH, message=403 Forbidden: "<h1>Nginx forbidden.</h1> <br/>request info: 240e:b87:1f6:d800:a504:b4a9:1b4d:4897<EOL>"
2026-04-21T23:03:15.461+08:00  WARN 20416 --- [inker] [nio-8083-exec-3] c.i.b.s.provider.EastMoneyStockProvider  : Failed to fetch concepts for stock. code=603087, market=SH, message=403 Forbidden: "<h1>Nginx forbidden.</h1> <br/>request info: 240e:b87:1f6:d800:a504:b4a9:1b4d:4897<EOL>"
2026-04-21T23:03:15.510+08:00  WARN 20416 --- [inker] [nio-8083-exec-3] c.i.b.s.provider.EastMoneyStockProvider  : Failed to fetch concepts for stock. code=603088, market=SH, message=403 Forbidden: "<h1>Nginx forbidden.</h1> <br/>request info: 240e:b87:1f6:d800:a504:b4a9:1b4d:4897<EOL>"
2026-04-21T23:03:15.560+08:00  WARN 20416 --- [inker] [nio-8083-exec-3] c.i.b.s.provider.EastMoneyStockProvider  : Failed to fetch concepts for stock. code=603089, market=SH, message=403 Forbidden: "<h1>Nginx forbidden.</h1> <br/>request info: 240e:b87:1f6:d800:a504:b4a9:1b4d:4897<EOL>"
2026-04-21T23:03:15.611+08:00  WARN 20416 --- [inker] [nio-8083-exec-3] c.i.b.s.provider.EastMoneyStockProvider  : Failed to fetch concepts for stock. code=603090, market=SH, message=403 Forbidden: "<h1>Nginx forbidden.</h1> <br/>request info: 240e:b87:1f6:d800:a504:b4a9:1b4d:4897<EOL>"
2026-04-21T23:03:15.684+08:00  WARN 20416 --- [inker] [nio-8083-exec-3] c.i.b.s.provider.EastMoneyStockProvider  : Failed to fetch concepts for stock. code=603091, market=SH, message=403 Forbidden: "<h1>Nginx forbidden.</h1> <br/>request info: 240e:b87:1f6:d800:a504:b4a9:1b4d:4897<EOL>"
2026-04-21T23:03:15.727+08:00  WARN 20416 --- [inker] [nio-8083-exec-3] c.i.b.s.provider.EastMoneyStockProvider  : Failed to fetch concepts for stock. code=603092, market=SH, message=403 Forbidden: "<h1>Nginx forbidden.</h1> <br/>request info: 240e:b87:1f6:d800:a504:b4a9:1b4d:4897<EOL>"
2026-04-21T23:03:15.776+08:00  WARN 20416 --- [inker] [nio-8083-exec-3] c.i.b.s.provider.EastMoneyStockProvider  : Failed to fetch concepts for stock. code=603093, market=SH, message=403 Forbidden: "<h1>Nginx forbidden.</h1> <br/>request info: 240e:b87:1f6:d800:a504:b4a9:1b4d:4897<EOL>"
2026-04-21T23:03:15.824+08:00  WARN 20416 --- [inker] [nio-8083-exec-3] c.i.b.s.provider.EastMoneyStockProvider  : Failed to fetch concepts for stock. code=603095, market=SH, message=403 Forbidden: "<h1>Nginx forbidden.</h1> <br/>request info: 240e:b87:1f6:d800:a504:b4a9:1b4d:4897<EOL>"
2026-04-21T23:03:15.868+08:00  WARN 20416 --- [inker] [nio-8083-exec-3] c.i.b.s.provider.EastMoneyStockProvider  : Failed to fetch concepts for stock. code=603096, market=SH, message=403 Forbidden: "<h1>Nginx forbidden.</h1> <br/>request info: 240e:b87:1f6:d800:a504:b4a9:1b4d:4897<EOL>"
2026-04-21T23:03:15.913+08:00  WARN 20416 --- [inker] [nio-8083-exec-3] c.i.b.s.provider.EastMoneyStockProvider  : Failed to fetch concepts for stock. code=603097, market=SH, message=403 Forbidden: "<h1>Nginx forbidden.</h1> <br/>request info: 240e:b87:1f6:d800:a504:b4a9:1b4d:4897<EOL>"
2026-04-21T23:03:15.962+08:00  WARN 20416 --- [inker] [nio-8083-exec-3] c.i.b.s.provider.EastMoneyStockProvider  : Failed to fetch concepts for stock. code=603098, market=SH, message=403 Forbidden: "<h1>Nginx forbidden.</h1> <br/>request info: 240e:b87:1f6:d800:a504:b4a9:1b4d:4897<EOL>"
2026-04-21T23:03:16.007+08:00  WARN 20416 --- [inker] [nio-8083-exec-3] c.i.b.s.provider.EastMoneyStockProvider  : Failed to fetch concepts for stock. code=603099, market=SH, message=403 Forbidden: "<h1>Nginx forbidden.</h1> <br/>request info: 240e:b87:1f6:d800:a504:b4a9:1b4d:4897<EOL>"
2026-04-21T23:03:16.052+08:00  WARN 20416 --- [inker] [nio-8083-exec-3] c.i.b.s.provider.EastMoneyStockProvider  : Failed to fetch concepts for stock. code=603100, market=SH, message=403 Forbidden: "<h1>Nginx forbidden.</h1> <br/>request info: 240e:b87:1f6:d800:a504:b4a9:1b4d:4897<EOL>"
2026-04-21T23:03:16.096+08:00  WARN 20416 --- [inker] [nio-8083-exec-3] c.i.b.s.provider.EastMoneyStockProvider  : Failed to fetch concepts for stock. code=603101, market=SH, message=403 Forbidden: "<h1>Nginx forbidden.</h1> <br/>request info: 240e:b87:1f6:d800:a504:b4a9:1b4d:4897<EOL>"
2026-04-21T23:03:16.147+08:00  WARN 20416 --- [inker] [nio-8083-exec-3] c.i.b.s.provider.EastMoneyStockProvider  : Failed to fetch concepts for stock. code=603102, market=SH, message=403 Forbidden: "<h1>Nginx forbidden.</h1> <br/>request info: 240e:b87:1f6:d800:a504:b4a9:1b4d:4897<EOL>"
2026-04-21T23:03:16.192+08:00  WARN 20416 --- [inker] [nio-8083-exec-3] c.i.b.s.provider.EastMoneyStockProvider  : Failed to fetch concepts for stock. code=603103, market=SH, message=403 Forbidden: "<h1>Nginx forbidden.</h1> <br/>request info: 240e:b87:1f6:d800:a504:b4a9:1b4d:4897<EOL>"
2026-04-21T23:03:16.235+08:00  WARN 20416 --- [inker] [nio-8083-exec-3] c.i.b.s.provider.EastMoneyStockProvider  : Failed to fetch concepts for stock. code=603105, market=SH, message=403 Forbidden: "<h1>Nginx forbidden.</h1> <br/>request info: 240e:b87:1f6:d800:a504:b4a9:1b4d:4897<EOL>"
2026-04-21T23:03:16.285+08:00  WARN 20416 --- [inker] [nio-8083-exec-3] c.i.b.s.provider.EastMoneyStockProvider  : Failed to fetch concepts for stock. code=603106, market=SH, message=403 Forbidden: "<h1>Nginx forbidden.</h1> <br/>request info: 240e:b87:1f6:d800:a504:b4a9:1b4d:4897<EOL>"
2026-04-21T23:03:16.331+08:00  WARN 20416 --- [inker] [nio-8083-exec-3] c.i.b.s.provider.EastMoneyStockProvider  : Failed to fetch concepts for stock. code=603107, market=SH, message=403 Forbidden: "<h1>Nginx forbidden.</h1> <br/>request info: 240e:b87:1f6:d800:a504:b4a9:1b4d:4897<EOL>"
2026-04-21T23:03:16.514+08:00  WARN 20416 --- [inker] [nio-8083-exec-3] c.i.b.s.provider.EastMoneyStockProvider  : Failed to fetch concepts for stock. code=603108, market=SH, message=403 Forbidden: "<h1>Nginx forbidden.</h1> <br/>request info: 240e:b87:1f6:d800:a504:b4a9:1b4d:4897<EOL>"
2026-04-21T23:03:16.561+08:00  WARN 20416 --- [inker] [nio-8083-exec-3] c.i.b.s.provider.EastMoneyStockProvider  : Failed to fetch concepts for stock. code=603109, market=SH, message=403 Forbidden: "<h1>Nginx forbidden.</h1> <br/>request info: 240e:b87:1f6:d800:a504:b4a9:1b4d:4897<EOL>"
2026-04-21T23:03:16.608+08:00  WARN 20416 --- [inker] [nio-8083-exec-3] c.i.b.s.provider.EastMoneyStockProvider  : Failed to fetch concepts for stock. code=603110, market=SH, message=403 Forbidden: "<h1>Nginx forbidden.</h1> <br/>request info: 240e:b87:1f6:d800:a504:b4a9:1b4d:4897<EOL>"
2026-04-21T23:03:16.654+08:00  WARN 20416 --- [inker] [nio-8083-exec-3] c.i.b.s.provider.EastMoneyStockProvider  : Failed to fetch concepts for stock. code=603111, market=SH, message=403 Forbidden: "<h1>Nginx forbidden.</h1> <br/>request info: 240e:b87:1f6:d800:a504:b4a9:1b4d:4897<EOL>"
2026-04-21T23:03:16.696+08:00  WARN 20416 --- [inker] [nio-8083-exec-3] c.i.b.s.provider.EastMoneyStockProvider  : Failed to fetch concepts for stock. code=603112, market=SH, message=403 Forbidden: "<h1>Nginx forbidden.</h1> <br/>request info: 240e:b87:1f6:d800:a504:b4a9:1b4d:4897<EOL>"
2026-04-21T23:03:16.739+08:00  WARN 20416 --- [inker] [nio-8083-exec-3] c.i.b.s.provider.EastMoneyStockProvider  : Failed to fetch concepts for stock. code=603113, market=SH, message=403 Forbidden: "<h1>Nginx forbidden.</h1> <br/>request info: 240e:b87:1f6:d800:a504:b4a9:1b4d:4897<EOL>"
2026-04-21T23:03:16.792+08:00  WARN 20416 --- [inker] [nio-8083-exec-3] c.i.b.s.provider.EastMoneyStockProvider  : Failed to fetch concepts for stock. code=603115, market=SH, message=403 Forbidden: "<h1>Nginx forbidden.</h1> <br/>request info: 240e:b87:1f6:d800:a504:b4a9:1b4d:4897<EOL>"
2026-04-21T23:03:16.838+08:00  WARN 20416 --- [inker] [nio-8083-exec-3] c.i.b.s.provider.EastMoneyStockProvider  : Failed to fetch concepts for stock. code=603116, market=SH, message=403 Forbidden: "<h1>Nginx forbidden.</h1> <br/>request info: 240e:b87:1f6:d800:a504:b4a9:1b4d:4897<EOL>"
2026-04-21T23:03:16.888+08:00  WARN 20416 --- [inker] [nio-8083-exec-3] c.i.b.s.provider.EastMoneyStockProvider  : Failed to fetch concepts for stock. code=603117, market=SH, message=403 Forbidden: "<h1>Nginx forbidden.</h1> <br/>request info: 240e:b87:1f6:d800:a504:b4a9:1b4d:4897<EOL>"
2026-04-21T23:03:16.931+08:00  WARN 20416 --- [inker] [nio-8083-exec-3] c.i.b.s.provider.EastMoneyStockProvider  : Failed to fetch concepts for stock. code=603118, market=SH, message=403 Forbidden: "<h1>Nginx forbidden.</h1> <br/>request info: 240e:b87:1f6:d800:a504:b4a9:1b4d:4897<EOL>"
2026-04-21T23:03:16.976+08:00  WARN 20416 --- [inker] [nio-8083-exec-3] c.i.b.s.provider.EastMoneyStockProvider  : Failed to fetch concepts for stock. code=603119, market=SH, message=403 Forbidden: "<h1>Nginx forbidden.</h1> <br/>request info: 240e:b87:1f6:d800:a504:b4a9:1b4d:4897<EOL>"
2026-04-21T23:03:17.019+08:00  WARN 20416 --- [inker] [nio-8083-exec-3] c.i.b.s.provider.EastMoneyStockProvider  : Failed to fetch concepts for stock. code=603120, market=SH, message=403 Forbidden: "<h1>Nginx forbidden.</h1> <br/>request info: 240e:b87:1f6:d800:a504:b4a9:1b4d:4897<EOL>"
2026-04-21T23:03:17.063+08:00  WARN 20416 --- [inker] [nio-8083-exec-3] c.i.b.s.provider.EastMoneyStockProvider  : Failed to fetch concepts for stock. code=603121, market=SH, message=403 Forbidden: "<h1>Nginx forbidden.</h1> <br/>request info: 240e:b87:1f6:d800:a504:b4a9:1b4d:4897<EOL>"
2026-04-21T23:03:17.106+08:00  WARN 20416 --- [inker] [nio-8083-exec-3] c.i.b.s.provider.EastMoneyStockProvider  : Failed to fetch concepts for stock. code=603122, market=SH, message=403 Forbidden: "<h1>Nginx forbidden.</h1> <br/>request info: 240e:b87:1f6:d800:a504:b4a9:1b4d:4897<EOL>"
2026-04-21T23:03:17.152+08:00  WARN 20416 --- [inker] [nio-8083-exec-3] c.i.b.s.provider.EastMoneyStockProvider  : Failed to fetch concepts for stock. code=603123, market=SH, message=403 Forbidden: "<h1>Nginx forbidden.</h1> <br/>request info: 240e:b87:1f6:d800:a504:b4a9:1b4d:4897<EOL>"
2026-04-21T23:03:17.199+08:00  WARN 20416 --- [inker] [nio-8083-exec-3] c.i.b.s.provider.EastMoneyStockProvider  : Failed to fetch concepts for stock. code=603124, market=SH, message=403 Forbidden: "<h1>Nginx forbidden.</h1> <br/>request info: 240e:b87:1f6:d800:a504:b4a9:1b4d:4897<EOL>"
2026-04-21T23:03:17.242+08:00  WARN 20416 --- [inker] [nio-8083-exec-3] c.i.b.s.provider.EastMoneyStockProvider  : Failed to fetch concepts for stock. code=603125, market=SH, message=403 Forbidden: "<h1>Nginx forbidden.</h1> <br/>request info: 240e:b87:1f6:d800:a504:b4a9:1b4d:4897<EOL>"
2026-04-21T23:03:17.290+08:00  WARN 20416 --- [inker] [nio-8083-exec-3] c.i.b.s.provider.EastMoneyStockProvider  : Failed to fetch concepts for stock. code=603126, market=SH, message=403 Forbidden: "<h1>Nginx forbidden.</h1> <br/>request info: 240e:b87:1f6:d800:a504:b4a9:1b4d:4897<EOL>"
2026-04-21T23:03:17.334+08:00  WARN 20416 --- [inker] [nio-8083-exec-3] c.i.b.s.provider.EastMoneyStockProvider  : Failed to fetch concepts for stock. code=603127, market=SH, message=403 Forbidden: "<h1>Nginx forbidden.</h1> <br/>request info: 240e:b87:1f6:d800:a504:b4a9:1b4d:4897<EOL>"
2026-04-21T23:03:17.384+08:00  WARN 20416 --- [inker] [nio-8083-exec-3] c.i.b.s.provider.EastMoneyStockProvider  : Failed to fetch concepts for stock. code=603128, market=SH, message=403 Forbidden: "<h1>Nginx forbidden.</h1> <br/>request info: 240e:b87:1f6:d800:a504:b4a9:1b4d:4897<EOL>"
2026-04-21T23:03:17.437+08:00  WARN 20416 --- [inker] [nio-8083-exec-3] c.i.b.s.provider.EastMoneyStockProvider  : Failed to fetch concepts for stock. code=603129, market=SH, message=403 Forbidden: "<h1>Nginx forbidden.</h1> <br/>request info: 240e:b87:1f6:d800:a504:b4a9:1b4d:4897<EOL>"
2026-04-21T23:03:17.487+08:00  WARN 20416 --- [inker] [nio-8083-exec-3] c.i.b.s.provider.EastMoneyStockProvider  : Failed to fetch concepts for stock. code=603130, market=SH, message=403 Forbidden: "<h1>Nginx forbidden.</h1> <br/>request info: 240e:b87:1f6:d800:a504:b4a9:1b4d:4897<EOL>"
2026-04-21T23:03:17.537+08:00  WARN 20416 --- [inker] [nio-8083-exec-3] c.i.b.s.provider.EastMoneyStockProvider  : Failed to fetch concepts for stock. code=603131, market=SH, message=403 Forbidden: "<h1>Nginx forbidden.</h1> <br/>request info: 240e:b87:1f6:d800:a504:b4a9:1b4d:4897<EOL>"
2026-04-21T23:03:17.584+08:00  WARN 20416 --- [inker] [nio-8083-exec-3] c.i.b.s.provider.EastMoneyStockProvider  : Failed to fetch concepts for stock. code=603132, market=SH, message=403 Forbidden: "<h1>Nginx forbidden.</h1> <br/>request info: 240e:b87:1f6:d800:a504:b4a9:1b4d:4897<EOL>"
2026-04-21T23:03:17.629+08:00  WARN 20416 --- [inker] [nio-8083-exec-3] c.i.b.s.provider.EastMoneyStockProvider  : Failed to fetch concepts for stock. code=603135, market=SH, message=403 Forbidden: "<h1>Nginx forbidden.</h1> <br/>request info: 240e:b87:1f6:d800:a504:b4a9:1b4d:4897<EOL>"
2026-04-21T23:03:17.678+08:00  WARN 20416 --- [inker] [nio-8083-exec-3] c.i.b.s.provider.EastMoneyStockProvider  : Failed to fetch concepts for stock. code=603136, market=SH, message=403 Forbidden: "<h1>Nginx forbidden.</h1> <br/>request info: 240e:b87:1f6:d800:a504:b4a9:1b4d:4897<EOL>"
2026-04-21T23:03:17.726+08:00  WARN 20416 --- [inker] [nio-8083-exec-3] c.i.b.s.provider.EastMoneyStockProvider  : Failed to fetch concepts for stock. code=603137, market=SH, message=403 Forbidden: "<h1>Nginx forbidden.</h1> <br/>request info: 240e:b87:1f6:d800:a504:b4a9:1b4d:4897<EOL>"
2026-04-21T23:03:17.770+08:00  WARN 20416 --- [inker] [nio-8083-exec-3] c.i.b.s.provider.EastMoneyStockProvider  : Failed to fetch concepts for stock. code=603138, market=SH, message=403 Forbidden: "<h1>Nginx forbidden.</h1> <br/>request info: 240e:b87:1f6:d800:a504:b4a9:1b4d:4897<EOL>"
2026-04-21T23:03:17.812+08:00  WARN 20416 --- [inker] [nio-8083-exec-3] c.i.b.s.provider.EastMoneyStockProvider  : Failed to fetch concepts for stock. code=603139, market=SH, message=403 Forbidden: "<h1>Nginx forbidden.</h1> <br/>request info: 240e:b87:1f6:d800:a504:b4a9:1b4d:4897<EOL>"
2026-04-21T23:03:17.858+08:00  WARN 20416 --- [inker] [nio-8083-exec-3] c.i.b.s.provider.EastMoneyStockProvider  : Failed to fetch concepts for stock. code=603150, market=SH, message=403 Forbidden: "<h1>Nginx forbidden.</h1> <br/>request info: 240e:b87:1f6:d800:a504:b4a9:1b4d:4897<EOL>"
2026-04-21T23:03:17.905+08:00  WARN 20416 --- [inker] [nio-8083-exec-3] c.i.b.s.provider.EastMoneyStockProvider  : Failed to fetch concepts for stock. code=603151, market=SH, message=403 Forbidden: "<h1>Nginx forbidden.</h1> <br/>request info: 240e:b87:1f6:d800:a504:b4a9:1b4d:4897<EOL>"
2026-04-21T23:03:17.954+08:00  WARN 20416 --- [inker] [nio-8083-exec-3] c.i.b.s.provider.EastMoneyStockProvider  : Failed to fetch concepts for stock. code=603153, market=SH, message=403 Forbidden: "<h1>Nginx forbidden.</h1> <br/>request info: 240e:b87:1f6:d800:a504:b4a9:1b4d:4897<EOL>"
2026-04-21T23:03:18.001+08:00  WARN 20416 --- [inker] [nio-8083-exec-3] c.i.b.s.provider.EastMoneyStockProvider  : Failed to fetch concepts for stock. code=603155, market=SH, message=403 Forbidden: "<h1>Nginx forbidden.</h1> <br/>request info: 240e:b87:1f6:d800:a504:b4a9:1b4d:4897<EOL>"
2026-04-21T23:03:18.043+08:00  WARN 20416 --- [inker] [nio-8083-exec-3] c.i.b.s.provider.EastMoneyStockProvider  : Failed to fetch concepts for stock. code=603156, market=SH, message=403 Forbidden: "<h1>Nginx forbidden.</h1> <br/>request info: 240e:b87:1f6:d800:a504:b4a9:1b4d:4897<EOL>"
2026-04-21T23:03:18.093+08:00  WARN 20416 --- [inker] [nio-8083-exec-3] c.i.b.s.provider.EastMoneyStockProvider  : Failed to fetch concepts for stock. code=603158, market=SH, message=403 Forbidden: "<h1>Nginx forbidden.</h1> <br/>request info: 240e:b87:1f6:d800:a504:b4a9:1b4d:4897<EOL>"
2026-04-21T23:03:18.141+08:00  WARN 20416 --- [inker] [nio-8083-exec-3] c.i.b.s.provider.EastMoneyStockProvider  : Failed to fetch concepts for stock. code=603159, market=SH, message=403 Forbidden: "<h1>Nginx forbidden.</h1> <br/>request info: 240e:b87:1f6:d800:a504:b4a9:1b4d:4897<EOL>"
2026-04-21T23:03:18.191+08:00  WARN 20416 --- [inker] [nio-8083-exec-3] c.i.b.s.provider.EastMoneyStockProvider  : Failed to fetch concepts for stock. code=603160, market=SH, message=403 Forbidden: "<h1>Nginx forbidden.</h1> <br/>request info: 240e:b87:1f6:d800:a504:b4a9:1b4d:4897<EOL>"
2026-04-21T23:03:18.236+08:00  WARN 20416 --- [inker] [nio-8083-exec-3] c.i.b.s.provider.EastMoneyStockProvider  : Failed to fetch concepts for stock. code=603161, market=SH, message=403 Forbidden: "<h1>Nginx forbidden.</h1> <br/>request info: 240e:b87:1f6:d800:a504:b4a9:1b4d:4897<EOL>"
2026-04-21T23:03:18.281+08:00  WARN 20416 --- [inker] [nio-8083-exec-3] c.i.b.s.provider.EastMoneyStockProvider  : Failed to fetch concepts for stock. code=603162, market=SH, message=403 Forbidden: "<h1>Nginx forbidden.</h1> <br/>request info: 240e:b87:1f6:d800:a504:b4a9:1b4d:4897<EOL>"
2026-04-21T23:03:18.327+08:00  WARN 20416 --- [inker] [nio-8083-exec-3] c.i.b.s.provider.EastMoneyStockProvider  : Failed to fetch concepts for stock. code=603163, market=SH, message=403 Forbidden: "<h1>Nginx forbidden.</h1> <br/>request info: 240e:b87:1f6:d800:a504:b4a9:1b4d:4897<EOL>"
2026-04-21T23:03:18.383+08:00  WARN 20416 --- [inker] [nio-8083-exec-3] c.i.b.s.provider.EastMoneyStockProvider  : Failed to fetch concepts for stock. code=603165, market=SH, message=403 Forbidden: "<h1>Nginx forbidden.</h1> <br/>request info: 240e:b87:1f6:d800:a504:b4a9:1b4d:4897<EOL>"
2026-04-21T23:03:18.434+08:00  WARN 20416 --- [inker] [nio-8083-exec-3] c.i.b.s.provider.EastMoneyStockProvider  : Failed to fetch concepts for stock. code=603166, market=SH, message=403 Forbidden: "<h1>Nginx forbidden.</h1> <br/>request info: 240e:b87:1f6:d800:a504:b4a9:1b4d:4897<EOL>"
2026-04-21T23:03:18.479+08:00  WARN 20416 --- [inker] [nio-8083-exec-3] c.i.b.s.provider.EastMoneyStockProvider  : Failed to fetch concepts for stock. code=603167, market=SH, message=403 Forbidden: "<h1>Nginx forbidden.</h1> <br/>request info: 240e:b87:1f6:d800:a504:b4a9:1b4d:4897<EOL>"
2026-04-21T23:03:18.540+08:00  WARN 20416 --- [inker] [nio-8083-exec-3] c.i.b.s.provider.EastMoneyStockProvider  : Failed to fetch concepts for stock. code=603168, market=SH, message=403 Forbidden: "<h1>Nginx forbidden.</h1> <br/>request info: 240e:b87:1f6:d800:a504:b4a9:1b4d:4897<EOL>"
2026-04-21T23:03:18.589+08:00  WARN 20416 --- [inker] [nio-8083-exec-3] c.i.b.s.provider.EastMoneyStockProvider  : Failed to fetch concepts for stock. code=603169, market=SH, message=403 Forbidden: "<h1>Nginx forbidden.</h1> <br/>request info: 240e:b87:1f6:d800:a504:b4a9:1b4d:4897<EOL>"
2026-04-21T23:03:18.639+08:00  WARN 20416 --- [inker] [nio-8083-exec-3] c.i.b.s.provider.EastMoneyStockProvider  : Failed to fetch concepts for stock. code=603170, market=SH, message=403 Forbidden: "<h1>Nginx forbidden.</h1> <br/>request info: 240e:b87:1f6:d800:a504:b4a9:1b4d:4897<EOL>"
2026-04-21T23:03:18.681+08:00  WARN 20416 --- [inker] [nio-8083-exec-3] c.i.b.s.provider.EastMoneyStockProvider  : Failed to fetch concepts for stock. code=603171, market=SH, message=403 Forbidden: "<h1>Nginx forbidden.</h1> <br/>request info: 240e:b87:1f6:d800:a504:b4a9:1b4d:4897<EOL>"
2026-04-21T23:03:18.732+08:00  WARN 20416 --- [inker] [nio-8083-exec-3] c.i.b.s.provider.EastMoneyStockProvider  : Failed to fetch concepts for stock. code=603172, market=SH, message=403 Forbidden: "<h1>Nginx forbidden.</h1> <br/>request info: 240e:b87:1f6:d800:a504:b4a9:1b4d:4897<EOL>"
2026-04-21T23:03:18.776+08:00  WARN 20416 --- [inker] [nio-8083-exec-3] c.i.b.s.provider.EastMoneyStockProvider  : Failed to fetch concepts for stock. code=603173, market=SH, message=403 Forbidden: "<h1>Nginx forbidden.</h1> <br/>request info: 240e:b87:1f6:d800:a504:b4a9:1b4d:4897<EOL>"
2026-04-21T23:03:18.822+08:00  WARN 20416 --- [inker] [nio-8083-exec-3] c.i.b.s.provider.EastMoneyStockProvider  : Failed to fetch concepts for stock. code=603175, market=SH, message=403 Forbidden: "<h1>Nginx forbidden.</h1> <br/>request info: 240e:b87:1f6:d800:a504:b4a9:1b4d:4897<EOL>"
2026-04-21T23:03:18.873+08:00  WARN 20416 --- [inker] [nio-8083-exec-3] c.i.b.s.provider.EastMoneyStockProvider  : Failed to fetch concepts for stock. code=603176, market=SH, message=403 Forbidden: "<h1>Nginx forbidden.</h1> <br/>request info: 240e:b87:1f6:d800:a504:b4a9:1b4d:4897<EOL>"
2026-04-21T23:03:18.920+08:00  WARN 20416 --- [inker] [nio-8083-exec-3] c.i.b.s.provider.EastMoneyStockProvider  : Failed to fetch concepts for stock. code=603177, market=SH, message=403 Forbidden: "<h1>Nginx forbidden.</h1> <br/>request info: 240e:b87:1f6:d800:a504:b4a9:1b4d:4897<EOL>"
2026-04-21T23:03:18.965+08:00  WARN 20416 --- [inker] [nio-8083-exec-3] c.i.b.s.provider.EastMoneyStockProvider  : Failed to fetch concepts for stock. code=603178, market=SH, message=403 Forbidden: "<h1>Nginx forbidden.</h1> <br/>request info: 240e:b87:1f6:d800:a504:b4a9:1b4d:4897<EOL>"
2026-04-21T23:03:19.014+08:00  WARN 20416 --- [inker] [nio-8083-exec-3] c.i.b.s.provider.EastMoneyStockProvider  : Failed to fetch concepts for stock. code=603179, market=SH, message=403 Forbidden: "<h1>Nginx forbidden.</h1> <br/>request info: 240e:b87:1f6:d800:a504:b4a9:1b4d:4897<EOL>"
2026-04-21T23:03:19.063+08:00  WARN 20416 --- [inker] [nio-8083-exec-3] c.i.b.s.provider.EastMoneyStockProvider  : Failed to fetch concepts for stock. code=603180, market=SH, message=403 Forbidden: "<h1>Nginx forbidden.</h1> <br/>request info: 240e:b87:1f6:d800:a504:b4a9:1b4d:4897<EOL>"
2026-04-21T23:03:19.108+08:00  WARN 20416 --- [inker] [nio-8083-exec-3] c.i.b.s.provider.EastMoneyStockProvider  : Failed to fetch concepts for stock. code=603181, market=SH, message=403 Forbidden: "<h1>Nginx forbidden.</h1> <br/>request info: 240e:b87:1f6:d800:a504:b4a9:1b4d:4897<EOL>"
2026-04-21T23:03:19.154+08:00  WARN 20416 --- [inker] [nio-8083-exec-3] c.i.b.s.provider.EastMoneyStockProvider  : Failed to fetch concepts for stock. code=603182, market=SH, message=403 Forbidden: "<h1>Nginx forbidden.</h1> <br/>request info: 240e:b87:1f6:d800:a504:b4a9:1b4d:4897<EOL>"
2026-04-21T23:03:19.198+08:00  WARN 20416 --- [inker] [nio-8083-exec-3] c.i.b.s.provider.EastMoneyStockProvider  : Failed to fetch concepts for stock. code=603183, market=SH, message=403 Forbidden: "<h1>Nginx forbidden.</h1> <br/>request info: 240e:b87:1f6:d800:a504:b4a9:1b4d:4897<EOL>"
2026-04-21T23:03:19.269+08:00  WARN 20416 --- [inker] [nio-8083-exec-3] c.i.b.s.provider.EastMoneyStockProvider  : Failed to fetch concepts for stock. code=603185, market=SH, message=403 Forbidden: "<h1>Nginx forbidden.</h1> <br/>request info: 240e:b87:1f6:d800:a504:b4a9:1b4d:4897<EOL>"
2026-04-21T23:03:19.311+08:00  WARN 20416 --- [inker] [nio-8083-exec-3] c.i.b.s.provider.EastMoneyStockProvider  : Failed to fetch concepts for stock. code=603186, market=SH, message=403 Forbidden: "<h1>Nginx forbidden.</h1> <br/>request info: 240e:b87:1f6:d800:a504:b4a9:1b4d:4897<EOL>"
2026-04-21T23:03:19.357+08:00  WARN 20416 --- [inker] [nio-8083-exec-3] c.i.b.s.provider.EastMoneyStockProvider  : Failed to fetch concepts for stock. code=603187, market=SH, message=403 Forbidden: "<h1>Nginx forbidden.</h1> <br/>request info: 240e:b87:1f6:d800:a504:b4a9:1b4d:4897<EOL>"
2026-04-21T23:03:19.402+08:00  WARN 20416 --- [inker] [nio-8083-exec-3] c.i.b.s.provider.EastMoneyStockProvider  : Failed to fetch concepts for stock. code=603188, market=SH, message=403 Forbidden: "<h1>Nginx forbidden.</h1> <br/>request info: 240e:b87:1f6:d800:a504:b4a9:1b4d:4897<EOL>"
2026-04-21T23:03:19.732+08:00  WARN 20416 --- [inker] [nio-8083-exec-3] c.i.b.s.provider.EastMoneyStockProvider  : Failed to fetch concepts for stock. code=603189, market=SH, message=403 Forbidden: "<h1>Nginx forbidden.</h1> <br/>request info: 240e:b87:1f6:d800:a504:b4a9:1b4d:4897<EOL>"
2026-04-21T23:03:19.779+08:00  WARN 20416 --- [inker] [nio-8083-exec-3] c.i.b.s.provider.EastMoneyStockProvider  : Failed to fetch concepts for stock. code=603190, market=SH, message=403 Forbidden: "<h1>Nginx forbidden.</h1> <br/>request info: 240e:b87:1f6:d800:a504:b4a9:1b4d:4897<EOL>"
2026-04-21T23:03:19.848+08:00  WARN 20416 --- [inker] [nio-8083-exec-3] c.i.b.s.provider.EastMoneyStockProvider  : Failed to fetch concepts for stock. code=603191, market=SH, message=403 Forbidden: "<h1>Nginx forbidden.</h1> <br/>request info: 240e:b87:1f6:d800:a504:b4a9:1b4d:4897<EOL>"
2026-04-21T23:03:19.891+08:00  WARN 20416 --- [inker] [nio-8083-exec-3] c.i.b.s.provider.EastMoneyStockProvider  : Failed to fetch concepts for stock. code=603192, market=SH, message=403 Forbidden: "<h1>Nginx forbidden.</h1> <br/>request info: 240e:b87:1f6:d800:a504:b4a9:1b4d:4897<EOL>"
2026-04-21T23:03:19.935+08:00  WARN 20416 --- [inker] [nio-8083-exec-3] c.i.b.s.provider.EastMoneyStockProvider  : Failed to fetch concepts for stock. code=603193, market=SH, message=403 Forbidden: "<h1>Nginx forbidden.</h1> <br/>request info: 240e:b87:1f6:d800:a504:b4a9:1b4d:4897<EOL>"
2026-04-21T23:03:19.986+08:00  WARN 20416 --- [inker] [nio-8083-exec-3] c.i.b.s.provider.EastMoneyStockProvider  : Failed to fetch concepts for stock. code=603194, market=SH, message=403 Forbidden: "<h1>Nginx forbidden.</h1> <br/>request info: 240e:b87:1f6:d800:a504:b4a9:1b4d:4897<EOL>"
2026-04-21T23:03:20.031+08:00  WARN 20416 --- [inker] [nio-8083-exec-3] c.i.b.s.provider.EastMoneyStockProvider  : Failed to fetch concepts for stock. code=603195, market=SH, message=403 Forbidden: "<h1>Nginx forbidden.</h1> <br/>request info: 240e:b87:1f6:d800:a504:b4a9:1b4d:4897<EOL>"
2026-04-21T23:03:20.077+08:00  WARN 20416 --- [inker] [nio-8083-exec-3] c.i.b.s.provider.EastMoneyStockProvider  : Failed to fetch concepts for stock. code=603196, market=SH, message=403 Forbidden: "<h1>Nginx forbidden.</h1> <br/>request info: 240e:b87:1f6:d800:a504:b4a9:1b4d:4897<EOL>"
2026-04-21T23:03:20.126+08:00  WARN 20416 --- [inker] [nio-8083-exec-3] c.i.b.s.provider.EastMoneyStockProvider  : Failed to fetch concepts for stock. code=603197, market=SH, message=403 Forbidden: "<h1>Nginx forbidden.</h1> <br/>request info: 240e:b87:1f6:d800:a504:b4a9:1b4d:4897<EOL>"
2026-04-21T23:03:20.172+08:00  WARN 20416 --- [inker] [nio-8083-exec-3] c.i.b.s.provider.EastMoneyStockProvider  : Failed to fetch concepts for stock. code=603198, market=SH, message=403 Forbidden: "<h1>Nginx forbidden.</h1> <br/>request info: 240e:b87:1f6:d800:a504:b4a9:1b4d:4897<EOL>"
2026-04-21T23:03:20.221+08:00  WARN 20416 --- [inker] [nio-8083-exec-3] c.i.b.s.provider.EastMoneyStockProvider  : Failed to fetch concepts for stock. code=603199, market=SH, message=403 Forbidden: "<h1>Nginx forbidden.</h1> <br/>request info: 240e:b87:1f6:d800:a504:b4a9:1b4d:4897<EOL>"
2026-04-21T23:03:20.267+08:00  WARN 20416 --- [inker] [nio-8083-exec-3] c.i.b.s.provider.EastMoneyStockProvider  : Failed to fetch concepts for stock. code=603200, market=SH, message=403 Forbidden: "<h1>Nginx forbidden.</h1> <br/>request info: 240e:b87:1f6:d800:a504:b4a9:1b4d:4897<EOL>"
2026-04-21T23:03:20.317+08:00  WARN 20416 --- [inker] [nio-8083-exec-3] c.i.b.s.provider.EastMoneyStockProvider  : Failed to fetch concepts for stock. code=603201, market=SH, message=403 Forbidden: "<h1>Nginx forbidden.</h1> <br/>request info: 240e:b87:1f6:d800:a504:b4a9:1b4d:4897<EOL>"
2026-04-21T23:03:20.369+08:00  WARN 20416 --- [inker] [nio-8083-exec-3] c.i.b.s.provider.EastMoneyStockProvider  : Failed to fetch concepts for stock. code=603202, market=SH, message=403 Forbidden: "<h1>Nginx forbidden.</h1> <br/>request info: 240e:b87:1f6:d800:a504:b4a9:1b4d:4897<EOL>"
2026-04-21T23:03:20.411+08:00  WARN 20416 --- [inker] [nio-8083-exec-3] c.i.b.s.provider.EastMoneyStockProvider  : Failed to fetch concepts for stock. code=603203, market=SH, message=403 Forbidden: "<h1>Nginx forbidden.</h1> <br/>request info: 240e:b87:1f6:d800:a504:b4a9:1b4d:4897<EOL>"
2026-04-21T23:03:20.455+08:00  WARN 20416 --- [inker] [nio-8083-exec-3] c.i.b.s.provider.EastMoneyStockProvider  : Failed to fetch concepts for stock. code=603205, market=SH, message=403 Forbidden: "<h1>Nginx forbidden.</h1> <br/>request info: 240e:b87:1f6:d800:a504:b4a9:1b4d:4897<EOL>"
2026-04-21T23:03:20.499+08:00  WARN 20416 --- [inker] [nio-8083-exec-3] c.i.b.s.provider.EastMoneyStockProvider  : Failed to fetch concepts for stock. code=603206, market=SH, message=403 Forbidden: "<h1>Nginx forbidden.</h1> <br/>request info: 240e:b87:1f6:d800:a504:b4a9:1b4d:4897<EOL>"
2026-04-21T23:03:20.545+08:00  WARN 20416 --- [inker] [nio-8083-exec-3] c.i.b.s.provider.EastMoneyStockProvider  : Failed to fetch concepts for stock. code=603207, market=SH, message=403 Forbidden: "<h1>Nginx forbidden.</h1> <br/>request info: 240e:b87:1f6:d800:a504:b4a9:1b4d:4897<EOL>"
2026-04-21T23:03:20.596+08:00  WARN 20416 --- [inker] [nio-8083-exec-3] c.i.b.s.provider.EastMoneyStockProvider  : Failed to fetch concepts for stock. code=603208, market=SH, message=403 Forbidden: "<h1>Nginx forbidden.</h1> <br/>request info: 240e:b87:1f6:d800:a504:b4a9:1b4d:4897<EOL>"
2026-04-21T23:03:20.638+08:00  WARN 20416 --- [inker] [nio-8083-exec-3] c.i.b.s.provider.EastMoneyStockProvider  : Failed to fetch concepts for stock. code=603209, market=SH, message=403 Forbidden: "<h1>Nginx forbidden.</h1> <br/>request info: 240e:b87:1f6:d800:a504:b4a9:1b4d:4897<EOL>"
2026-04-21T23:03:20.686+08:00  WARN 20416 --- [inker] [nio-8083-exec-3] c.i.b.s.provider.EastMoneyStockProvider  : Failed to fetch concepts for stock. code=603210, market=SH, message=403 Forbidden: "<h1>Nginx forbidden.</h1> <br/>request info: 240e:b87:1f6:d800:a504:b4a9:1b4d:4897<EOL>"
2026-04-21T23:03:20.729+08:00  WARN 20416 --- [inker] [nio-8083-exec-3] c.i.b.s.provider.EastMoneyStockProvider  : Failed to fetch concepts for stock. code=603211, market=SH, message=403 Forbidden: "<h1>Nginx forbidden.</h1> <br/>request info: 240e:b87:1f6:d800:a504:b4a9:1b4d:4897<EOL>"
2026-04-21T23:03:20.931+08:00  WARN 20416 --- [inker] [nio-8083-exec-3] c.i.b.s.provider.EastMoneyStockProvider  : Failed to fetch concepts for stock. code=603212, market=SH, message=403 Forbidden: "<h1>Nginx forbidden.</h1> <br/>request info: 240e:b87:1f6:d800:a504:b4a9:1b4d:4897<EOL>"
2026-04-21T23:03:20.991+08:00  WARN 20416 --- [inker] [nio-8083-exec-3] c.i.b.s.provider.EastMoneyStockProvider  : Failed to fetch concepts for stock. code=603213, market=SH, message=403 Forbidden: "<h1>Nginx forbidden.</h1> <br/>request info: 240e:b87:1f6:d800:a504:b4a9:1b4d:4897<EOL>"
2026-04-21T23:03:21.035+08:00  WARN 20416 --- [inker] [nio-8083-exec-3] c.i.b.s.provider.EastMoneyStockProvider  : Failed to fetch concepts for stock. code=603214, market=SH, message=403 Forbidden: "<h1>Nginx forbidden.</h1> <br/>request info: 240e:b87:1f6:d800:a504:b4a9:1b4d:4897<EOL>"
2026-04-21T23:03:21.079+08:00  WARN 20416 --- [inker] [nio-8083-exec-3] c.i.b.s.provider.EastMoneyStockProvider  : Failed to fetch concepts for stock. code=603215, market=SH, message=403 Forbidden: "<h1>Nginx forbidden.</h1> <br/>request info: 240e:b87:1f6:d800:a504:b4a9:1b4d:4897<EOL>"
2026-04-21T23:03:21.123+08:00  WARN 20416 --- [inker] [nio-8083-exec-3] c.i.b.s.provider.EastMoneyStockProvider  : Failed to fetch concepts for stock. code=603216, market=SH, message=403 Forbidden: "<h1>Nginx forbidden.</h1> <br/>request info: 240e:b87:1f6:d800:a504:b4a9:1b4d:4897<EOL>"
2026-04-21T23:03:21.172+08:00  WARN 20416 --- [inker] [nio-8083-exec-3] c.i.b.s.provider.EastMoneyStockProvider  : Failed to fetch concepts for stock. code=603217, market=SH, message=403 Forbidden: "<h1>Nginx forbidden.</h1> <br/>request info: 240e:b87:1f6:d800:a504:b4a9:1b4d:4897<EOL>"
2026-04-21T23:03:21.223+08:00  WARN 20416 --- [inker] [nio-8083-exec-3] c.i.b.s.provider.EastMoneyStockProvider  : Failed to fetch concepts for stock. code=603218, market=SH, message=403 Forbidden: "<h1>Nginx forbidden.</h1> <br/>request info: 240e:b87:1f6:d800:a504:b4a9:1b4d:4897<EOL>"
2026-04-21T23:03:21.272+08:00  WARN 20416 --- [inker] [nio-8083-exec-3] c.i.b.s.provider.EastMoneyStockProvider  : Failed to fetch concepts for stock. code=603219, market=SH, message=403 Forbidden: "<h1>Nginx forbidden.</h1> <br/>request info: 240e:b87:1f6:d800:a504:b4a9:1b4d:4897<EOL>"
2026-04-21T23:03:21.314+08:00  WARN 20416 --- [inker] [nio-8083-exec-3] c.i.b.s.provider.EastMoneyStockProvider  : Failed to fetch concepts for stock. code=603220, market=SH, message=403 Forbidden: "<h1>Nginx forbidden.</h1> <br/>request info: 240e:b87:1f6:d800:a504:b4a9:1b4d:4897<EOL>"
2026-04-21T23:03:21.357+08:00  WARN 20416 --- [inker] [nio-8083-exec-3] c.i.b.s.provider.EastMoneyStockProvider  : Failed to fetch concepts for stock. code=603221, market=SH, message=403 Forbidden: "<h1>Nginx forbidden.</h1> <br/>request info: 240e:b87:1f6:d800:a504:b4a9:1b4d:4897<EOL>"
2026-04-21T23:03:21.407+08:00  WARN 20416 --- [inker] [nio-8083-exec-3] c.i.b.s.provider.EastMoneyStockProvider  : Failed to fetch concepts for stock. code=603222, market=SH, message=403 Forbidden: "<h1>Nginx forbidden.</h1> <br/>request info: 240e:b87:1f6:d800:a504:b4a9:1b4d:4897<EOL>"
2026-04-21T23:03:21.451+08:00  WARN 20416 --- [inker] [nio-8083-exec-3] c.i.b.s.provider.EastMoneyStockProvider  : Failed to fetch concepts for stock. code=603223, market=SH, message=403 Forbidden: "<h1>Nginx forbidden.</h1> <br/>request info: 240e:b87:1f6:d800:a504:b4a9:1b4d:4897<EOL>"
2026-04-21T23:03:21.496+08:00  WARN 20416 --- [inker] [nio-8083-exec-3] c.i.b.s.provider.EastMoneyStockProvider  : Failed to fetch concepts for stock. code=603225, market=SH, message=403 Forbidden: "<h1>Nginx forbidden.</h1> <br/>request info: 240e:b87:1f6:d800:a504:b4a9:1b4d:4897<EOL>"
2026-04-21T23:03:21.554+08:00  WARN 20416 --- [inker] [nio-8083-exec-3] c.i.b.s.provider.EastMoneyStockProvider  : Failed to fetch concepts for stock. code=603226, market=SH, message=403 Forbidden: "<h1>Nginx forbidden.</h1> <br/>request info: 240e:b87:1f6:d800:a504:b4a9:1b4d:4897<EOL>"
2026-04-21T23:03:21.596+08:00  WARN 20416 --- [inker] [nio-8083-exec-3] c.i.b.s.provider.EastMoneyStockProvider  : Failed to fetch concepts for stock. code=603227, market=SH, message=403 Forbidden: "<h1>Nginx forbidden.</h1> <br/>request info: 240e:b87:1f6:d800:a504:b4a9:1b4d:4897<EOL>"
2026-04-21T23:03:21.648+08:00  WARN 20416 --- [inker] [nio-8083-exec-3] c.i.b.s.provider.EastMoneyStockProvider  : Failed to fetch concepts for stock. code=603228, market=SH, message=403 Forbidden: "<h1>Nginx forbidden.</h1> <br/>request info: 240e:b87:1f6:d800:a504:b4a9:1b4d:4897<EOL>"
2026-04-21T23:03:21.692+08:00  WARN 20416 --- [inker] [nio-8083-exec-3] c.i.b.s.provider.EastMoneyStockProvider  : Failed to fetch concepts for stock. code=603229, market=SH, message=403 Forbidden: "<h1>Nginx forbidden.</h1> <br/>request info: 240e:b87:1f6:d800:a504:b4a9:1b4d:4897<EOL>"
2026-04-21T23:03:21.734+08:00  WARN 20416 --- [inker] [nio-8083-exec-3] c.i.b.s.provider.EastMoneyStockProvider  : Failed to fetch concepts for stock. code=603230, market=SH, message=403 Forbidden: "<h1>Nginx forbidden.</h1> <br/>request info: 240e:b87:1f6:d800:a504:b4a9:1b4d:4897<EOL>"
2026-04-21T23:03:21.786+08:00  WARN 20416 --- [inker] [nio-8083-exec-3] c.i.b.s.provider.EastMoneyStockProvider  : Failed to fetch concepts for stock. code=603231, market=SH, message=403 Forbidden: "<h1>Nginx forbidden.</h1> <br/>request info: 240e:b87:1f6:d800:a504:b4a9:1b4d:4897<EOL>"
2026-04-21T23:03:21.829+08:00  WARN 20416 --- [inker] [nio-8083-exec-3] c.i.b.s.provider.EastMoneyStockProvider  : Failed to fetch concepts for stock. code=603232, market=SH, message=403 Forbidden: "<h1>Nginx forbidden.</h1> <br/>request info: 240e:b87:1f6:d800:a504:b4a9:1b4d:4897<EOL>"
2026-04-21T23:03:21.876+08:00  WARN 20416 --- [inker] [nio-8083-exec-3] c.i.b.s.provider.EastMoneyStockProvider  : Failed to fetch concepts for stock. code=603233, market=SH, message=403 Forbidden: "<h1>Nginx forbidden.</h1> <br/>request info: 240e:b87:1f6:d800:a504:b4a9:1b4d:4897<EOL>"
2026-04-21T23:03:21.923+08:00  WARN 20416 --- [inker] [nio-8083-exec-3] c.i.b.s.provider.EastMoneyStockProvider  : Failed to fetch concepts for stock. code=603235, market=SH, message=403 Forbidden: "<h1>Nginx forbidden.</h1> <br/>request info: 240e:b87:1f6:d800:a504:b4a9:1b4d:4897<EOL>"
2026-04-21T23:03:21.967+08:00  WARN 20416 --- [inker] [nio-8083-exec-3] c.i.b.s.provider.EastMoneyStockProvider  : Failed to fetch concepts for stock. code=603236, market=SH, message=403 Forbidden: "<h1>Nginx forbidden.</h1> <br/>request info: 240e:b87:1f6:d800:a504:b4a9:1b4d:4897<EOL>"
2026-04-21T23:03:22.012+08:00  WARN 20416 --- [inker] [nio-8083-exec-3] c.i.b.s.provider.EastMoneyStockProvider  : Failed to fetch concepts for stock. code=603237, market=SH, message=403 Forbidden: "<h1>Nginx forbidden.</h1> <br/>request info: 240e:b87:1f6:d800:a504:b4a9:1b4d:4897<EOL>"
2026-04-21T23:03:22.061+08:00  WARN 20416 --- [inker] [nio-8083-exec-3] c.i.b.s.provider.EastMoneyStockProvider  : Failed to fetch concepts for stock. code=603238, market=SH, message=403 Forbidden: "<h1>Nginx forbidden.</h1> <br/>request info: 240e:b87:1f6:d800:a504:b4a9:1b4d:4897<EOL>"
2026-04-21T23:03:22.104+08:00  WARN 20416 --- [inker] [nio-8083-exec-3] c.i.b.s.provider.EastMoneyStockProvider  : Failed to fetch concepts for stock. code=603239, market=SH, message=403 Forbidden: "<h1>Nginx forbidden.</h1> <br/>request info: 240e:b87:1f6:d800:a504:b4a9:1b4d:4897<EOL>"
2026-04-21T23:03:22.147+08:00  WARN 20416 --- [inker] [nio-8083-exec-3] c.i.b.s.provider.EastMoneyStockProvider  : Failed to fetch concepts for stock. code=603248, market=SH, message=403 Forbidden: "<h1>Nginx forbidden.</h1> <br/>request info: 240e:b87:1f6:d800:a504:b4a9:1b4d:4897<EOL>"
2026-04-21T23:03:22.191+08:00  WARN 20416 --- [inker] [nio-8083-exec-3] c.i.b.s.provider.EastMoneyStockProvider  : Failed to fetch concepts for stock. code=603255, market=SH, message=403 Forbidden: "<h1>Nginx forbidden.</h1> <br/>request info: 240e:b87:1f6:d800:a504:b4a9:1b4d:4897<EOL>"
2026-04-21T23:03:22.234+08:00  WARN 20416 --- [inker] [nio-8083-exec-3] c.i.b.s.provider.EastMoneyStockProvider  : Failed to fetch concepts for stock. code=603256, market=SH, message=403 Forbidden: "<h1>Nginx forbidden.</h1> <br/>request info: 240e:b87:1f6:d800:a504:b4a9:1b4d:4897<EOL>"
2026-04-21T23:03:22.279+08:00  WARN 20416 --- [inker] [nio-8083-exec-3] c.i.b.s.provider.EastMoneyStockProvider  : Failed to fetch concepts for stock. code=603257, market=SH, message=403 Forbidden: "<h1>Nginx forbidden.</h1> <br/>request info: 240e:b87:1f6:d800:a504:b4a9:1b4d:4897<EOL>"
2026-04-21T23:03:22.324+08:00  WARN 20416 --- [inker] [nio-8083-exec-3] c.i.b.s.provider.EastMoneyStockProvider  : Failed to fetch concepts for stock. code=603258, market=SH, message=403 Forbidden: "<h1>Nginx forbidden.</h1> <br/>request info: 240e:b87:1f6:d800:a504:b4a9:1b4d:4897<EOL>"
2026-04-21T23:03:22.368+08:00  WARN 20416 --- [inker] [nio-8083-exec-3] c.i.b.s.provider.EastMoneyStockProvider  : Failed to fetch concepts for stock. code=603259, market=SH, message=403 Forbidden: "<h1>Nginx forbidden.</h1> <br/>request info: 240e:b87:1f6:d800:a504:b4a9:1b4d:4897<EOL>"
2026-04-21T23:03:22.416+08:00  WARN 20416 --- [inker] [nio-8083-exec-3] c.i.b.s.provider.EastMoneyStockProvider  : Failed to fetch concepts for stock. code=603260, market=SH, message=403 Forbidden: "<h1>Nginx forbidden.</h1> <br/>request info: 240e:b87:1f6:d800:a504:b4a9:1b4d:4897<EOL>"
2026-04-21T23:03:22.459+08:00  WARN 20416 --- [inker] [nio-8083-exec-3] c.i.b.s.provider.EastMoneyStockProvider  : Failed to fetch concepts for stock. code=603262, market=SH, message=403 Forbidden: "<h1>Nginx forbidden.</h1> <br/>request info: 240e:b87:1f6:d800:a504:b4a9:1b4d:4897<EOL>"
2026-04-21T23:03:22.501+08:00  WARN 20416 --- [inker] [nio-8083-exec-3] c.i.b.s.provider.EastMoneyStockProvider  : Failed to fetch concepts for stock. code=603266, market=SH, message=403 Forbidden: "<h1>Nginx forbidden.</h1> <br/>request info: 240e:b87:1f6:d800:a504:b4a9:1b4d:4897<EOL>"
2026-04-21T23:03:22.551+08:00  WARN 20416 --- [inker] [nio-8083-exec-3] c.i.b.s.provider.EastMoneyStockProvider  : Failed to fetch concepts for stock. code=603267, market=SH, message=403 Forbidden: "<h1>Nginx forbidden.</h1> <br/>request info: 240e:b87:1f6:d800:a504:b4a9:1b4d:4897<EOL>"
2026-04-21T23:03:22.592+08:00  WARN 20416 --- [inker] [nio-8083-exec-3] c.i.b.s.provider.EastMoneyStockProvider  : Failed to fetch concepts for stock. code=603268, market=SH, message=403 Forbidden: "<h1>Nginx forbidden.</h1> <br/>request info: 240e:b87:1f6:d800:a504:b4a9:1b4d:4897<EOL>"
2026-04-21T23:03:22.635+08:00  WARN 20416 --- [inker] [nio-8083-exec-3] c.i.b.s.provider.EastMoneyStockProvider  : Failed to fetch concepts for stock. code=603269, market=SH, message=403 Forbidden: "<h1>Nginx forbidden.</h1> <br/>request info: 240e:b87:1f6:d800:a504:b4a9:1b4d:4897<EOL>"
2026-04-21T23:03:22.683+08:00  WARN 20416 --- [inker] [nio-8083-exec-3] c.i.b.s.provider.EastMoneyStockProvider  : Failed to fetch concepts for stock. code=603270, market=SH, message=403 Forbidden: "<h1>Nginx forbidden.</h1> <br/>request info: 240e:b87:1f6:d800:a504:b4a9:1b4d:4897<EOL>"
2026-04-21T23:03:22.727+08:00  WARN 20416 --- [inker] [nio-8083-exec-3] c.i.b.s.provider.EastMoneyStockProvider  : Failed to fetch concepts for stock. code=603271, market=SH, message=403 Forbidden: "<h1>Nginx forbidden.</h1> <br/>request info: 240e:b87:1f6:d800:a504:b4a9:1b4d:4897<EOL>"
2026-04-21T23:03:22.777+08:00  WARN 20416 --- [inker] [nio-8083-exec-3] c.i.b.s.provider.EastMoneyStockProvider  : Failed to fetch concepts for stock. code=603272, market=SH, message=403 Forbidden: "<h1>Nginx forbidden.</h1> <br/>request info: 240e:b87:1f6:d800:a504:b4a9:1b4d:4897<EOL>"
2026-04-21T23:03:22.828+08:00  WARN 20416 --- [inker] [nio-8083-exec-3] c.i.b.s.provider.EastMoneyStockProvider  : Failed to fetch concepts for stock. code=603273, market=SH, message=403 Forbidden: "<h1>Nginx forbidden.</h1> <br/>request info: 240e:b87:1f6:d800:a504:b4a9:1b4d:4897<EOL>"
2026-04-21T23:03:22.871+08:00  WARN 20416 --- [inker] [nio-8083-exec-3] c.i.b.s.provider.EastMoneyStockProvider  : Failed to fetch concepts for stock. code=603275, market=SH, message=403 Forbidden: "<h1>Nginx forbidden.</h1> <br/>request info: 240e:b87:1f6:d800:a504:b4a9:1b4d:4897<EOL>"
2026-04-21T23:03:22.915+08:00  WARN 20416 --- [inker] [nio-8083-exec-3] c.i.b.s.provider.EastMoneyStockProvider  : Failed to fetch concepts for stock. code=603276, market=SH, message=403 Forbidden: "<h1>Nginx forbidden.</h1> <br/>request info: 240e:b87:1f6:d800:a504:b4a9:1b4d:4897<EOL>"
2026-04-21T23:03:22.960+08:00  WARN 20416 --- [inker] [nio-8083-exec-3] c.i.b.s.provider.EastMoneyStockProvider  : Failed to fetch concepts for stock. code=603277, market=SH, message=403 Forbidden: "<h1>Nginx forbidden.</h1> <br/>request info: 240e:b87:1f6:d800:a504:b4a9:1b4d:4897<EOL>"
2026-04-21T23:03:23.009+08:00  WARN 20416 --- [inker] [nio-8083-exec-3] c.i.b.s.provider.EastMoneyStockProvider  : Failed to fetch concepts for stock. code=603278, market=SH, message=403 Forbidden: "<h1>Nginx forbidden.</h1> <br/>request info: 240e:b87:1f6:d800:a504:b4a9:1b4d:4897<EOL>"
2026-04-21T23:03:23.056+08:00  WARN 20416 --- [inker] [nio-8083-exec-3] c.i.b.s.provider.EastMoneyStockProvider  : Failed to fetch concepts for stock. code=603279, market=SH, message=403 Forbidden: "<h1>Nginx forbidden.</h1> <br/>request info: 240e:b87:1f6:d800:a504:b4a9:1b4d:4897<EOL>"
2026-04-21T23:03:23.103+08:00  WARN 20416 --- [inker] [nio-8083-exec-3] c.i.b.s.provider.EastMoneyStockProvider  : Failed to fetch concepts for stock. code=603280, market=SH, message=403 Forbidden: "<h1>Nginx forbidden.</h1> <br/>request info: 240e:b87:1f6:d800:a504:b4a9:1b4d:4897<EOL>"
2026-04-21T23:03:23.151+08:00  WARN 20416 --- [inker] [nio-8083-exec-3] c.i.b.s.provider.EastMoneyStockProvider  : Failed to fetch concepts for stock. code=603281, market=SH, message=403 Forbidden: "<h1>Nginx forbidden.</h1> <br/>request info: 240e:b87:1f6:d800:a504:b4a9:1b4d:4897<EOL>"
2026-04-21T23:03:23.198+08:00  WARN 20416 --- [inker] [nio-8083-exec-3] c.i.b.s.provider.EastMoneyStockProvider  : Failed to fetch concepts for stock. code=603282, market=SH, message=403 Forbidden: "<h1>Nginx forbidden.</h1> <br/>request info: 240e:b87:1f6:d800:a504:b4a9:1b4d:4897<EOL>"
2026-04-21T23:03:23.247+08:00  WARN 20416 --- [inker] [nio-8083-exec-3] c.i.b.s.provider.EastMoneyStockProvider  : Failed to fetch concepts for stock. code=603283, market=SH, message=403 Forbidden: "<h1>Nginx forbidden.</h1> <br/>request info: 240e:b87:1f6:d800:a504:b4a9:1b4d:4897<EOL>"
2026-04-21T23:03:23.291+08:00  WARN 20416 --- [inker] [nio-8083-exec-3] c.i.b.s.provider.EastMoneyStockProvider  : Failed to fetch concepts for stock. code=603284, market=SH, message=403 Forbidden: "<h1>Nginx forbidden.</h1> <br/>request info: 240e:b87:1f6:d800:a504:b4a9:1b4d:4897<EOL>"
2026-04-21T23:03:23.337+08:00  WARN 20416 --- [inker] [nio-8083-exec-3] c.i.b.s.provider.EastMoneyStockProvider  : Failed to fetch concepts for stock. code=603285, market=SH, message=403 Forbidden: "<h1>Nginx forbidden.</h1> <br/>request info: 240e:b87:1f6:d800:a504:b4a9:1b4d:4897<EOL>"
2026-04-21T23:03:23.384+08:00  WARN 20416 --- [inker] [nio-8083-exec-3] c.i.b.s.provider.EastMoneyStockProvider  : Failed to fetch concepts for stock. code=603286, market=SH, message=403 Forbidden: "<h1>Nginx forbidden.</h1> <br/>request info: 240e:b87:1f6:d800:a504:b4a9:1b4d:4897<EOL>"
2026-04-21T23:03:23.435+08:00  WARN 20416 --- [inker] [nio-8083-exec-3] c.i.b.s.provider.EastMoneyStockProvider  : Failed to fetch concepts for stock. code=603288, market=SH, message=403 Forbidden: "<h1>Nginx forbidden.</h1> <br/>request info: 240e:b87:1f6:d800:a504:b4a9:1b4d:4897<EOL>"
2026-04-21T23:03:23.481+08:00  WARN 20416 --- [inker] [nio-8083-exec-3] c.i.b.s.provider.EastMoneyStockProvider  : Failed to fetch concepts for stock. code=603289, market=SH, message=403 Forbidden: "<h1>Nginx forbidden.</h1> <br/>request info: 240e:b87:1f6:d800:a504:b4a9:1b4d:4897<EOL>"
2026-04-21T23:03:23.526+08:00  WARN 20416 --- [inker] [nio-8083-exec-3] c.i.b.s.provider.EastMoneyStockProvider  : Failed to fetch concepts for stock. code=603290, market=SH, message=403 Forbidden: "<h1>Nginx forbidden.</h1> <br/>request info: 240e:b87:1f6:d800:a504:b4a9:1b4d:4897<EOL>"
2026-04-21T23:03:23.572+08:00  WARN 20416 --- [inker] [nio-8083-exec-3] c.i.b.s.provider.EastMoneyStockProvider  : Failed to fetch concepts for stock. code=603291, market=SH, message=403 Forbidden: "<h1>Nginx forbidden.</h1> <br/>request info: 240e:b87:1f6:d800:a504:b4a9:1b4d:4897<EOL>"
2026-04-21T23:03:23.620+08:00  WARN 20416 --- [inker] [nio-8083-exec-3] c.i.b.s.provider.EastMoneyStockProvider  : Failed to fetch concepts for stock. code=603293, market=SH, message=403 Forbidden: "<h1>Nginx forbidden.</h1> <br/>request info: 240e:b87:1f6:d800:a504:b4a9:1b4d:4897<EOL>"
2026-04-21T23:03:23.671+08:00  WARN 20416 --- [inker] [nio-8083-exec-3] c.i.b.s.provider.EastMoneyStockProvider  : Failed to fetch concepts for stock. code=603296, market=SH, message=403 Forbidden: "<h1>Nginx forbidden.</h1> <br/>request info: 240e:b87:1f6:d800:a504:b4a9:1b4d:4897<EOL>"
2026-04-21T23:03:23.715+08:00  WARN 20416 --- [inker] [nio-8083-exec-3] c.i.b.s.provider.EastMoneyStockProvider  : Failed to fetch concepts for stock. code=603297, market=SH, message=403 Forbidden: "<h1>Nginx forbidden.</h1> <br/>request info: 240e:b87:1f6:d800:a504:b4a9:1b4d:4897<EOL>"
2026-04-21T23:03:23.762+08:00  WARN 20416 --- [inker] [nio-8083-exec-3] c.i.b.s.provider.EastMoneyStockProvider  : Failed to fetch concepts for stock. code=603298, market=SH, message=403 Forbidden: "<h1>Nginx forbidden.</h1> <br/>request info: 240e:b87:1f6:d800:a504:b4a9:1b4d:4897<EOL>"
2026-04-21T23:03:23.810+08:00  WARN 20416 --- [inker] [nio-8083-exec-3] c.i.b.s.provider.EastMoneyStockProvider  : Failed to fetch concepts for stock. code=603299, market=SH, message=403 Forbidden: "<h1>Nginx forbidden.</h1> <br/>request info: 240e:b87:1f6:d800:a504:b4a9:1b4d:4897<EOL>"
2026-04-21T23:03:23.852+08:00  WARN 20416 --- [inker] [nio-8083-exec-3] c.i.b.s.provider.EastMoneyStockProvider  : Failed to fetch concepts for stock. code=603300, market=SH, message=403 Forbidden: "<h1>Nginx forbidden.</h1> <br/>request info: 240e:b87:1f6:d800:a504:b4a9:1b4d:4897<EOL>"
2026-04-21T23:03:23.902+08:00  WARN 20416 --- [inker] [nio-8083-exec-3] c.i.b.s.provider.EastMoneyStockProvider  : Failed to fetch concepts for stock. code=603301, market=SH, message=403 Forbidden: "<h1>Nginx forbidden.</h1> <br/>request info: 240e:b87:1f6:d800:a504:b4a9:1b4d:4897<EOL>"
2026-04-21T23:03:23.946+08:00  WARN 20416 --- [inker] [nio-8083-exec-3] c.i.b.s.provider.EastMoneyStockProvider  : Failed to fetch concepts for stock. code=603303, market=SH, message=403 Forbidden: "<h1>Nginx forbidden.</h1> <br/>request info: 240e:b87:1f6:d800:a504:b4a9:1b4d:4897<EOL>"
2026-04-21T23:03:23.990+08:00  WARN 20416 --- [inker] [nio-8083-exec-3] c.i.b.s.provider.EastMoneyStockProvider  : Failed to fetch concepts for stock. code=603305, market=SH, message=403 Forbidden: "<h1>Nginx forbidden.</h1> <br/>request info: 240e:b87:1f6:d800:a504:b4a9:1b4d:4897<EOL>"
2026-04-21T23:03:24.037+08:00  WARN 20416 --- [inker] [nio-8083-exec-3] c.i.b.s.provider.EastMoneyStockProvider  : Failed to fetch concepts for stock. code=603306, market=SH, message=403 Forbidden: "<h1>Nginx forbidden.</h1> <br/>request info: 240e:b87:1f6:d800:a504:b4a9:1b4d:4897<EOL>"
2026-04-21T23:03:24.087+08:00  WARN 20416 --- [inker] [nio-8083-exec-3] c.i.b.s.provider.EastMoneyStockProvider  : Failed to fetch concepts for stock. code=603307, market=SH, message=403 Forbidden: "<h1>Nginx forbidden.</h1> <br/>request info: 240e:b87:1f6:d800:a504:b4a9:1b4d:4897<EOL>"
2026-04-21T23:03:24.134+08:00  WARN 20416 --- [inker] [nio-8083-exec-3] c.i.b.s.provider.EastMoneyStockProvider  : Failed to fetch concepts for stock. code=603308, market=SH, message=403 Forbidden: "<h1>Nginx forbidden.</h1> <br/>request info: 240e:b87:1f6:d800:a504:b4a9:1b4d:4897<EOL>"
2026-04-21T23:03:24.179+08:00  WARN 20416 --- [inker] [nio-8083-exec-3] c.i.b.s.provider.EastMoneyStockProvider  : Failed to fetch concepts for stock. code=603309, market=SH, message=403 Forbidden: "<h1>Nginx forbidden.</h1> <br/>request info: 240e:b87:1f6:d800:a504:b4a9:1b4d:4897<EOL>"
2026-04-21T23:03:24.225+08:00  WARN 20416 --- [inker] [nio-8083-exec-3] c.i.b.s.provider.EastMoneyStockProvider  : Failed to fetch concepts for stock. code=603310, market=SH, message=403 Forbidden: "<h1>Nginx forbidden.</h1> <br/>request info: 240e:b87:1f6:d800:a504:b4a9:1b4d:4897<EOL>"
2026-04-21T23:03:24.270+08:00  WARN 20416 --- [inker] [nio-8083-exec-3] c.i.b.s.provider.EastMoneyStockProvider  : Failed to fetch concepts for stock. code=603311, market=SH, message=403 Forbidden: "<h1>Nginx forbidden.</h1> <br/>request info: 240e:b87:1f6:d800:a504:b4a9:1b4d:4897<EOL>"
2026-04-21T23:03:24.315+08:00  WARN 20416 --- [inker] [nio-8083-exec-3] c.i.b.s.provider.EastMoneyStockProvider  : Failed to fetch concepts for stock. code=603312, market=SH, message=403 Forbidden: "<h1>Nginx forbidden.</h1> <br/>request info: 240e:b87:1f6:d800:a504:b4a9:1b4d:4897<EOL>"
2026-04-21T23:03:24.363+08:00  WARN 20416 --- [inker] [nio-8083-exec-3] c.i.b.s.provider.EastMoneyStockProvider  : Failed to fetch concepts for stock. code=603313, market=SH, message=403 Forbidden: "<h1>Nginx forbidden.</h1> <br/>request info: 240e:b87:1f6:d800:a504:b4a9:1b4d:4897<EOL>"
2026-04-21T23:03:24.406+08:00  WARN 20416 --- [inker] [nio-8083-exec-3] c.i.b.s.provider.EastMoneyStockProvider  : Failed to fetch concepts for stock. code=603315, market=SH, message=403 Forbidden: "<h1>Nginx forbidden.</h1> <br/>request info: 240e:b87:1f6:d800:a504:b4a9:1b4d:4897<EOL>"
2026-04-21T23:03:24.453+08:00  WARN 20416 --- [inker] [nio-8083-exec-3] c.i.b.s.provider.EastMoneyStockProvider  : Failed to fetch concepts for stock. code=603316, market=SH, message=403 Forbidden: "<h1>Nginx forbidden.</h1> <br/>request info: 240e:b87:1f6:d800:a504:b4a9:1b4d:4897<EOL>"
2026-04-21T23:03:24.495+08:00  WARN 20416 --- [inker] [nio-8083-exec-3] c.i.b.s.provider.EastMoneyStockProvider  : Failed to fetch concepts for stock. code=603317, market=SH, message=403 Forbidden: "<h1>Nginx forbidden.</h1> <br/>request info: 240e:b87:1f6:d800:a504:b4a9:1b4d:4897<EOL>"
2026-04-21T23:03:24.542+08:00  WARN 20416 --- [inker] [nio-8083-exec-3] c.i.b.s.provider.EastMoneyStockProvider  : Failed to fetch concepts for stock. code=603318, market=SH, message=403 Forbidden: "<h1>Nginx forbidden.</h1> <br/>request info: 240e:b87:1f6:d800:a504:b4a9:1b4d:4897<EOL>"
2026-04-21T23:03:24.585+08:00  WARN 20416 --- [inker] [nio-8083-exec-3] c.i.b.s.provider.EastMoneyStockProvider  : Failed to fetch concepts for stock. code=603319, market=SH, message=403 Forbidden: "<h1>Nginx forbidden.</h1> <br/>request info: 240e:b87:1f6:d800:a504:b4a9:1b4d:4897<EOL>"
2026-04-21T23:03:24.635+08:00  WARN 20416 --- [inker] [nio-8083-exec-3] c.i.b.s.provider.EastMoneyStockProvider  : Failed to fetch concepts for stock. code=603320, market=SH, message=403 Forbidden: "<h1>Nginx forbidden.</h1> <br/>request info: 240e:b87:1f6:d800:a504:b4a9:1b4d:4897<EOL>"
2026-04-21T23:03:24.683+08:00  WARN 20416 --- [inker] [nio-8083-exec-3] c.i.b.s.provider.EastMoneyStockProvider  : Failed to fetch concepts for stock. code=603321, market=SH, message=403 Forbidden: "<h1>Nginx forbidden.</h1> <br/>request info: 240e:b87:1f6:d800:a504:b4a9:1b4d:4897<EOL>"
2026-04-21T23:03:24.732+08:00  WARN 20416 --- [inker] [nio-8083-exec-3] c.i.b.s.provider.EastMoneyStockProvider  : Failed to fetch concepts for stock. code=603322, market=SH, message=403 Forbidden: "<h1>Nginx forbidden.</h1> <br/>request info: 240e:b87:1f6:d800:a504:b4a9:1b4d:4897<EOL>"
2026-04-21T23:03:24.777+08:00  WARN 20416 --- [inker] [nio-8083-exec-3] c.i.b.s.provider.EastMoneyStockProvider  : Failed to fetch concepts for stock. code=603323, market=SH, message=403 Forbidden: "<h1>Nginx forbidden.</h1> <br/>request info: 240e:b87:1f6:d800:a504:b4a9:1b4d:4897<EOL>"
2026-04-21T23:03:24.820+08:00  WARN 20416 --- [inker] [nio-8083-exec-3] c.i.b.s.provider.EastMoneyStockProvider  : Failed to fetch concepts for stock. code=603324, market=SH, message=403 Forbidden: "<h1>Nginx forbidden.</h1> <br/>request info: 240e:b87:1f6:d800:a504:b4a9:1b4d:4897<EOL>"
2026-04-21T23:03:24.864+08:00  WARN 20416 --- [inker] [nio-8083-exec-3] c.i.b.s.provider.EastMoneyStockProvider  : Failed to fetch concepts for stock. code=603325, market=SH, message=403 Forbidden: "<h1>Nginx forbidden.</h1> <br/>request info: 240e:b87:1f6:d800:a504:b4a9:1b4d:4897<EOL>"
2026-04-21T23:03:24.908+08:00  WARN 20416 --- [inker] [nio-8083-exec-3] c.i.b.s.provider.EastMoneyStockProvider  : Failed to fetch concepts for stock. code=603326, market=SH, message=403 Forbidden: "<h1>Nginx forbidden.</h1> <br/>request info: 240e:b87:1f6:d800:a504:b4a9:1b4d:4897<EOL>"
2026-04-21T23:03:24.955+08:00  WARN 20416 --- [inker] [nio-8083-exec-3] c.i.b.s.provider.EastMoneyStockProvider  : Failed to fetch concepts for stock. code=603327, market=SH, message=403 Forbidden: "<h1>Nginx forbidden.</h1> <br/>request info: 240e:b87:1f6:d800:a504:b4a9:1b4d:4897<EOL>"
2026-04-21T23:03:24.997+08:00  WARN 20416 --- [inker] [nio-8083-exec-3] c.i.b.s.provider.EastMoneyStockProvider  : Failed to fetch concepts for stock. code=603328, market=SH, message=403 Forbidden: "<h1>Nginx forbidden.</h1> <br/>request info: 240e:b87:1f6:d800:a504:b4a9:1b4d:4897<EOL>"
2026-04-21T23:03:25.040+08:00  WARN 20416 --- [inker] [nio-8083-exec-3] c.i.b.s.provider.EastMoneyStockProvider  : Failed to fetch concepts for stock. code=603329, market=SH, message=403 Forbidden: "<h1>Nginx forbidden.</h1> <br/>request info: 240e:b87:1f6:d800:a504:b4a9:1b4d:4897<EOL>"
2026-04-21T23:03:25.082+08:00  WARN 20416 --- [inker] [nio-8083-exec-3] c.i.b.s.provider.EastMoneyStockProvider  : Failed to fetch concepts for stock. code=603330, market=SH, message=403 Forbidden: "<h1>Nginx forbidden.</h1> <br/>request info: 240e:b87:1f6:d800:a504:b4a9:1b4d:4897<EOL>"
2026-04-21T23:03:25.126+08:00  WARN 20416 --- [inker] [nio-8083-exec-3] c.i.b.s.provider.EastMoneyStockProvider  : Failed to fetch concepts for stock. code=603331, market=SH, message=403 Forbidden: "<h1>Nginx forbidden.</h1> <br/>request info: 240e:b87:1f6:d800:a504:b4a9:1b4d:4897<EOL>"
2026-04-21T23:03:25.171+08:00  WARN 20416 --- [inker] [nio-8083-exec-3] c.i.b.s.provider.EastMoneyStockProvider  : Failed to fetch concepts for stock. code=603332, market=SH, message=403 Forbidden: "<h1>Nginx forbidden.</h1> <br/>request info: 240e:b87:1f6:d800:a504:b4a9:1b4d:4897<EOL>"
2026-04-21T23:03:25.217+08:00  WARN 20416 --- [inker] [nio-8083-exec-3] c.i.b.s.provider.EastMoneyStockProvider  : Failed to fetch concepts for stock. code=603333, market=SH, message=403 Forbidden: "<h1>Nginx forbidden.</h1> <br/>request info: 240e:b87:1f6:d800:a504:b4a9:1b4d:4897<EOL>"
2026-04-21T23:03:25.262+08:00  WARN 20416 --- [inker] [nio-8083-exec-3] c.i.b.s.provider.EastMoneyStockProvider  : Failed to fetch concepts for stock. code=603334, market=SH, message=403 Forbidden: "<h1>Nginx forbidden.</h1> <br/>request info: 240e:b87:1f6:d800:a504:b4a9:1b4d:4897<EOL>"
2026-04-21T23:03:25.307+08:00  WARN 20416 --- [inker] [nio-8083-exec-3] c.i.b.s.provider.EastMoneyStockProvider  : Failed to fetch concepts for stock. code=603335, market=SH, message=403 Forbidden: "<h1>Nginx forbidden.</h1> <br/>request info: 240e:b87:1f6:d800:a504:b4a9:1b4d:4897<EOL>"
2026-04-21T23:03:25.353+08:00  WARN 20416 --- [inker] [nio-8083-exec-3] c.i.b.s.provider.EastMoneyStockProvider  : Failed to fetch concepts for stock. code=603336, market=SH, message=403 Forbidden: "<h1>Nginx forbidden.</h1> <br/>request info: 240e:b87:1f6:d800:a504:b4a9:1b4d:4897<EOL>"
2026-04-21T23:03:25.396+08:00  WARN 20416 --- [inker] [nio-8083-exec-3] c.i.b.s.provider.EastMoneyStockProvider  : Failed to fetch concepts for stock. code=603337, market=SH, message=403 Forbidden: "<h1>Nginx forbidden.</h1> <br/>request info: 240e:b87:1f6:d800:a504:b4a9:1b4d:4897<EOL>"
2026-04-21T23:03:25.444+08:00  WARN 20416 --- [inker] [nio-8083-exec-3] c.i.b.s.provider.EastMoneyStockProvider  : Failed to fetch concepts for stock. code=603338, market=SH, message=403 Forbidden: "<h1>Nginx forbidden.</h1> <br/>request info: 240e:b87:1f6:d800:a504:b4a9:1b4d:4897<EOL>"
2026-04-21T23:03:25.490+08:00  WARN 20416 --- [inker] [nio-8083-exec-3] c.i.b.s.provider.EastMoneyStockProvider  : Failed to fetch concepts for stock. code=603339, market=SH, message=403 Forbidden: "<h1>Nginx forbidden.</h1> <br/>request info: 240e:b87:1f6:d800:a504:b4a9:1b4d:4897<EOL>"
2026-04-21T23:03:25.540+08:00  WARN 20416 --- [inker] [nio-8083-exec-3] c.i.b.s.provider.EastMoneyStockProvider  : Failed to fetch concepts for stock. code=603341, market=SH, message=403 Forbidden: "<h1>Nginx forbidden.</h1> <br/>request info: 240e:b87:1f6:d800:a504:b4a9:1b4d:4897<EOL>"
2026-04-21T23:03:25.585+08:00  WARN 20416 --- [inker] [nio-8083-exec-3] c.i.b.s.provider.EastMoneyStockProvider  : Failed to fetch concepts for stock. code=603344, market=SH, message=403 Forbidden: "<h1>Nginx forbidden.</h1> <br/>request info: 240e:b87:1f6:d800:a504:b4a9:1b4d:4897<EOL>"
2026-04-21T23:03:25.629+08:00  WARN 20416 --- [inker] [nio-8083-exec-3] c.i.b.s.provider.EastMoneyStockProvider  : Failed to fetch concepts for stock. code=603345, market=SH, message=403 Forbidden: "<h1>Nginx forbidden.</h1> <br/>request info: 240e:b87:1f6:d800:a504:b4a9:1b4d:4897<EOL>"
2026-04-21T23:03:25.672+08:00  WARN 20416 --- [inker] [nio-8083-exec-3] c.i.b.s.provider.EastMoneyStockProvider  : Failed to fetch concepts for stock. code=603348, market=SH, message=403 Forbidden: "<h1>Nginx forbidden.</h1> <br/>request info: 240e:b87:1f6:d800:a504:b4a9:1b4d:4897<EOL>"
2026-04-21T23:03:25.721+08:00  WARN 20416 --- [inker] [nio-8083-exec-3] c.i.b.s.provider.EastMoneyStockProvider  : Failed to fetch concepts for stock. code=603350, market=SH, message=403 Forbidden: "<h1>Nginx forbidden.</h1> <br/>request info: 240e:b87:1f6:d800:a504:b4a9:1b4d:4897<EOL>"
2026-04-21T23:03:25.768+08:00  WARN 20416 --- [inker] [nio-8083-exec-3] c.i.b.s.provider.EastMoneyStockProvider  : Failed to fetch concepts for stock. code=603351, market=SH, message=403 Forbidden: "<h1>Nginx forbidden.</h1> <br/>request info: 240e:b87:1f6:d800:a504:b4a9:1b4d:4897<EOL>"
2026-04-21T23:03:25.819+08:00  WARN 20416 --- [inker] [nio-8083-exec-3] c.i.b.s.provider.EastMoneyStockProvider  : Failed to fetch concepts for stock. code=603352, market=SH, message=403 Forbidden: "<h1>Nginx forbidden.</h1> <br/>request info: 240e:b87:1f6:d800:a504:b4a9:1b4d:4897<EOL>"
2026-04-21T23:03:25.866+08:00  WARN 20416 --- [inker] [nio-8083-exec-3] c.i.b.s.provider.EastMoneyStockProvider  : Failed to fetch concepts for stock. code=603353, market=SH, message=403 Forbidden: "<h1>Nginx forbidden.</h1> <br/>request info: 240e:b87:1f6:d800:a504:b4a9:1b4d:4897<EOL>"
2026-04-21T23:03:25.913+08:00  WARN 20416 --- [inker] [nio-8083-exec-3] c.i.b.s.provider.EastMoneyStockProvider  : Failed to fetch concepts for stock. code=603355, market=SH, message=403 Forbidden: "<h1>Nginx forbidden.</h1> <br/>request info: 240e:b87:1f6:d800:a504:b4a9:1b4d:4897<EOL>"
2026-04-21T23:03:25.960+08:00  WARN 20416 --- [inker] [nio-8083-exec-3] c.i.b.s.provider.EastMoneyStockProvider  : Failed to fetch concepts for stock. code=603356, market=SH, message=403 Forbidden: "<h1>Nginx forbidden.</h1> <br/>request info: 240e:b87:1f6:d800:a504:b4a9:1b4d:4897<EOL>"
2026-04-21T23:03:26.006+08:00  WARN 20416 --- [inker] [nio-8083-exec-3] c.i.b.s.provider.EastMoneyStockProvider  : Failed to fetch concepts for stock. code=603357, market=SH, message=403 Forbidden: "<h1>Nginx forbidden.</h1> <br/>request info: 240e:b87:1f6:d800:a504:b4a9:1b4d:4897<EOL>"
2026-04-21T23:03:26.052+08:00  WARN 20416 --- [inker] [nio-8083-exec-3] c.i.b.s.provider.EastMoneyStockProvider  : Failed to fetch concepts for stock. code=603358, market=SH, message=403 Forbidden: "<h1>Nginx forbidden.</h1> <br/>request info: 240e:b87:1f6:d800:a504:b4a9:1b4d:4897<EOL>"
2026-04-21T23:03:26.095+08:00  WARN 20416 --- [inker] [nio-8083-exec-3] c.i.b.s.provider.EastMoneyStockProvider  : Failed to fetch concepts for stock. code=603359, market=SH, message=403 Forbidden: "<h1>Nginx forbidden.</h1> <br/>request info: 240e:b87:1f6:d800:a504:b4a9:1b4d:4897<EOL>"
2026-04-21T23:03:26.142+08:00  WARN 20416 --- [inker] [nio-8083-exec-3] c.i.b.s.provider.EastMoneyStockProvider  : Failed to fetch concepts for stock. code=603360, market=SH, message=403 Forbidden: "<h1>Nginx forbidden.</h1> <br/>request info: 240e:b87:1f6:d800:a504:b4a9:1b4d:4897<EOL>"
2026-04-21T23:03:26.185+08:00  WARN 20416 --- [inker] [nio-8083-exec-3] c.i.b.s.provider.EastMoneyStockProvider  : Failed to fetch concepts for stock. code=603363, market=SH, message=403 Forbidden: "<h1>Nginx forbidden.</h1> <br/>request info: 240e:b87:1f6:d800:a504:b4a9:1b4d:4897<EOL>"
2026-04-21T23:03:26.229+08:00  WARN 20416 --- [inker] [nio-8083-exec-3] c.i.b.s.provider.EastMoneyStockProvider  : Failed to fetch concepts for stock. code=603365, market=SH, message=403 Forbidden: "<h1>Nginx forbidden.</h1> <br/>request info: 240e:b87:1f6:d800:a504:b4a9:1b4d:4897<EOL>"
2026-04-21T23:03:26.272+08:00  WARN 20416 --- [inker] [nio-8083-exec-3] c.i.b.s.provider.EastMoneyStockProvider  : Failed to fetch concepts for stock. code=603366, market=SH, message=403 Forbidden: "<h1>Nginx forbidden.</h1> <br/>request info: 240e:b87:1f6:d800:a504:b4a9:1b4d:4897<EOL>"
2026-04-21T23:03:26.320+08:00  WARN 20416 --- [inker] [nio-8083-exec-3] c.i.b.s.provider.EastMoneyStockProvider  : Failed to fetch concepts for stock. code=603367, market=SH, message=403 Forbidden: "<h1>Nginx forbidden.</h1> <br/>request info: 240e:b87:1f6:d800:a504:b4a9:1b4d:4897<EOL>"
2026-04-21T23:03:26.369+08:00  WARN 20416 --- [inker] [nio-8083-exec-3] c.i.b.s.provider.EastMoneyStockProvider  : Failed to fetch concepts for stock. code=603368, market=SH, message=403 Forbidden: "<h1>Nginx forbidden.</h1> <br/>request info: 240e:b87:1f6:d800:a504:b4a9:1b4d:4897<EOL>"
2026-04-21T23:03:26.412+08:00  WARN 20416 --- [inker] [nio-8083-exec-3] c.i.b.s.provider.EastMoneyStockProvider  : Failed to fetch concepts for stock. code=603369, market=SH, message=403 Forbidden: "<h1>Nginx forbidden.</h1> <br/>request info: 240e:b87:1f6:d800:a504:b4a9:1b4d:4897<EOL>"
2026-04-21T23:03:26.454+08:00  WARN 20416 --- [inker] [nio-8083-exec-3] c.i.b.s.provider.EastMoneyStockProvider  : Failed to fetch concepts for stock. code=603370, market=SH, message=403 Forbidden: "<h1>Nginx forbidden.</h1> <br/>request info: 240e:b87:1f6:d800:a504:b4a9:1b4d:4897<EOL>"
2026-04-21T23:03:26.500+08:00  WARN 20416 --- [inker] [nio-8083-exec-3] c.i.b.s.provider.EastMoneyStockProvider  : Failed to fetch concepts for stock. code=603373, market=SH, message=403 Forbidden: "<h1>Nginx forbidden.</h1> <br/>request info: 240e:b87:1f6:d800:a504:b4a9:1b4d:4897<EOL>"
2026-04-21T23:03:26.550+08:00  WARN 20416 --- [inker] [nio-8083-exec-3] c.i.b.s.provider.EastMoneyStockProvider  : Failed to fetch concepts for stock. code=603375, market=SH, message=403 Forbidden: "<h1>Nginx forbidden.</h1> <br/>request info: 240e:b87:1f6:d800:a504:b4a9:1b4d:4897<EOL>"
2026-04-21T23:03:26.598+08:00  WARN 20416 --- [inker] [nio-8083-exec-3] c.i.b.s.provider.EastMoneyStockProvider  : Failed to fetch concepts for stock. code=603376, market=SH, message=403 Forbidden: "<h1>Nginx forbidden.</h1> <br/>request info: 240e:b87:1f6:d800:a504:b4a9:1b4d:4897<EOL>"
2026-04-21T23:03:26.640+08:00  WARN 20416 --- [inker] [nio-8083-exec-3] c.i.b.s.provider.EastMoneyStockProvider  : Failed to fetch concepts for stock. code=603378, market=SH, message=403 Forbidden: "<h1>Nginx forbidden.</h1> <br/>request info: 240e:b87:1f6:d800:a504:b4a9:1b4d:4897<EOL>"
2026-04-21T23:03:26.687+08:00  WARN 20416 --- [inker] [nio-8083-exec-3] c.i.b.s.provider.EastMoneyStockProvider  : Failed to fetch concepts for stock. code=603379, market=SH, message=403 Forbidden: "<h1>Nginx forbidden.</h1> <br/>request info: 240e:b87:1f6:d800:a504:b4a9:1b4d:4897<EOL>"
2026-04-21T23:03:26.737+08:00  WARN 20416 --- [inker] [nio-8083-exec-3] c.i.b.s.provider.EastMoneyStockProvider  : Failed to fetch concepts for stock. code=603380, market=SH, message=403 Forbidden: "<h1>Nginx forbidden.</h1> <br/>request info: 240e:b87:1f6:d800:a504:b4a9:1b4d:4897<EOL>"
2026-04-21T23:03:26.787+08:00  WARN 20416 --- [inker] [nio-8083-exec-3] c.i.b.s.provider.EastMoneyStockProvider  : Failed to fetch concepts for stock. code=603381, market=SH, message=403 Forbidden: "<h1>Nginx forbidden.</h1> <br/>request info: 240e:b87:1f6:d800:a504:b4a9:1b4d:4897<EOL>"
2026-04-21T23:03:26.837+08:00  WARN 20416 --- [inker] [nio-8083-exec-3] c.i.b.s.provider.EastMoneyStockProvider  : Failed to fetch concepts for stock. code=603382, market=SH, message=403 Forbidden: "<h1>Nginx forbidden.</h1> <br/>request info: 240e:b87:1f6:d800:a504:b4a9:1b4d:4897<EOL>"
2026-04-21T23:03:26.881+08:00  WARN 20416 --- [inker] [nio-8083-exec-3] c.i.b.s.provider.EastMoneyStockProvider  : Failed to fetch concepts for stock. code=603383, market=SH, message=403 Forbidden: "<h1>Nginx forbidden.</h1> <br/>request info: 240e:b87:1f6:d800:a504:b4a9:1b4d:4897<EOL>"
2026-04-21T23:03:26.929+08:00  WARN 20416 --- [inker] [nio-8083-exec-3] c.i.b.s.provider.EastMoneyStockProvider  : Failed to fetch concepts for stock. code=603385, market=SH, message=403 Forbidden: "<h1>Nginx forbidden.</h1> <br/>request info: 240e:b87:1f6:d800:a504:b4a9:1b4d:4897<EOL>"
2026-04-21T23:03:26.977+08:00  WARN 20416 --- [inker] [nio-8083-exec-3] c.i.b.s.provider.EastMoneyStockProvider  : Failed to fetch concepts for stock. code=603386, market=SH, message=403 Forbidden: "<h1>Nginx forbidden.</h1> <br/>request info: 240e:b87:1f6:d800:a504:b4a9:1b4d:4897<EOL>"
2026-04-21T23:03:27.020+08:00  WARN 20416 --- [inker] [nio-8083-exec-3] c.i.b.s.provider.EastMoneyStockProvider  : Failed to fetch concepts for stock. code=603387, market=SH, message=403 Forbidden: "<h1>Nginx forbidden.</h1> <br/>request info: 240e:b87:1f6:d800:a504:b4a9:1b4d:4897<EOL>"
2026-04-21T23:03:27.065+08:00  WARN 20416 --- [inker] [nio-8083-exec-3] c.i.b.s.provider.EastMoneyStockProvider  : Failed to fetch concepts for stock. code=603390, market=SH, message=403 Forbidden: "<h1>Nginx forbidden.</h1> <br/>request info: 240e:b87:1f6:d800:a504:b4a9:1b4d:4897<EOL>"
2026-04-21T23:03:27.107+08:00  WARN 20416 --- [inker] [nio-8083-exec-3] c.i.b.s.provider.EastMoneyStockProvider  : Failed to fetch concepts for stock. code=603391, market=SH, message=403 Forbidden: "<h1>Nginx forbidden.</h1> <br/>request info: 240e:b87:1f6:d800:a504:b4a9:1b4d:4897<EOL>"
2026-04-21T23:03:27.159+08:00  WARN 20416 --- [inker] [nio-8083-exec-3] c.i.b.s.provider.EastMoneyStockProvider  : Failed to fetch concepts for stock. code=603392, market=SH, message=403 Forbidden: "<h1>Nginx forbidden.</h1> <br/>request info: 240e:b87:1f6:d800:a504:b4a9:1b4d:4897<EOL>"
2026-04-21T23:03:27.210+08:00  WARN 20416 --- [inker] [nio-8083-exec-3] c.i.b.s.provider.EastMoneyStockProvider  : Failed to fetch concepts for stock. code=603393, market=SH, message=403 Forbidden: "<h1>Nginx forbidden.</h1> <br/>request info: 240e:b87:1f6:d800:a504:b4a9:1b4d:4897<EOL>"
2026-04-21T23:03:27.255+08:00  WARN 20416 --- [inker] [nio-8083-exec-3] c.i.b.s.provider.EastMoneyStockProvider  : Failed to fetch concepts for stock. code=603395, market=SH, message=403 Forbidden: "<h1>Nginx forbidden.</h1> <br/>request info: 240e:b87:1f6:d800:a504:b4a9:1b4d:4897<EOL>"
2026-04-21T23:03:27.305+08:00  WARN 20416 --- [inker] [nio-8083-exec-3] c.i.b.s.provider.EastMoneyStockProvider  : Failed to fetch concepts for stock. code=603396, market=SH, message=403 Forbidden: "<h1>Nginx forbidden.</h1> <br/>request info: 240e:b87:1f6:d800:a504:b4a9:1b4d:4897<EOL>"
2026-04-21T23:03:27.348+08:00  WARN 20416 --- [inker] [nio-8083-exec-3] c.i.b.s.provider.EastMoneyStockProvider  : Failed to fetch concepts for stock. code=603399, market=SH, message=403 Forbidden: "<h1>Nginx forbidden.</h1> <br/>request info: 240e:b87:1f6:d800:a504:b4a9:1b4d:4897<EOL>"
2026-04-21T23:03:27.391+08:00  WARN 20416 --- [inker] [nio-8083-exec-3] c.i.b.s.provider.EastMoneyStockProvider  : Failed to fetch concepts for stock. code=603400, market=SH, message=403 Forbidden: "<h1>Nginx forbidden.</h1> <br/>request info: 240e:b87:1f6:d800:a504:b4a9:1b4d:4897<EOL>"
2026-04-21T23:03:27.442+08:00  WARN 20416 --- [inker] [nio-8083-exec-3] c.i.b.s.provider.EastMoneyStockProvider  : Failed to fetch concepts for stock. code=603402, market=SH, message=403 Forbidden: "<h1>Nginx forbidden.</h1> <br/>request info: 240e:b87:1f6:d800:a504:b4a9:1b4d:4897<EOL>"
2026-04-21T23:03:27.490+08:00  WARN 20416 --- [inker] [nio-8083-exec-3] c.i.b.s.provider.EastMoneyStockProvider  : Failed to fetch concepts for stock. code=603406, market=SH, message=403 Forbidden: "<h1>Nginx forbidden.</h1> <br/>request info: 240e:b87:1f6:d800:a504:b4a9:1b4d:4897<EOL>"
2026-04-21T23:03:27.538+08:00  WARN 20416 --- [inker] [nio-8083-exec-3] c.i.b.s.provider.EastMoneyStockProvider  : Failed to fetch concepts for stock. code=603408, market=SH, message=403 Forbidden: "<h1>Nginx forbidden.</h1> <br/>request info: 240e:b87:1f6:d800:a504:b4a9:1b4d:4897<EOL>"
2026-04-21T23:03:27.581+08:00  WARN 20416 --- [inker] [nio-8083-exec-3] c.i.b.s.provider.EastMoneyStockProvider  : Failed to fetch concepts for stock. code=603409, market=SH, message=403 Forbidden: "<h1>Nginx forbidden.</h1> <br/>request info: 240e:b87:1f6:d800:a504:b4a9:1b4d:4897<EOL>"
2026-04-21T23:03:27.625+08:00  WARN 20416 --- [inker] [nio-8083-exec-3] c.i.b.s.provider.EastMoneyStockProvider  : Failed to fetch concepts for stock. code=603416, market=SH, message=403 Forbidden: "<h1>Nginx forbidden.</h1> <br/>request info: 240e:b87:1f6:d800:a504:b4a9:1b4d:4897<EOL>"
2026-04-21T23:03:27.676+08:00  WARN 20416 --- [inker] [nio-8083-exec-3] c.i.b.s.provider.EastMoneyStockProvider  : Failed to fetch concepts for stock. code=603418, market=SH, message=403 Forbidden: "<h1>Nginx forbidden.</h1> <br/>request info: 240e:b87:1f6:d800:a504:b4a9:1b4d:4897<EOL>"
2026-04-21T23:03:27.723+08:00  WARN 20416 --- [inker] [nio-8083-exec-3] c.i.b.s.provider.EastMoneyStockProvider  : Failed to fetch concepts for stock. code=603421, market=SH, message=403 Forbidden: "<h1>Nginx forbidden.</h1> <br/>request info: 240e:b87:1f6:d800:a504:b4a9:1b4d:4897<EOL>"
2026-04-21T23:03:27.769+08:00  WARN 20416 --- [inker] [nio-8083-exec-3] c.i.b.s.provider.EastMoneyStockProvider  : Failed to fetch concepts for stock. code=603439, market=SH, message=403 Forbidden: "<h1>Nginx forbidden.</h1> <br/>request info: 240e:b87:1f6:d800:a504:b4a9:1b4d:4897<EOL>"
2026-04-21T23:03:27.817+08:00  WARN 20416 --- [inker] [nio-8083-exec-3] c.i.b.s.provider.EastMoneyStockProvider  : Failed to fetch concepts for stock. code=603444, market=SH, message=403 Forbidden: "<h1>Nginx forbidden.</h1> <br/>request info: 240e:b87:1f6:d800:a504:b4a9:1b4d:4897<EOL>"
2026-04-21T23:03:27.859+08:00  WARN 20416 --- [inker] [nio-8083-exec-3] c.i.b.s.provider.EastMoneyStockProvider  : Failed to fetch concepts for stock. code=603456, market=SH, message=403 Forbidden: "<h1>Nginx forbidden.</h1> <br/>request info: 240e:b87:1f6:d800:a504:b4a9:1b4d:4897<EOL>"
2026-04-21T23:03:27.902+08:00  WARN 20416 --- [inker] [nio-8083-exec-3] c.i.b.s.provider.EastMoneyStockProvider  : Failed to fetch concepts for stock. code=603458, market=SH, message=403 Forbidden: "<h1>Nginx forbidden.</h1> <br/>request info: 240e:b87:1f6:d800:a504:b4a9:1b4d:4897<EOL>"
2026-04-21T23:03:27.947+08:00  WARN 20416 --- [inker] [nio-8083-exec-3] c.i.b.s.provider.EastMoneyStockProvider  : Failed to fetch concepts for stock. code=603459, market=SH, message=403 Forbidden: "<h1>Nginx forbidden.</h1> <br/>request info: 240e:b87:1f6:d800:a504:b4a9:1b4d:4897<EOL>"
2026-04-21T23:03:27.990+08:00  WARN 20416 --- [inker] [nio-8083-exec-3] c.i.b.s.provider.EastMoneyStockProvider  : Failed to fetch concepts for stock. code=603466, market=SH, message=403 Forbidden: "<h1>Nginx forbidden.</h1> <br/>request info: 240e:b87:1f6:d800:a504:b4a9:1b4d:4897<EOL>"
2026-04-21T23:03:28.035+08:00  WARN 20416 --- [inker] [nio-8083-exec-3] c.i.b.s.provider.EastMoneyStockProvider  : Failed to fetch concepts for stock. code=603477, market=SH, message=403 Forbidden: "<h1>Nginx forbidden.</h1> <br/>request info: 240e:b87:1f6:d800:a504:b4a9:1b4d:4897<EOL>"
2026-04-21T23:03:28.086+08:00  WARN 20416 --- [inker] [nio-8083-exec-3] c.i.b.s.provider.EastMoneyStockProvider  : Failed to fetch concepts for stock. code=603486, market=SH, message=403 Forbidden: "<h1>Nginx forbidden.</h1> <br/>request info: 240e:b87:1f6:d800:a504:b4a9:1b4d:4897<EOL>"
2026-04-21T23:03:28.134+08:00  WARN 20416 --- [inker] [nio-8083-exec-3] c.i.b.s.provider.EastMoneyStockProvider  : Failed to fetch concepts for stock. code=603488, market=SH, message=403 Forbidden: "<h1>Nginx forbidden.</h1> <br/>request info: 240e:b87:1f6:d800:a504:b4a9:1b4d:4897<EOL>"
2026-04-21T23:03:28.179+08:00  WARN 20416 --- [inker] [nio-8083-exec-3] c.i.b.s.provider.EastMoneyStockProvider  : Failed to fetch concepts for stock. code=603489, market=SH, message=403 Forbidden: "<h1>Nginx forbidden.</h1> <br/>request info: 240e:b87:1f6:d800:a504:b4a9:1b4d:4897<EOL>"
2026-04-21T23:03:28.224+08:00  WARN 20416 --- [inker] [nio-8083-exec-3] c.i.b.s.provider.EastMoneyStockProvider  : Failed to fetch concepts for stock. code=603496, market=SH, message=403 Forbidden: "<h1>Nginx forbidden.</h1> <br/>request info: 240e:b87:1f6:d800:a504:b4a9:1b4d:4897<EOL>"
2026-04-21T23:03:28.276+08:00  WARN 20416 --- [inker] [nio-8083-exec-3] c.i.b.s.provider.EastMoneyStockProvider  : Failed to fetch concepts for stock. code=603499, market=SH, message=403 Forbidden: "<h1>Nginx forbidden.</h1> <br/>request info: 240e:b87:1f6:d800:a504:b4a9:1b4d:4897<EOL>"
2026-04-21T23:03:28.325+08:00  WARN 20416 --- [inker] [nio-8083-exec-3] c.i.b.s.provider.EastMoneyStockProvider  : Failed to fetch concepts for stock. code=603500, market=SH, message=403 Forbidden: "<h1>Nginx forbidden.</h1> <br/>request info: 240e:b87:1f6:d800:a504:b4a9:1b4d:4897<EOL>"
2026-04-21T23:03:28.372+08:00  WARN 20416 --- [inker] [nio-8083-exec-3] c.i.b.s.provider.EastMoneyStockProvider  : Failed to fetch concepts for stock. code=603501, market=SH, message=403 Forbidden: "<h1>Nginx forbidden.</h1> <br/>request info: 240e:b87:1f6:d800:a504:b4a9:1b4d:4897<EOL>"
2026-04-21T23:03:28.417+08:00  WARN 20416 --- [inker] [nio-8083-exec-3] c.i.b.s.provider.EastMoneyStockProvider  : Failed to fetch concepts for stock. code=603505, market=SH, message=403 Forbidden: "<h1>Nginx forbidden.</h1> <br/>request info: 240e:b87:1f6:d800:a504:b4a9:1b4d:4897<EOL>"
2026-04-21T23:03:28.468+08:00  WARN 20416 --- [inker] [nio-8083-exec-3] c.i.b.s.provider.EastMoneyStockProvider  : Failed to fetch concepts for stock. code=603506, market=SH, message=403 Forbidden: "<h1>Nginx forbidden.</h1> <br/>request info: 240e:b87:1f6:d800:a504:b4a9:1b4d:4897<EOL>"
2026-04-21T23:03:28.518+08:00  WARN 20416 --- [inker] [nio-8083-exec-3] c.i.b.s.provider.EastMoneyStockProvider  : Failed to fetch concepts for stock. code=603507, market=SH, message=403 Forbidden: "<h1>Nginx forbidden.</h1> <br/>request info: 240e:b87:1f6:d800:a504:b4a9:1b4d:4897<EOL>"
2026-04-21T23:03:28.616+08:00  WARN 20416 --- [inker] [nio-8083-exec-3] c.i.b.s.provider.EastMoneyStockProvider  : Failed to fetch concepts for stock. code=603508, market=SH, message=403 Forbidden: "<h1>Nginx forbidden.</h1> <br/>request info: 240e:b87:1f6:d800:a504:b4a9:1b4d:4897<EOL>"
2026-04-21T23:03:28.670+08:00  WARN 20416 --- [inker] [nio-8083-exec-3] c.i.b.s.provider.EastMoneyStockProvider  : Failed to fetch concepts for stock. code=603511, market=SH, message=403 Forbidden: "<h1>Nginx forbidden.</h1> <br/>request info: 240e:b87:1f6:d800:a504:b4a9:1b4d:4897<EOL>"
2026-04-21T23:03:28.714+08:00  WARN 20416 --- [inker] [nio-8083-exec-3] c.i.b.s.provider.EastMoneyStockProvider  : Failed to fetch concepts for stock. code=603515, market=SH, message=403 Forbidden: "<h1>Nginx forbidden.</h1> <br/>request info: 240e:b87:1f6:d800:a504:b4a9:1b4d:4897<EOL>"
2026-04-21T23:03:28.758+08:00  WARN 20416 --- [inker] [nio-8083-exec-3] c.i.b.s.provider.EastMoneyStockProvider  : Failed to fetch concepts for stock. code=603516, market=SH, message=403 Forbidden: "<h1>Nginx forbidden.</h1> <br/>request info: 240e:b87:1f6:d800:a504:b4a9:1b4d:4897<EOL>"
2026-04-21T23:03:28.804+08:00  WARN 20416 --- [inker] [nio-8083-exec-3] c.i.b.s.provider.EastMoneyStockProvider  : Failed to fetch concepts for stock. code=603518, market=SH, message=403 Forbidden: "<h1>Nginx forbidden.</h1> <br/>request info: 240e:b87:1f6:d800:a504:b4a9:1b4d:4897<EOL>"
2026-04-21T23:03:28.848+08:00  WARN 20416 --- [inker] [nio-8083-exec-3] c.i.b.s.provider.EastMoneyStockProvider  : Failed to fetch concepts for stock. code=603519, market=SH, message=403 Forbidden: "<h1>Nginx forbidden.</h1> <br/>request info: 240e:b87:1f6:d800:a504:b4a9:1b4d:4897<EOL>"
2026-04-21T23:03:28.897+08:00  WARN 20416 --- [inker] [nio-8083-exec-3] c.i.b.s.provider.EastMoneyStockProvider  : Failed to fetch concepts for stock. code=603520, market=SH, message=403 Forbidden: "<h1>Nginx forbidden.</h1> <br/>request info: 240e:b87:1f6:d800:a504:b4a9:1b4d:4897<EOL>"
2026-04-21T23:03:28.945+08:00  WARN 20416 --- [inker] [nio-8083-exec-3] c.i.b.s.provider.EastMoneyStockProvider  : Failed to fetch concepts for stock. code=603527, market=SH, message=403 Forbidden: "<h1>Nginx forbidden.</h1> <br/>request info: 240e:b87:1f6:d800:a504:b4a9:1b4d:4897<EOL>"
2026-04-21T23:03:28.991+08:00  WARN 20416 --- [inker] [nio-8083-exec-3] c.i.b.s.provider.EastMoneyStockProvider  : Failed to fetch concepts for stock. code=603528, market=SH, message=403 Forbidden: "<h1>Nginx forbidden.</h1> <br/>request info: 240e:b87:1f6:d800:a504:b4a9:1b4d:4897<EOL>"
2026-04-21T23:03:29.037+08:00  WARN 20416 --- [inker] [nio-8083-exec-3] c.i.b.s.provider.EastMoneyStockProvider  : Failed to fetch concepts for stock. code=603529, market=SH, message=403 Forbidden: "<h1>Nginx forbidden.</h1> <br/>request info: 240e:b87:1f6:d800:a504:b4a9:1b4d:4897<EOL>"
2026-04-21T23:03:29.080+08:00  WARN 20416 --- [inker] [nio-8083-exec-3] c.i.b.s.provider.EastMoneyStockProvider  : Failed to fetch concepts for stock. code=603530, market=SH, message=403 Forbidden: "<h1>Nginx forbidden.</h1> <br/>request info: 240e:b87:1f6:d800:a504:b4a9:1b4d:4897<EOL>"
2026-04-21T23:03:29.123+08:00  WARN 20416 --- [inker] [nio-8083-exec-3] c.i.b.s.provider.EastMoneyStockProvider  : Failed to fetch concepts for stock. code=603533, market=SH, message=403 Forbidden: "<h1>Nginx forbidden.</h1> <br/>request info: 240e:b87:1f6:d800:a504:b4a9:1b4d:4897<EOL>"
2026-04-21T23:03:29.170+08:00  WARN 20416 --- [inker] [nio-8083-exec-3] c.i.b.s.provider.EastMoneyStockProvider  : Failed to fetch concepts for stock. code=603535, market=SH, message=403 Forbidden: "<h1>Nginx forbidden.</h1> <br/>request info: 240e:b87:1f6:d800:a504:b4a9:1b4d:4897<EOL>"
2026-04-21T23:03:29.213+08:00  WARN 20416 --- [inker] [nio-8083-exec-3] c.i.b.s.provider.EastMoneyStockProvider  : Failed to fetch concepts for stock. code=603536, market=SH, message=403 Forbidden: "<h1>Nginx forbidden.</h1> <br/>request info: 240e:b87:1f6:d800:a504:b4a9:1b4d:4897<EOL>"
2026-04-21T23:03:29.257+08:00  WARN 20416 --- [inker] [nio-8083-exec-3] c.i.b.s.provider.EastMoneyStockProvider  : Failed to fetch concepts for stock. code=603538, market=SH, message=403 Forbidden: "<h1>Nginx forbidden.</h1> <br/>request info: 240e:b87:1f6:d800:a504:b4a9:1b4d:4897<EOL>"
2026-04-21T23:03:29.308+08:00  WARN 20416 --- [inker] [nio-8083-exec-3] c.i.b.s.provider.EastMoneyStockProvider  : Failed to fetch concepts for stock. code=603551, market=SH, message=403 Forbidden: "<h1>Nginx forbidden.</h1> <br/>request info: 240e:b87:1f6:d800:a504:b4a9:1b4d:4897<EOL>"
2026-04-21T23:03:29.356+08:00  WARN 20416 --- [inker] [nio-8083-exec-3] c.i.b.s.provider.EastMoneyStockProvider  : Failed to fetch concepts for stock. code=603556, market=SH, message=403 Forbidden: "<h1>Nginx forbidden.</h1> <br/>request info: 240e:b87:1f6:d800:a504:b4a9:1b4d:4897<EOL>"
2026-04-21T23:03:29.407+08:00  WARN 20416 --- [inker] [nio-8083-exec-3] c.i.b.s.provider.EastMoneyStockProvider  : Failed to fetch concepts for stock. code=603558, market=SH, message=403 Forbidden: "<h1>Nginx forbidden.</h1> <br/>request info: 240e:b87:1f6:d800:a504:b4a9:1b4d:4897<EOL>"
2026-04-21T23:03:29.451+08:00  WARN 20416 --- [inker] [nio-8083-exec-3] c.i.b.s.provider.EastMoneyStockProvider  : Failed to fetch concepts for stock. code=603565, market=SH, message=403 Forbidden: "<h1>Nginx forbidden.</h1> <br/>request info: 240e:b87:1f6:d800:a504:b4a9:1b4d:4897<EOL>"
2026-04-21T23:03:29.500+08:00  WARN 20416 --- [inker] [nio-8083-exec-3] c.i.b.s.provider.EastMoneyStockProvider  : Failed to fetch concepts for stock. code=603566, market=SH, message=403 Forbidden: "<h1>Nginx forbidden.</h1> <br/>request info: 240e:b87:1f6:d800:a504:b4a9:1b4d:4897<EOL>"
2026-04-21T23:03:29.548+08:00  WARN 20416 --- [inker] [nio-8083-exec-3] c.i.b.s.provider.EastMoneyStockProvider  : Failed to fetch concepts for stock. code=603567, market=SH, message=403 Forbidden: "<h1>Nginx forbidden.</h1> <br/>request info: 240e:b87:1f6:d800:a504:b4a9:1b4d:4897<EOL>"
2026-04-21T23:03:29.597+08:00  WARN 20416 --- [inker] [nio-8083-exec-3] c.i.b.s.provider.EastMoneyStockProvider  : Failed to fetch concepts for stock. code=603568, market=SH, message=403 Forbidden: "<h1>Nginx forbidden.</h1> <br/>request info: 240e:b87:1f6:d800:a504:b4a9:1b4d:4897<EOL>"
2026-04-21T23:03:29.648+08:00  WARN 20416 --- [inker] [nio-8083-exec-3] c.i.b.s.provider.EastMoneyStockProvider  : Failed to fetch concepts for stock. code=603569, market=SH, message=403 Forbidden: "<h1>Nginx forbidden.</h1> <br/>request info: 240e:b87:1f6:d800:a504:b4a9:1b4d:4897<EOL>"
2026-04-21T23:03:29.691+08:00  WARN 20416 --- [inker] [nio-8083-exec-3] c.i.b.s.provider.EastMoneyStockProvider  : Failed to fetch concepts for stock. code=603577, market=SH, message=403 Forbidden: "<h1>Nginx forbidden.</h1> <br/>request info: 240e:b87:1f6:d800:a504:b4a9:1b4d:4897<EOL>"
2026-04-21T23:03:29.758+08:00  WARN 20416 --- [inker] [nio-8083-exec-3] c.i.b.s.provider.EastMoneyStockProvider  : Failed to fetch concepts for stock. code=603578, market=SH, message=403 Forbidden: "<h1>Nginx forbidden.</h1> <br/>request info: 240e:b87:1f6:d800:a504:b4a9:1b4d:4897<EOL>"
2026-04-21T23:03:29.802+08:00  WARN 20416 --- [inker] [nio-8083-exec-3] c.i.b.s.provider.EastMoneyStockProvider  : Failed to fetch concepts for stock. code=603579, market=SH, message=403 Forbidden: "<h1>Nginx forbidden.</h1> <br/>request info: 240e:b87:1f6:d800:a504:b4a9:1b4d:4897<EOL>"
2026-04-21T23:03:29.844+08:00  WARN 20416 --- [inker] [nio-8083-exec-3] c.i.b.s.provider.EastMoneyStockProvider  : Failed to fetch concepts for stock. code=603583, market=SH, message=403 Forbidden: "<h1>Nginx forbidden.</h1> <br/>request info: 240e:b87:1f6:d800:a504:b4a9:1b4d:4897<EOL>"
2026-04-21T23:03:29.892+08:00  WARN 20416 --- [inker] [nio-8083-exec-3] c.i.b.s.provider.EastMoneyStockProvider  : Failed to fetch concepts for stock. code=603585, market=SH, message=403 Forbidden: "<h1>Nginx forbidden.</h1> <br/>request info: 240e:b87:1f6:d800:a504:b4a9:1b4d:4897<EOL>"
2026-04-21T23:03:29.939+08:00  WARN 20416 --- [inker] [nio-8083-exec-3] c.i.b.s.provider.EastMoneyStockProvider  : Failed to fetch concepts for stock. code=603586, market=SH, message=403 Forbidden: "<h1>Nginx forbidden.</h1> <br/>request info: 240e:b87:1f6:d800:a504:b4a9:1b4d:4897<EOL>"
2026-04-21T23:03:29.985+08:00  WARN 20416 --- [inker] [nio-8083-exec-3] c.i.b.s.provider.EastMoneyStockProvider  : Failed to fetch concepts for stock. code=603587, market=SH, message=403 Forbidden: "<h1>Nginx forbidden.</h1> <br/>request info: 240e:b87:1f6:d800:a504:b4a9:1b4d:4897<EOL>"
2026-04-21T23:03:30.031+08:00  WARN 20416 --- [inker] [nio-8083-exec-3] c.i.b.s.provider.EastMoneyStockProvider  : Failed to fetch concepts for stock. code=603588, market=SH, message=403 Forbidden: "<h1>Nginx forbidden.</h1> <br/>request info: 240e:b87:1f6:d800:a504:b4a9:1b4d:4897<EOL>"
2026-04-21T23:03:30.075+08:00  WARN 20416 --- [inker] [nio-8083-exec-3] c.i.b.s.provider.EastMoneyStockProvider  : Failed to fetch concepts for stock. code=603589, market=SH, message=403 Forbidden: "<h1>Nginx forbidden.</h1> <br/>request info: 240e:b87:1f6:d800:a504:b4a9:1b4d:4897<EOL>"
2026-04-21T23:03:30.123+08:00  WARN 20416 --- [inker] [nio-8083-exec-3] c.i.b.s.provider.EastMoneyStockProvider  : Failed to fetch concepts for stock. code=603590, market=SH, message=403 Forbidden: "<h1>Nginx forbidden.</h1> <br/>request info: 240e:b87:1f6:d800:a504:b4a9:1b4d:4897<EOL>"
2026-04-21T23:03:30.171+08:00  WARN 20416 --- [inker] [nio-8083-exec-3] c.i.b.s.provider.EastMoneyStockProvider  : Failed to fetch concepts for stock. code=603596, market=SH, message=403 Forbidden: "<h1>Nginx forbidden.</h1> <br/>request info: 240e:b87:1f6:d800:a504:b4a9:1b4d:4897<EOL>"
2026-04-21T23:03:30.216+08:00  WARN 20416 --- [inker] [nio-8083-exec-3] c.i.b.s.provider.EastMoneyStockProvider  : Failed to fetch concepts for stock. code=603598, market=SH, message=403 Forbidden: "<h1>Nginx forbidden.</h1> <br/>request info: 240e:b87:1f6:d800:a504:b4a9:1b4d:4897<EOL>"
2026-04-21T23:03:30.265+08:00  WARN 20416 --- [inker] [nio-8083-exec-3] c.i.b.s.provider.EastMoneyStockProvider  : Failed to fetch concepts for stock. code=603599, market=SH, message=403 Forbidden: "<h1>Nginx forbidden.</h1> <br/>request info: 240e:b87:1f6:d800:a504:b4a9:1b4d:4897<EOL>"
2026-04-21T23:03:30.307+08:00  WARN 20416 --- [inker] [nio-8083-exec-3] c.i.b.s.provider.EastMoneyStockProvider  : Failed to fetch concepts for stock. code=603600, market=SH, message=403 Forbidden: "<h1>Nginx forbidden.</h1> <br/>request info: 240e:b87:1f6:d800:a504:b4a9:1b4d:4897<EOL>"
2026-04-21T23:03:30.351+08:00  WARN 20416 --- [inker] [nio-8083-exec-3] c.i.b.s.provider.EastMoneyStockProvider  : Failed to fetch concepts for stock. code=603601, market=SH, message=403 Forbidden: "<h1>Nginx forbidden.</h1> <br/>request info: 240e:b87:1f6:d800:a504:b4a9:1b4d:4897<EOL>"
2026-04-21T23:03:30.394+08:00  WARN 20416 --- [inker] [nio-8083-exec-3] c.i.b.s.provider.EastMoneyStockProvider  : Failed to fetch concepts for stock. code=603602, market=SH, message=403 Forbidden: "<h1>Nginx forbidden.</h1> <br/>request info: 240e:b87:1f6:d800:a504:b4a9:1b4d:4897<EOL>"
2026-04-21T23:03:30.631+08:00  WARN 20416 --- [inker] [nio-8083-exec-3] c.i.b.s.provider.EastMoneyStockProvider  : Failed to fetch concepts for stock. code=603605, market=SH, message=403 Forbidden: "<h1>Nginx forbidden.</h1> <br/>request info: 240e:b87:1f6:d800:a504:b4a9:1b4d:4897<EOL>"
2026-04-21T23:03:30.678+08:00  WARN 20416 --- [inker] [nio-8083-exec-3] c.i.b.s.provider.EastMoneyStockProvider  : Failed to fetch concepts for stock. code=603606, market=SH, message=403 Forbidden: "<h1>Nginx forbidden.</h1> <br/>request info: 240e:b87:1f6:d800:a504:b4a9:1b4d:4897<EOL>"
2026-04-21T23:03:30.721+08:00  WARN 20416 --- [inker] [nio-8083-exec-3] c.i.b.s.provider.EastMoneyStockProvider  : Failed to fetch concepts for stock. code=603607, market=SH, message=403 Forbidden: "<h1>Nginx forbidden.</h1> <br/>request info: 240e:b87:1f6:d800:a504:b4a9:1b4d:4897<EOL>"
2026-04-21T23:03:30.763+08:00  WARN 20416 --- [inker] [nio-8083-exec-3] c.i.b.s.provider.EastMoneyStockProvider  : Failed to fetch concepts for stock. code=603608, market=SH, message=403 Forbidden: "<h1>Nginx forbidden.</h1> <br/>request info: 240e:b87:1f6:d800:a504:b4a9:1b4d:4897<EOL>"
2026-04-21T23:03:30.810+08:00  WARN 20416 --- [inker] [nio-8083-exec-3] c.i.b.s.provider.EastMoneyStockProvider  : Failed to fetch concepts for stock. code=603609, market=SH, message=403 Forbidden: "<h1>Nginx forbidden.</h1> <br/>request info: 240e:b87:1f6:d800:a504:b4a9:1b4d:4897<EOL>"
2026-04-21T23:03:30.856+08:00  WARN 20416 --- [inker] [nio-8083-exec-3] c.i.b.s.provider.EastMoneyStockProvider  : Failed to fetch concepts for stock. code=603610, market=SH, message=403 Forbidden: "<h1>Nginx forbidden.</h1> <br/>request info: 240e:b87:1f6:d800:a504:b4a9:1b4d:4897<EOL>"
2026-04-21T23:03:30.904+08:00  WARN 20416 --- [inker] [nio-8083-exec-3] c.i.b.s.provider.EastMoneyStockProvider  : Failed to fetch concepts for stock. code=603611, market=SH, message=403 Forbidden: "<h1>Nginx forbidden.</h1> <br/>request info: 240e:b87:1f6:d800:a504:b4a9:1b4d:4897<EOL>"
2026-04-21T23:03:30.952+08:00  WARN 20416 --- [inker] [nio-8083-exec-3] c.i.b.s.provider.EastMoneyStockProvider  : Failed to fetch concepts for stock. code=603612, market=SH, message=403 Forbidden: "<h1>Nginx forbidden.</h1> <br/>request info: 240e:b87:1f6:d800:a504:b4a9:1b4d:4897<EOL>"
2026-04-21T23:03:31.000+08:00  WARN 20416 --- [inker] [nio-8083-exec-3] c.i.b.s.provider.EastMoneyStockProvider  : Failed to fetch concepts for stock. code=603613, market=SH, message=403 Forbidden: "<h1>Nginx forbidden.</h1> <br/>request info: 240e:b87:1f6:d800:a504:b4a9:1b4d:4897<EOL>"
2026-04-21T23:03:31.046+08:00  WARN 20416 --- [inker] [nio-8083-exec-3] c.i.b.s.provider.EastMoneyStockProvider  : Failed to fetch concepts for stock. code=603615, market=SH, message=403 Forbidden: "<h1>Nginx forbidden.</h1> <br/>request info: 240e:b87:1f6:d800:a504:b4a9:1b4d:4897<EOL>"
2026-04-21T23:03:31.095+08:00  WARN 20416 --- [inker] [nio-8083-exec-3] c.i.b.s.provider.EastMoneyStockProvider  : Failed to fetch concepts for stock. code=603616, market=SH, message=403 Forbidden: "<h1>Nginx forbidden.</h1> <br/>request info: 240e:b87:1f6:d800:a504:b4a9:1b4d:4897<EOL>"
2026-04-21T23:03:31.146+08:00  WARN 20416 --- [inker] [nio-8083-exec-3] c.i.b.s.provider.EastMoneyStockProvider  : Failed to fetch concepts for stock. code=603617, market=SH, message=403 Forbidden: "<h1>Nginx forbidden.</h1> <br/>request info: 240e:b87:1f6:d800:a504:b4a9:1b4d:4897<EOL>"
2026-04-21T23:03:31.189+08:00  WARN 20416 --- [inker] [nio-8083-exec-3] c.i.b.s.provider.EastMoneyStockProvider  : Failed to fetch concepts for stock. code=603618, market=SH, message=403 Forbidden: "<h1>Nginx forbidden.</h1> <br/>request info: 240e:b87:1f6:d800:a504:b4a9:1b4d:4897<EOL>"
2026-04-21T23:03:31.235+08:00  WARN 20416 --- [inker] [nio-8083-exec-3] c.i.b.s.provider.EastMoneyStockProvider  : Failed to fetch concepts for stock. code=603619, market=SH, message=403 Forbidden: "<h1>Nginx forbidden.</h1> <br/>request info: 240e:b87:1f6:d800:a504:b4a9:1b4d:4897<EOL>"
2026-04-21T23:03:31.278+08:00  WARN 20416 --- [inker] [nio-8083-exec-3] c.i.b.s.provider.EastMoneyStockProvider  : Failed to fetch concepts for stock. code=603626, market=SH, message=403 Forbidden: "<h1>Nginx forbidden.</h1> <br/>request info: 240e:b87:1f6:d800:a504:b4a9:1b4d:4897<EOL>"
2026-04-21T23:03:31.326+08:00  WARN 20416 --- [inker] [nio-8083-exec-3] c.i.b.s.provider.EastMoneyStockProvider  : Failed to fetch concepts for stock. code=603628, market=SH, message=403 Forbidden: "<h1>Nginx forbidden.</h1> <br/>request info: 240e:b87:1f6:d800:a504:b4a9:1b4d:4897<EOL>"
2026-04-21T23:03:31.375+08:00  WARN 20416 --- [inker] [nio-8083-exec-3] c.i.b.s.provider.EastMoneyStockProvider  : Failed to fetch concepts for stock. code=603629, market=SH, message=403 Forbidden: "<h1>Nginx forbidden.</h1> <br/>request info: 240e:b87:1f6:d800:a504:b4a9:1b4d:4897<EOL>"
2026-04-21T23:03:31.418+08:00  WARN 20416 --- [inker] [nio-8083-exec-3] c.i.b.s.provider.EastMoneyStockProvider  : Failed to fetch concepts for stock. code=603630, market=SH, message=403 Forbidden: "<h1>Nginx forbidden.</h1> <br/>request info: 240e:b87:1f6:d800:a504:b4a9:1b4d:4897<EOL>"
2026-04-21T23:03:31.464+08:00  WARN 20416 --- [inker] [nio-8083-exec-3] c.i.b.s.provider.EastMoneyStockProvider  : Failed to fetch concepts for stock. code=603633, market=SH, message=403 Forbidden: "<h1>Nginx forbidden.</h1> <br/>request info: 240e:b87:1f6:d800:a504:b4a9:1b4d:4897<EOL>"
2026-04-21T23:03:31.509+08:00  WARN 20416 --- [inker] [nio-8083-exec-3] c.i.b.s.provider.EastMoneyStockProvider  : Failed to fetch concepts for stock. code=603636, market=SH, message=403 Forbidden: "<h1>Nginx forbidden.</h1> <br/>request info: 240e:b87:1f6:d800:a504:b4a9:1b4d:4897<EOL>"
2026-04-21T23:03:31.552+08:00  WARN 20416 --- [inker] [nio-8083-exec-3] c.i.b.s.provider.EastMoneyStockProvider  : Failed to fetch concepts for stock. code=603637, market=SH, message=403 Forbidden: "<h1>Nginx forbidden.</h1> <br/>request info: 240e:b87:1f6:d800:a504:b4a9:1b4d:4897<EOL>"
2026-04-21T23:03:31.596+08:00  WARN 20416 --- [inker] [nio-8083-exec-3] c.i.b.s.provider.EastMoneyStockProvider  : Failed to fetch concepts for stock. code=603638, market=SH, message=403 Forbidden: "<h1>Nginx forbidden.</h1> <br/>request info: 240e:b87:1f6:d800:a504:b4a9:1b4d:4897<EOL>"
2026-04-21T23:03:31.643+08:00  WARN 20416 --- [inker] [nio-8083-exec-3] c.i.b.s.provider.EastMoneyStockProvider  : Failed to fetch concepts for stock. code=603639, market=SH, message=403 Forbidden: "<h1>Nginx forbidden.</h1> <br/>request info: 240e:b87:1f6:d800:a504:b4a9:1b4d:4897<EOL>"
2026-04-21T23:03:31.692+08:00  WARN 20416 --- [inker] [nio-8083-exec-3] c.i.b.s.provider.EastMoneyStockProvider  : Failed to fetch concepts for stock. code=603648, market=SH, message=403 Forbidden: "<h1>Nginx forbidden.</h1> <br/>request info: 240e:b87:1f6:d800:a504:b4a9:1b4d:4897<EOL>"
2026-04-21T23:03:31.747+08:00  WARN 20416 --- [inker] [nio-8083-exec-3] c.i.b.s.provider.EastMoneyStockProvider  : Failed to fetch concepts for stock. code=603650, market=SH, message=403 Forbidden: "<h1>Nginx forbidden.</h1> <br/>request info: 240e:b87:1f6:d800:a504:b4a9:1b4d:4897<EOL>"
2026-04-21T23:03:31.790+08:00  WARN 20416 --- [inker] [nio-8083-exec-3] c.i.b.s.provider.EastMoneyStockProvider  : Failed to fetch concepts for stock. code=603655, market=SH, message=403 Forbidden: "<h1>Nginx forbidden.</h1> <br/>request info: 240e:b87:1f6:d800:a504:b4a9:1b4d:4897<EOL>"
2026-04-21T23:03:31.839+08:00  WARN 20416 --- [inker] [nio-8083-exec-3] c.i.b.s.provider.EastMoneyStockProvider  : Failed to fetch concepts for stock. code=603656, market=SH, message=403 Forbidden: "<h1>Nginx forbidden.</h1> <br/>request info: 240e:b87:1f6:d800:a504:b4a9:1b4d:4897<EOL>"
2026-04-21T23:03:31.895+08:00  WARN 20416 --- [inker] [nio-8083-exec-3] c.i.b.s.provider.EastMoneyStockProvider  : Failed to fetch concepts for stock. code=603657, market=SH, message=403 Forbidden: "<h1>Nginx forbidden.</h1> <br/>request info: 240e:b87:1f6:d800:a504:b4a9:1b4d:4897<EOL>"
2026-04-21T23:03:31.942+08:00  WARN 20416 --- [inker] [nio-8083-exec-3] c.i.b.s.provider.EastMoneyStockProvider  : Failed to fetch concepts for stock. code=603658, market=SH, message=403 Forbidden: "<h1>Nginx forbidden.</h1> <br/>request info: 240e:b87:1f6:d800:a504:b4a9:1b4d:4897<EOL>"
2026-04-21T23:03:31.990+08:00  WARN 20416 --- [inker] [nio-8083-exec-3] c.i.b.s.provider.EastMoneyStockProvider  : Failed to fetch concepts for stock. code=603659, market=SH, message=403 Forbidden: "<h1>Nginx forbidden.</h1> <br/>request info: 240e:b87:1f6:d800:a504:b4a9:1b4d:4897<EOL>"
2026-04-21T23:03:32.072+08:00  WARN 20416 --- [inker] [nio-8083-exec-3] c.i.b.s.provider.EastMoneyStockProvider  : Failed to fetch concepts for stock. code=603660, market=SH, message=403 Forbidden: "<h1>Nginx forbidden.</h1> <br/>request info: 240e:b87:1f6:d800:a504:b4a9:1b4d:4897<EOL>"
2026-04-21T23:03:32.204+08:00  WARN 20416 --- [inker] [nio-8083-exec-3] c.i.b.s.provider.EastMoneyStockProvider  : Failed to fetch concepts for stock. code=603661, market=SH, message=403 Forbidden: "<h1>Nginx forbidden.</h1> <br/>request info: 240e:b87:1f6:d800:a504:b4a9:1b4d:4897<EOL>"
2026-04-21T23:03:32.250+08:00  WARN 20416 --- [inker] [nio-8083-exec-3] c.i.b.s.provider.EastMoneyStockProvider  : Failed to fetch concepts for stock. code=603662, market=SH, message=403 Forbidden: "<h1>Nginx forbidden.</h1> <br/>request info: 240e:b87:1f6:d800:a504:b4a9:1b4d:4897<EOL>"
2026-04-21T23:03:32.294+08:00  WARN 20416 --- [inker] [nio-8083-exec-3] c.i.b.s.provider.EastMoneyStockProvider  : Failed to fetch concepts for stock. code=603663, market=SH, message=403 Forbidden: "<h1>Nginx forbidden.</h1> <br/>request info: 240e:b87:1f6:d800:a504:b4a9:1b4d:4897<EOL>"
2026-04-21T23:03:32.338+08:00  WARN 20416 --- [inker] [nio-8083-exec-3] c.i.b.s.provider.EastMoneyStockProvider  : Failed to fetch concepts for stock. code=603665, market=SH, message=403 Forbidden: "<h1>Nginx forbidden.</h1> <br/>request info: 240e:b87:1f6:d800:a504:b4a9:1b4d:4897<EOL>"
2026-04-21T23:03:32.384+08:00  WARN 20416 --- [inker] [nio-8083-exec-3] c.i.b.s.provider.EastMoneyStockProvider  : Failed to fetch concepts for stock. code=603666, market=SH, message=403 Forbidden: "<h1>Nginx forbidden.</h1> <br/>request info: 240e:b87:1f6:d800:a504:b4a9:1b4d:4897<EOL>"
2026-04-21T23:03:32.427+08:00  WARN 20416 --- [inker] [nio-8083-exec-3] c.i.b.s.provider.EastMoneyStockProvider  : Failed to fetch concepts for stock. code=603667, market=SH, message=403 Forbidden: "<h1>Nginx forbidden.</h1> <br/>request info: 240e:b87:1f6:d800:a504:b4a9:1b4d:4897<EOL>"
2026-04-21T23:03:32.473+08:00  WARN 20416 --- [inker] [nio-8083-exec-3] c.i.b.s.provider.EastMoneyStockProvider  : Failed to fetch concepts for stock. code=603668, market=SH, message=403 Forbidden: "<h1>Nginx forbidden.</h1> <br/>request info: 240e:b87:1f6:d800:a504:b4a9:1b4d:4897<EOL>"
2026-04-21T23:03:32.518+08:00  WARN 20416 --- [inker] [nio-8083-exec-3] c.i.b.s.provider.EastMoneyStockProvider  : Failed to fetch concepts for stock. code=603669, market=SH, message=403 Forbidden: "<h1>Nginx forbidden.</h1> <br/>request info: 240e:b87:1f6:d800:a504:b4a9:1b4d:4897<EOL>"
2026-04-21T23:03:32.567+08:00  WARN 20416 --- [inker] [nio-8083-exec-3] c.i.b.s.provider.EastMoneyStockProvider  : Failed to fetch concepts for stock. code=603676, market=SH, message=403 Forbidden: "<h1>Nginx forbidden.</h1> <br/>request info: 240e:b87:1f6:d800:a504:b4a9:1b4d:4897<EOL>"
2026-04-21T23:03:32.609+08:00  WARN 20416 --- [inker] [nio-8083-exec-3] c.i.b.s.provider.EastMoneyStockProvider  : Failed to fetch concepts for stock. code=603677, market=SH, message=403 Forbidden: "<h1>Nginx forbidden.</h1> <br/>request info: 240e:b87:1f6:d800:a504:b4a9:1b4d:4897<EOL>"
2026-04-21T23:03:32.656+08:00  WARN 20416 --- [inker] [nio-8083-exec-3] c.i.b.s.provider.EastMoneyStockProvider  : Failed to fetch concepts for stock. code=603678, market=SH, message=403 Forbidden: "<h1>Nginx forbidden.</h1> <br/>request info: 240e:b87:1f6:d800:a504:b4a9:1b4d:4897<EOL>"
2026-04-21T23:03:32.702+08:00  WARN 20416 --- [inker] [nio-8083-exec-3] c.i.b.s.provider.EastMoneyStockProvider  : Failed to fetch concepts for stock. code=603679, market=SH, message=403 Forbidden: "<h1>Nginx forbidden.</h1> <br/>request info: 240e:b87:1f6:d800:a504:b4a9:1b4d:4897<EOL>"
2026-04-21T23:03:32.747+08:00  WARN 20416 --- [inker] [nio-8083-exec-3] c.i.b.s.provider.EastMoneyStockProvider  : Failed to fetch concepts for stock. code=603680, market=SH, message=403 Forbidden: "<h1>Nginx forbidden.</h1> <br/>request info: 240e:b87:1f6:d800:a504:b4a9:1b4d:4897<EOL>"
2026-04-21T23:03:32.789+08:00  WARN 20416 --- [inker] [nio-8083-exec-3] c.i.b.s.provider.EastMoneyStockProvider  : Failed to fetch concepts for stock. code=603681, market=SH, message=403 Forbidden: "<h1>Nginx forbidden.</h1> <br/>request info: 240e:b87:1f6:d800:a504:b4a9:1b4d:4897<EOL>"
2026-04-21T23:03:32.835+08:00  WARN 20416 --- [inker] [nio-8083-exec-3] c.i.b.s.provider.EastMoneyStockProvider  : Failed to fetch concepts for stock. code=603682, market=SH, message=403 Forbidden: "<h1>Nginx forbidden.</h1> <br/>request info: 240e:b87:1f6:d800:a504:b4a9:1b4d:4897<EOL>"
2026-04-21T23:03:32.886+08:00  WARN 20416 --- [inker] [nio-8083-exec-3] c.i.b.s.provider.EastMoneyStockProvider  : Failed to fetch concepts for stock. code=603683, market=SH, message=403 Forbidden: "<h1>Nginx forbidden.</h1> <br/>request info: 240e:b87:1f6:d800:a504:b4a9:1b4d:4897<EOL>"
2026-04-21T23:03:32.928+08:00  WARN 20416 --- [inker] [nio-8083-exec-3] c.i.b.s.provider.EastMoneyStockProvider  : Failed to fetch concepts for stock. code=603685, market=SH, message=403 Forbidden: "<h1>Nginx forbidden.</h1> <br/>request info: 240e:b87:1f6:d800:a504:b4a9:1b4d:4897<EOL>"
2026-04-21T23:03:32.976+08:00  WARN 20416 --- [inker] [nio-8083-exec-3] c.i.b.s.provider.EastMoneyStockProvider  : Failed to fetch concepts for stock. code=603686, market=SH, message=403 Forbidden: "<h1>Nginx forbidden.</h1> <br/>request info: 240e:b87:1f6:d800:a504:b4a9:1b4d:4897<EOL>"
2026-04-21T23:03:33.024+08:00  WARN 20416 --- [inker] [nio-8083-exec-3] c.i.b.s.provider.EastMoneyStockProvider  : Failed to fetch concepts for stock. code=603687, market=SH, message=403 Forbidden: "<h1>Nginx forbidden.</h1> <br/>request info: 240e:b87:1f6:d800:a504:b4a9:1b4d:4897<EOL>"
2026-04-21T23:03:33.069+08:00  WARN 20416 --- [inker] [nio-8083-exec-3] c.i.b.s.provider.EastMoneyStockProvider  : Failed to fetch concepts for stock. code=603688, market=SH, message=403 Forbidden: "<h1>Nginx forbidden.</h1> <br/>request info: 240e:b87:1f6:d800:a504:b4a9:1b4d:4897<EOL>"
2026-04-21T23:03:33.117+08:00  WARN 20416 --- [inker] [nio-8083-exec-3] c.i.b.s.provider.EastMoneyStockProvider  : Failed to fetch concepts for stock. code=603689, market=SH, message=403 Forbidden: "<h1>Nginx forbidden.</h1> <br/>request info: 240e:b87:1f6:d800:a504:b4a9:1b4d:4897<EOL>"
2026-04-21T23:03:33.166+08:00  WARN 20416 --- [inker] [nio-8083-exec-3] c.i.b.s.provider.EastMoneyStockProvider  : Failed to fetch concepts for stock. code=603690, market=SH, message=403 Forbidden: "<h1>Nginx forbidden.</h1> <br/>request info: 240e:b87:1f6:d800:a504:b4a9:1b4d:4897<EOL>"
2026-04-21T23:03:33.211+08:00  WARN 20416 --- [inker] [nio-8083-exec-3] c.i.b.s.provider.EastMoneyStockProvider  : Failed to fetch concepts for stock. code=603693, market=SH, message=403 Forbidden: "<h1>Nginx forbidden.</h1> <br/>request info: 240e:b87:1f6:d800:a504:b4a9:1b4d:4897<EOL>"
2026-04-21T23:03:33.259+08:00  WARN 20416 --- [inker] [nio-8083-exec-3] c.i.b.s.provider.EastMoneyStockProvider  : Failed to fetch concepts for stock. code=603696, market=SH, message=403 Forbidden: "<h1>Nginx forbidden.</h1> <br/>request info: 240e:b87:1f6:d800:a504:b4a9:1b4d:4897<EOL>"
2026-04-21T23:03:33.303+08:00  WARN 20416 --- [inker] [nio-8083-exec-3] c.i.b.s.provider.EastMoneyStockProvider  : Failed to fetch concepts for stock. code=603697, market=SH, message=403 Forbidden: "<h1>Nginx forbidden.</h1> <br/>request info: 240e:b87:1f6:d800:a504:b4a9:1b4d:4897<EOL>"
2026-04-21T23:03:33.345+08:00  WARN 20416 --- [inker] [nio-8083-exec-3] c.i.b.s.provider.EastMoneyStockProvider  : Failed to fetch concepts for stock. code=603698, market=SH, message=403 Forbidden: "<h1>Nginx forbidden.</h1> <br/>request info: 240e:b87:1f6:d800:a504:b4a9:1b4d:4897<EOL>"
2026-04-21T23:03:33.420+08:00  WARN 20416 --- [inker] [nio-8083-exec-3] c.i.b.s.provider.EastMoneyStockProvider  : Failed to fetch concepts for stock. code=603699, market=SH, message=403 Forbidden: "<h1>Nginx forbidden.</h1> <br/>request info: 240e:b87:1f6:d800:a504:b4a9:1b4d:4897<EOL>"
2026-04-21T23:03:33.467+08:00  WARN 20416 --- [inker] [nio-8083-exec-3] c.i.b.s.provider.EastMoneyStockProvider  : Failed to fetch concepts for stock. code=603700, market=SH, message=403 Forbidden: "<h1>Nginx forbidden.</h1> <br/>request info: 240e:b87:1f6:d800:a504:b4a9:1b4d:4897<EOL>"
2026-04-21T23:03:33.511+08:00  WARN 20416 --- [inker] [nio-8083-exec-3] c.i.b.s.provider.EastMoneyStockProvider  : Failed to fetch concepts for stock. code=603701, market=SH, message=403 Forbidden: "<h1>Nginx forbidden.</h1> <br/>request info: 240e:b87:1f6:d800:a504:b4a9:1b4d:4897<EOL>"
2026-04-21T23:03:33.558+08:00  WARN 20416 --- [inker] [nio-8083-exec-3] c.i.b.s.provider.EastMoneyStockProvider  : Failed to fetch concepts for stock. code=603703, market=SH, message=403 Forbidden: "<h1>Nginx forbidden.</h1> <br/>request info: 240e:b87:1f6:d800:a504:b4a9:1b4d:4897<EOL>"
2026-04-21T23:03:33.600+08:00  WARN 20416 --- [inker] [nio-8083-exec-3] c.i.b.s.provider.EastMoneyStockProvider  : Failed to fetch concepts for stock. code=603706, market=SH, message=403 Forbidden: "<h1>Nginx forbidden.</h1> <br/>request info: 240e:b87:1f6:d800:a504:b4a9:1b4d:4897<EOL>"
2026-04-21T23:03:33.646+08:00  WARN 20416 --- [inker] [nio-8083-exec-3] c.i.b.s.provider.EastMoneyStockProvider  : Failed to fetch concepts for stock. code=603707, market=SH, message=403 Forbidden: "<h1>Nginx forbidden.</h1> <br/>request info: 240e:b87:1f6:d800:a504:b4a9:1b4d:4897<EOL>"
2026-04-21T23:03:33.690+08:00  WARN 20416 --- [inker] [nio-8083-exec-3] c.i.b.s.provider.EastMoneyStockProvider  : Failed to fetch concepts for stock. code=603708, market=SH, message=403 Forbidden: "<h1>Nginx forbidden.</h1> <br/>request info: 240e:b87:1f6:d800:a504:b4a9:1b4d:4897<EOL>"
2026-04-21T23:03:33.737+08:00  WARN 20416 --- [inker] [nio-8083-exec-3] c.i.b.s.provider.EastMoneyStockProvider  : Failed to fetch concepts for stock. code=603709, market=SH, message=403 Forbidden: "<h1>Nginx forbidden.</h1> <br/>request info: 240e:b87:1f6:d800:a504:b4a9:1b4d:4897<EOL>"
2026-04-21T23:03:33.786+08:00  WARN 20416 --- [inker] [nio-8083-exec-3] c.i.b.s.provider.EastMoneyStockProvider  : Failed to fetch concepts for stock. code=603711, market=SH, message=403 Forbidden: "<h1>Nginx forbidden.</h1> <br/>request info: 240e:b87:1f6:d800:a504:b4a9:1b4d:4897<EOL>"
2026-04-21T23:03:33.827+08:00  WARN 20416 --- [inker] [nio-8083-exec-3] c.i.b.s.provider.EastMoneyStockProvider  : Failed to fetch concepts for stock. code=603712, market=SH, message=403 Forbidden: "<h1>Nginx forbidden.</h1> <br/>request info: 240e:b87:1f6:d800:a504:b4a9:1b4d:4897<EOL>"
2026-04-21T23:03:33.874+08:00  WARN 20416 --- [inker] [nio-8083-exec-3] c.i.b.s.provider.EastMoneyStockProvider  : Failed to fetch concepts for stock. code=603713, market=SH, message=403 Forbidden: "<h1>Nginx forbidden.</h1> <br/>request info: 240e:b87:1f6:d800:a504:b4a9:1b4d:4897<EOL>"
2026-04-21T23:03:33.915+08:00  WARN 20416 --- [inker] [nio-8083-exec-3] c.i.b.s.provider.EastMoneyStockProvider  : Failed to fetch concepts for stock. code=603716, market=SH, message=403 Forbidden: "<h1>Nginx forbidden.</h1> <br/>request info: 240e:b87:1f6:d800:a504:b4a9:1b4d:4897<EOL>"
2026-04-21T23:03:33.961+08:00  WARN 20416 --- [inker] [nio-8083-exec-3] c.i.b.s.provider.EastMoneyStockProvider  : Failed to fetch concepts for stock. code=603717, market=SH, message=403 Forbidden: "<h1>Nginx forbidden.</h1> <br/>request info: 240e:b87:1f6:d800:a504:b4a9:1b4d:4897<EOL>"
2026-04-21T23:03:34.006+08:00  WARN 20416 --- [inker] [nio-8083-exec-3] c.i.b.s.provider.EastMoneyStockProvider  : Failed to fetch concepts for stock. code=603718, market=SH, message=403 Forbidden: "<h1>Nginx forbidden.</h1> <br/>request info: 240e:b87:1f6:d800:a504:b4a9:1b4d:4897<EOL>"
2026-04-21T23:03:34.051+08:00  WARN 20416 --- [inker] [nio-8083-exec-3] c.i.b.s.provider.EastMoneyStockProvider  : Failed to fetch concepts for stock. code=603719, market=SH, message=403 Forbidden: "<h1>Nginx forbidden.</h1> <br/>request info: 240e:b87:1f6:d800:a504:b4a9:1b4d:4897<EOL>"
2026-04-21T23:03:34.100+08:00  WARN 20416 --- [inker] [nio-8083-exec-3] c.i.b.s.provider.EastMoneyStockProvider  : Failed to fetch concepts for stock. code=603722, market=SH, message=403 Forbidden: "<h1>Nginx forbidden.</h1> <br/>request info: 240e:b87:1f6:d800:a504:b4a9:1b4d:4897<EOL>"
2026-04-21T23:03:34.146+08:00  WARN 20416 --- [inker] [nio-8083-exec-3] c.i.b.s.provider.EastMoneyStockProvider  : Failed to fetch concepts for stock. code=603725, market=SH, message=403 Forbidden: "<h1>Nginx forbidden.</h1> <br/>request info: 240e:b87:1f6:d800:a504:b4a9:1b4d:4897<EOL>"
2026-04-21T23:03:34.194+08:00  WARN 20416 --- [inker] [nio-8083-exec-3] c.i.b.s.provider.EastMoneyStockProvider  : Failed to fetch concepts for stock. code=603726, market=SH, message=403 Forbidden: "<h1>Nginx forbidden.</h1> <br/>request info: 240e:b87:1f6:d800:a504:b4a9:1b4d:4897<EOL>"
2026-04-21T23:03:34.239+08:00  WARN 20416 --- [inker] [nio-8083-exec-3] c.i.b.s.provider.EastMoneyStockProvider  : Failed to fetch concepts for stock. code=603727, market=SH, message=403 Forbidden: "<h1>Nginx forbidden.</h1> <br/>request info: 240e:b87:1f6:d800:a504:b4a9:1b4d:4897<EOL>"
2026-04-21T23:03:34.288+08:00  WARN 20416 --- [inker] [nio-8083-exec-3] c.i.b.s.provider.EastMoneyStockProvider  : Failed to fetch concepts for stock. code=603728, market=SH, message=403 Forbidden: "<h1>Nginx forbidden.</h1> <br/>request info: 240e:b87:1f6:d800:a504:b4a9:1b4d:4897<EOL>"
2026-04-21T23:03:34.330+08:00  WARN 20416 --- [inker] [nio-8083-exec-3] c.i.b.s.provider.EastMoneyStockProvider  : Failed to fetch concepts for stock. code=603729, market=SH, message=403 Forbidden: "<h1>Nginx forbidden.</h1> <br/>request info: 240e:b87:1f6:d800:a504:b4a9:1b4d:4897<EOL>"
2026-04-21T23:03:34.379+08:00  WARN 20416 --- [inker] [nio-8083-exec-3] c.i.b.s.provider.EastMoneyStockProvider  : Failed to fetch concepts for stock. code=603730, market=SH, message=403 Forbidden: "<h1>Nginx forbidden.</h1> <br/>request info: 240e:b87:1f6:d800:a504:b4a9:1b4d:4897<EOL>"
2026-04-21T23:03:34.428+08:00  WARN 20416 --- [inker] [nio-8083-exec-3] c.i.b.s.provider.EastMoneyStockProvider  : Failed to fetch concepts for stock. code=603733, market=SH, message=403 Forbidden: "<h1>Nginx forbidden.</h1> <br/>request info: 240e:b87:1f6:d800:a504:b4a9:1b4d:4897<EOL>"
2026-04-21T23:03:34.474+08:00  WARN 20416 --- [inker] [nio-8083-exec-3] c.i.b.s.provider.EastMoneyStockProvider  : Failed to fetch concepts for stock. code=603737, market=SH, message=403 Forbidden: "<h1>Nginx forbidden.</h1> <br/>request info: 240e:b87:1f6:d800:a504:b4a9:1b4d:4897<EOL>"
2026-04-21T23:03:34.519+08:00  WARN 20416 --- [inker] [nio-8083-exec-3] c.i.b.s.provider.EastMoneyStockProvider  : Failed to fetch concepts for stock. code=603738, market=SH, message=403 Forbidden: "<h1>Nginx forbidden.</h1> <br/>request info: 240e:b87:1f6:d800:a504:b4a9:1b4d:4897<EOL>"
2026-04-21T23:03:34.565+08:00  WARN 20416 --- [inker] [nio-8083-exec-3] c.i.b.s.provider.EastMoneyStockProvider  : Failed to fetch concepts for stock. code=603739, market=SH, message=403 Forbidden: "<h1>Nginx forbidden.</h1> <br/>request info: 240e:b87:1f6:d800:a504:b4a9:1b4d:4897<EOL>"
2026-04-21T23:03:34.612+08:00  WARN 20416 --- [inker] [nio-8083-exec-3] c.i.b.s.provider.EastMoneyStockProvider  : Failed to fetch concepts for stock. code=603755, market=SH, message=403 Forbidden: "<h1>Nginx forbidden.</h1> <br/>request info: 240e:b87:1f6:d800:a504:b4a9:1b4d:4897<EOL>"
2026-04-21T23:03:34.660+08:00  WARN 20416 --- [inker] [nio-8083-exec-3] c.i.b.s.provider.EastMoneyStockProvider  : Failed to fetch concepts for stock. code=603757, market=SH, message=403 Forbidden: "<h1>Nginx forbidden.</h1> <br/>request info: 240e:b87:1f6:d800:a504:b4a9:1b4d:4897<EOL>"
2026-04-21T23:03:34.703+08:00  WARN 20416 --- [inker] [nio-8083-exec-3] c.i.b.s.provider.EastMoneyStockProvider  : Failed to fetch concepts for stock. code=603758, market=SH, message=403 Forbidden: "<h1>Nginx forbidden.</h1> <br/>request info: 240e:b87:1f6:d800:a504:b4a9:1b4d:4897<EOL>"
2026-04-21T23:03:34.750+08:00  WARN 20416 --- [inker] [nio-8083-exec-3] c.i.b.s.provider.EastMoneyStockProvider  : Failed to fetch concepts for stock. code=603759, market=SH, message=403 Forbidden: "<h1>Nginx forbidden.</h1> <br/>request info: 240e:b87:1f6:d800:a504:b4a9:1b4d:4897<EOL>"
2026-04-21T23:03:34.796+08:00  WARN 20416 --- [inker] [nio-8083-exec-3] c.i.b.s.provider.EastMoneyStockProvider  : Failed to fetch concepts for stock. code=603766, market=SH, message=403 Forbidden: "<h1>Nginx forbidden.</h1> <br/>request info: 240e:b87:1f6:d800:a504:b4a9:1b4d:4897<EOL>"
2026-04-21T23:03:34.841+08:00  WARN 20416 --- [inker] [nio-8083-exec-3] c.i.b.s.provider.EastMoneyStockProvider  : Failed to fetch concepts for stock. code=603767, market=SH, message=403 Forbidden: "<h1>Nginx forbidden.</h1> <br/>request info: 240e:b87:1f6:d800:a504:b4a9:1b4d:4897<EOL>"
2026-04-21T23:03:34.890+08:00  WARN 20416 --- [inker] [nio-8083-exec-3] c.i.b.s.provider.EastMoneyStockProvider  : Failed to fetch concepts for stock. code=603768, market=SH, message=403 Forbidden: "<h1>Nginx forbidden.</h1> <br/>request info: 240e:b87:1f6:d800:a504:b4a9:1b4d:4897<EOL>"
2026-04-21T23:03:34.933+08:00  WARN 20416 --- [inker] [nio-8083-exec-3] c.i.b.s.provider.EastMoneyStockProvider  : Failed to fetch concepts for stock. code=603773, market=SH, message=403 Forbidden: "<h1>Nginx forbidden.</h1> <br/>request info: 240e:b87:1f6:d800:a504:b4a9:1b4d:4897<EOL>"
2026-04-21T23:03:34.977+08:00  WARN 20416 --- [inker] [nio-8083-exec-3] c.i.b.s.provider.EastMoneyStockProvider  : Failed to fetch concepts for stock. code=603776, market=SH, message=403 Forbidden: "<h1>Nginx forbidden.</h1> <br/>request info: 240e:b87:1f6:d800:a504:b4a9:1b4d:4897<EOL>"
2026-04-21T23:03:35.043+08:00  WARN 20416 --- [inker] [nio-8083-exec-3] c.i.b.s.provider.EastMoneyStockProvider  : Failed to fetch concepts for stock. code=603777, market=SH, message=403 Forbidden: "<h1>Nginx forbidden.</h1> <br/>request info: 240e:b87:1f6:d800:a504:b4a9:1b4d:4897<EOL>"
2026-04-21T23:03:35.086+08:00  WARN 20416 --- [inker] [nio-8083-exec-3] c.i.b.s.provider.EastMoneyStockProvider  : Failed to fetch concepts for stock. code=603778, market=SH, message=403 Forbidden: "<h1>Nginx forbidden.</h1> <br/>request info: 240e:b87:1f6:d800:a504:b4a9:1b4d:4897<EOL>"
2026-04-21T23:03:35.133+08:00  WARN 20416 --- [inker] [nio-8083-exec-3] c.i.b.s.provider.EastMoneyStockProvider  : Failed to fetch concepts for stock. code=603779, market=SH, message=403 Forbidden: "<h1>Nginx forbidden.</h1> <br/>request info: 240e:b87:1f6:d800:a504:b4a9:1b4d:4897<EOL>"
2026-04-21T23:03:35.178+08:00  WARN 20416 --- [inker] [nio-8083-exec-3] c.i.b.s.provider.EastMoneyStockProvider  : Failed to fetch concepts for stock. code=603786, market=SH, message=403 Forbidden: "<h1>Nginx forbidden.</h1> <br/>request info: 240e:b87:1f6:d800:a504:b4a9:1b4d:4897<EOL>"
2026-04-21T23:03:35.222+08:00  WARN 20416 --- [inker] [nio-8083-exec-3] c.i.b.s.provider.EastMoneyStockProvider  : Failed to fetch concepts for stock. code=603787, market=SH, message=403 Forbidden: "<h1>Nginx forbidden.</h1> <br/>request info: 240e:b87:1f6:d800:a504:b4a9:1b4d:4897<EOL>"
2026-04-21T23:03:35.268+08:00  WARN 20416 --- [inker] [nio-8083-exec-3] c.i.b.s.provider.EastMoneyStockProvider  : Failed to fetch concepts for stock. code=603788, market=SH, message=403 Forbidden: "<h1>Nginx forbidden.</h1> <br/>request info: 240e:b87:1f6:d800:a504:b4a9:1b4d:4897<EOL>"
2026-04-21T23:03:35.313+08:00  WARN 20416 --- [inker] [nio-8083-exec-3] c.i.b.s.provider.EastMoneyStockProvider  : Failed to fetch concepts for stock. code=603790, market=SH, message=403 Forbidden: "<h1>Nginx forbidden.</h1> <br/>request info: 240e:b87:1f6:d800:a504:b4a9:1b4d:4897<EOL>"
2026-04-21T23:03:35.361+08:00  WARN 20416 --- [inker] [nio-8083-exec-3] c.i.b.s.provider.EastMoneyStockProvider  : Failed to fetch concepts for stock. code=603797, market=SH, message=403 Forbidden: "<h1>Nginx forbidden.</h1> <br/>request info: 240e:b87:1f6:d800:a504:b4a9:1b4d:4897<EOL>"
2026-04-21T23:03:35.407+08:00  WARN 20416 --- [inker] [nio-8083-exec-3] c.i.b.s.provider.EastMoneyStockProvider  : Failed to fetch concepts for stock. code=603798, market=SH, message=403 Forbidden: "<h1>Nginx forbidden.</h1> <br/>request info: 240e:b87:1f6:d800:a504:b4a9:1b4d:4897<EOL>"
2026-04-21T23:03:35.477+08:00  WARN 20416 --- [inker] [nio-8083-exec-3] c.i.b.s.provider.EastMoneyStockProvider  : Failed to fetch concepts for stock. code=603799, market=SH, message=403 Forbidden: "<h1>Nginx forbidden.</h1> <br/>request info: 240e:b87:1f6:d800:a504:b4a9:1b4d:4897<EOL>"
2026-04-21T23:03:35.522+08:00  WARN 20416 --- [inker] [nio-8083-exec-3] c.i.b.s.provider.EastMoneyStockProvider  : Failed to fetch concepts for stock. code=603800, market=SH, message=403 Forbidden: "<h1>Nginx forbidden.</h1> <br/>request info: 240e:b87:1f6:d800:a504:b4a9:1b4d:4897<EOL>"
2026-04-21T23:03:35.611+08:00  WARN 20416 --- [inker] [nio-8083-exec-3] c.i.b.s.provider.EastMoneyStockProvider  : Failed to fetch concepts for stock. code=603801, market=SH, message=403 Forbidden: "<h1>Nginx forbidden.</h1> <br/>request info: 240e:b87:1f6:d800:a504:b4a9:1b4d:4897<EOL>"
2026-04-21T23:03:35.657+08:00  WARN 20416 --- [inker] [nio-8083-exec-3] c.i.b.s.provider.EastMoneyStockProvider  : Failed to fetch concepts for stock. code=603803, market=SH, message=403 Forbidden: "<h1>Nginx forbidden.</h1> <br/>request info: 240e:b87:1f6:d800:a504:b4a9:1b4d:4897<EOL>"
2026-04-21T23:03:35.705+08:00  WARN 20416 --- [inker] [nio-8083-exec-3] c.i.b.s.provider.EastMoneyStockProvider  : Failed to fetch concepts for stock. code=603806, market=SH, message=403 Forbidden: "<h1>Nginx forbidden.</h1> <br/>request info: 240e:b87:1f6:d800:a504:b4a9:1b4d:4897<EOL>"
2026-04-21T23:03:35.751+08:00  WARN 20416 --- [inker] [nio-8083-exec-3] c.i.b.s.provider.EastMoneyStockProvider  : Failed to fetch concepts for stock. code=603808, market=SH, message=403 Forbidden: "<h1>Nginx forbidden.</h1> <br/>request info: 240e:b87:1f6:d800:a504:b4a9:1b4d:4897<EOL>"
2026-04-21T23:03:35.795+08:00  WARN 20416 --- [inker] [nio-8083-exec-3] c.i.b.s.provider.EastMoneyStockProvider  : Failed to fetch concepts for stock. code=603809, market=SH, message=403 Forbidden: "<h1>Nginx forbidden.</h1> <br/>request info: 240e:b87:1f6:d800:a504:b4a9:1b4d:4897<EOL>"
2026-04-21T23:03:35.841+08:00  WARN 20416 --- [inker] [nio-8083-exec-3] c.i.b.s.provider.EastMoneyStockProvider  : Failed to fetch concepts for stock. code=603810, market=SH, message=403 Forbidden: "<h1>Nginx forbidden.</h1> <br/>request info: 240e:b87:1f6:d800:a504:b4a9:1b4d:4897<EOL>"
2026-04-21T23:03:35.884+08:00  WARN 20416 --- [inker] [nio-8083-exec-3] c.i.b.s.provider.EastMoneyStockProvider  : Failed to fetch concepts for stock. code=603811, market=SH, message=403 Forbidden: "<h1>Nginx forbidden.</h1> <br/>request info: 240e:b87:1f6:d800:a504:b4a9:1b4d:4897<EOL>"
2026-04-21T23:03:35.932+08:00  WARN 20416 --- [inker] [nio-8083-exec-3] c.i.b.s.provider.EastMoneyStockProvider  : Failed to fetch concepts for stock. code=603815, market=SH, message=403 Forbidden: "<h1>Nginx forbidden.</h1> <br/>request info: 240e:b87:1f6:d800:a504:b4a9:1b4d:4897<EOL>"
2026-04-21T23:03:35.978+08:00  WARN 20416 --- [inker] [nio-8083-exec-3] c.i.b.s.provider.EastMoneyStockProvider  : Failed to fetch concepts for stock. code=603816, market=SH, message=403 Forbidden: "<h1>Nginx forbidden.</h1> <br/>request info: 240e:b87:1f6:d800:a504:b4a9:1b4d:4897<EOL>"
2026-04-21T23:03:36.021+08:00  WARN 20416 --- [inker] [nio-8083-exec-3] c.i.b.s.provider.EastMoneyStockProvider  : Failed to fetch concepts for stock. code=603817, market=SH, message=403 Forbidden: "<h1>Nginx forbidden.</h1> <br/>request info: 240e:b87:1f6:d800:a504:b4a9:1b4d:4897<EOL>"
2026-04-21T23:03:36.067+08:00  WARN 20416 --- [inker] [nio-8083-exec-3] c.i.b.s.provider.EastMoneyStockProvider  : Failed to fetch concepts for stock. code=603818, market=SH, message=403 Forbidden: "<h1>Nginx forbidden.</h1> <br/>request info: 240e:b87:1f6:d800:a504:b4a9:1b4d:4897<EOL>"
2026-04-21T23:03:36.111+08:00  WARN 20416 --- [inker] [nio-8083-exec-3] c.i.b.s.provider.EastMoneyStockProvider  : Failed to fetch concepts for stock. code=603819, market=SH, message=403 Forbidden: "<h1>Nginx forbidden.</h1> <br/>request info: 240e:b87:1f6:d800:a504:b4a9:1b4d:4897<EOL>"
2026-04-21T23:03:36.154+08:00  WARN 20416 --- [inker] [nio-8083-exec-3] c.i.b.s.provider.EastMoneyStockProvider  : Failed to fetch concepts for stock. code=603823, market=SH, message=403 Forbidden: "<h1>Nginx forbidden.</h1> <br/>request info: 240e:b87:1f6:d800:a504:b4a9:1b4d:4897<EOL>"
2026-04-21T23:03:36.200+08:00  WARN 20416 --- [inker] [nio-8083-exec-3] c.i.b.s.provider.EastMoneyStockProvider  : Failed to fetch concepts for stock. code=603826, market=SH, message=403 Forbidden: "<h1>Nginx forbidden.</h1> <br/>request info: 240e:b87:1f6:d800:a504:b4a9:1b4d:4897<EOL>"
2026-04-21T23:03:36.243+08:00  WARN 20416 --- [inker] [nio-8083-exec-3] c.i.b.s.provider.EastMoneyStockProvider  : Failed to fetch concepts for stock. code=603829, market=SH, message=403 Forbidden: "<h1>Nginx forbidden.</h1> <br/>request info: 240e:b87:1f6:d800:a504:b4a9:1b4d:4897<EOL>"
2026-04-21T23:03:36.290+08:00  WARN 20416 --- [inker] [nio-8083-exec-3] c.i.b.s.provider.EastMoneyStockProvider  : Failed to fetch concepts for stock. code=603833, market=SH, message=403 Forbidden: "<h1>Nginx forbidden.</h1> <br/>request info: 240e:b87:1f6:d800:a504:b4a9:1b4d:4897<EOL>"
2026-04-21T23:03:36.336+08:00  WARN 20416 --- [inker] [nio-8083-exec-3] c.i.b.s.provider.EastMoneyStockProvider  : Failed to fetch concepts for stock. code=603836, market=SH, message=403 Forbidden: "<h1>Nginx forbidden.</h1> <br/>request info: 240e:b87:1f6:d800:a504:b4a9:1b4d:4897<EOL>"
2026-04-21T23:03:36.378+08:00  WARN 20416 --- [inker] [nio-8083-exec-3] c.i.b.s.provider.EastMoneyStockProvider  : Failed to fetch concepts for stock. code=603839, market=SH, message=403 Forbidden: "<h1>Nginx forbidden.</h1> <br/>request info: 240e:b87:1f6:d800:a504:b4a9:1b4d:4897<EOL>"
2026-04-21T23:03:36.424+08:00  WARN 20416 --- [inker] [nio-8083-exec-3] c.i.b.s.provider.EastMoneyStockProvider  : Failed to fetch concepts for stock. code=603848, market=SH, message=403 Forbidden: "<h1>Nginx forbidden.</h1> <br/>request info: 240e:b87:1f6:d800:a504:b4a9:1b4d:4897<EOL>"
2026-04-21T23:03:36.473+08:00  WARN 20416 --- [inker] [nio-8083-exec-3] c.i.b.s.provider.EastMoneyStockProvider  : Failed to fetch concepts for stock. code=603855, market=SH, message=403 Forbidden: "<h1>Nginx forbidden.</h1> <br/>request info: 240e:b87:1f6:d800:a504:b4a9:1b4d:4897<EOL>"
2026-04-21T23:03:36.521+08:00  WARN 20416 --- [inker] [nio-8083-exec-3] c.i.b.s.provider.EastMoneyStockProvider  : Failed to fetch concepts for stock. code=603856, market=SH, message=403 Forbidden: "<h1>Nginx forbidden.</h1> <br/>request info: 240e:b87:1f6:d800:a504:b4a9:1b4d:4897<EOL>"
2026-04-21T23:03:36.566+08:00  WARN 20416 --- [inker] [nio-8083-exec-3] c.i.b.s.provider.EastMoneyStockProvider  : Failed to fetch concepts for stock. code=603858, market=SH, message=403 Forbidden: "<h1>Nginx forbidden.</h1> <br/>request info: 240e:b87:1f6:d800:a504:b4a9:1b4d:4897<EOL>"
2026-04-21T23:03:36.611+08:00  WARN 20416 --- [inker] [nio-8083-exec-3] c.i.b.s.provider.EastMoneyStockProvider  : Failed to fetch concepts for stock. code=603859, market=SH, message=403 Forbidden: "<h1>Nginx forbidden.</h1> <br/>request info: 240e:b87:1f6:d800:a504:b4a9:1b4d:4897<EOL>"
2026-04-21T23:03:36.659+08:00  WARN 20416 --- [inker] [nio-8083-exec-3] c.i.b.s.provider.EastMoneyStockProvider  : Failed to fetch concepts for stock. code=603860, market=SH, message=403 Forbidden: "<h1>Nginx forbidden.</h1> <br/>request info: 240e:b87:1f6:d800:a504:b4a9:1b4d:4897<EOL>"
2026-04-21T23:03:36.706+08:00  WARN 20416 --- [inker] [nio-8083-exec-3] c.i.b.s.provider.EastMoneyStockProvider  : Failed to fetch concepts for stock. code=603861, market=SH, message=403 Forbidden: "<h1>Nginx forbidden.</h1> <br/>request info: 240e:b87:1f6:d800:a504:b4a9:1b4d:4897<EOL>"
2026-04-21T23:03:36.753+08:00  WARN 20416 --- [inker] [nio-8083-exec-3] c.i.b.s.provider.EastMoneyStockProvider  : Failed to fetch concepts for stock. code=603863, market=SH, message=403 Forbidden: "<h1>Nginx forbidden.</h1> <br/>request info: 240e:b87:1f6:d800:a504:b4a9:1b4d:4897<EOL>"
2026-04-21T23:03:36.800+08:00  WARN 20416 --- [inker] [nio-8083-exec-3] c.i.b.s.provider.EastMoneyStockProvider  : Failed to fetch concepts for stock. code=603866, market=SH, message=403 Forbidden: "<h1>Nginx forbidden.</h1> <br/>request info: 240e:b87:1f6:d800:a504:b4a9:1b4d:4897<EOL>"
2026-04-21T23:03:36.848+08:00  WARN 20416 --- [inker] [nio-8083-exec-3] c.i.b.s.provider.EastMoneyStockProvider  : Failed to fetch concepts for stock. code=603867, market=SH, message=403 Forbidden: "<h1>Nginx forbidden.</h1> <br/>request info: 240e:b87:1f6:d800:a504:b4a9:1b4d:4897<EOL>"
2026-04-21T23:03:36.891+08:00  WARN 20416 --- [inker] [nio-8083-exec-3] c.i.b.s.provider.EastMoneyStockProvider  : Failed to fetch concepts for stock. code=603868, market=SH, message=403 Forbidden: "<h1>Nginx forbidden.</h1> <br/>request info: 240e:b87:1f6:d800:a504:b4a9:1b4d:4897<EOL>"
2026-04-21T23:03:36.934+08:00  WARN 20416 --- [inker] [nio-8083-exec-3] c.i.b.s.provider.EastMoneyStockProvider  : Failed to fetch concepts for stock. code=603871, market=SH, message=403 Forbidden: "<h1>Nginx forbidden.</h1> <br/>request info: 240e:b87:1f6:d800:a504:b4a9:1b4d:4897<EOL>"
2026-04-21T23:03:36.984+08:00  WARN 20416 --- [inker] [nio-8083-exec-3] c.i.b.s.provider.EastMoneyStockProvider  : Failed to fetch concepts for stock. code=603876, market=SH, message=403 Forbidden: "<h1>Nginx forbidden.</h1> <br/>request info: 240e:b87:1f6:d800:a504:b4a9:1b4d:4897<EOL>"
2026-04-21T23:03:37.030+08:00  WARN 20416 --- [inker] [nio-8083-exec-3] c.i.b.s.provider.EastMoneyStockProvider  : Failed to fetch concepts for stock. code=603877, market=SH, message=403 Forbidden: "<h1>Nginx forbidden.</h1> <br/>request info: 240e:b87:1f6:d800:a504:b4a9:1b4d:4897<EOL>"
2026-04-21T23:03:37.076+08:00  WARN 20416 --- [inker] [nio-8083-exec-3] c.i.b.s.provider.EastMoneyStockProvider  : Failed to fetch concepts for stock. code=603878, market=SH, message=403 Forbidden: "<h1>Nginx forbidden.</h1> <br/>request info: 240e:b87:1f6:d800:a504:b4a9:1b4d:4897<EOL>"
2026-04-21T23:03:37.118+08:00  WARN 20416 --- [inker] [nio-8083-exec-3] c.i.b.s.provider.EastMoneyStockProvider  : Failed to fetch concepts for stock. code=603879, market=SH, message=403 Forbidden: "<h1>Nginx forbidden.</h1> <br/>request info: 240e:b87:1f6:d800:a504:b4a9:1b4d:4897<EOL>"
2026-04-21T23:03:37.161+08:00  WARN 20416 --- [inker] [nio-8083-exec-3] c.i.b.s.provider.EastMoneyStockProvider  : Failed to fetch concepts for stock. code=603880, market=SH, message=403 Forbidden: "<h1>Nginx forbidden.</h1> <br/>request info: 240e:b87:1f6:d800:a504:b4a9:1b4d:4897<EOL>"
2026-04-21T23:03:37.205+08:00  WARN 20416 --- [inker] [nio-8083-exec-3] c.i.b.s.provider.EastMoneyStockProvider  : Failed to fetch concepts for stock. code=603881, market=SH, message=403 Forbidden: "<h1>Nginx forbidden.</h1> <br/>request info: 240e:b87:1f6:d800:a504:b4a9:1b4d:4897<EOL>"
2026-04-21T23:03:37.249+08:00  WARN 20416 --- [inker] [nio-8083-exec-3] c.i.b.s.provider.EastMoneyStockProvider  : Failed to fetch concepts for stock. code=603882, market=SH, message=403 Forbidden: "<h1>Nginx forbidden.</h1> <br/>request info: 240e:b87:1f6:d800:a504:b4a9:1b4d:4897<EOL>"
2026-04-21T23:03:37.293+08:00  WARN 20416 --- [inker] [nio-8083-exec-3] c.i.b.s.provider.EastMoneyStockProvider  : Failed to fetch concepts for stock. code=603883, market=SH, message=403 Forbidden: "<h1>Nginx forbidden.</h1> <br/>request info: 240e:b87:1f6:d800:a504:b4a9:1b4d:4897<EOL>"
2026-04-21T23:03:37.341+08:00  WARN 20416 --- [inker] [nio-8083-exec-3] c.i.b.s.provider.EastMoneyStockProvider  : Failed to fetch concepts for stock. code=603885, market=SH, message=403 Forbidden: "<h1>Nginx forbidden.</h1> <br/>request info: 240e:b87:1f6:d800:a504:b4a9:1b4d:4897<EOL>"
2026-04-21T23:03:37.384+08:00  WARN 20416 --- [inker] [nio-8083-exec-3] c.i.b.s.provider.EastMoneyStockProvider  : Failed to fetch concepts for stock. code=603886, market=SH, message=403 Forbidden: "<h1>Nginx forbidden.</h1> <br/>request info: 240e:b87:1f6:d800:a504:b4a9:1b4d:4897<EOL>"
2026-04-21T23:03:37.426+08:00  WARN 20416 --- [inker] [nio-8083-exec-3] c.i.b.s.provider.EastMoneyStockProvider  : Failed to fetch concepts for stock. code=603887, market=SH, message=403 Forbidden: "<h1>Nginx forbidden.</h1> <br/>request info: 240e:b87:1f6:d800:a504:b4a9:1b4d:4897<EOL>"
2026-04-21T23:03:37.471+08:00  WARN 20416 --- [inker] [nio-8083-exec-3] c.i.b.s.provider.EastMoneyStockProvider  : Failed to fetch concepts for stock. code=603888, market=SH, message=403 Forbidden: "<h1>Nginx forbidden.</h1> <br/>request info: 240e:b87:1f6:d800:a504:b4a9:1b4d:4897<EOL>"
2026-04-21T23:03:37.514+08:00  WARN 20416 --- [inker] [nio-8083-exec-3] c.i.b.s.provider.EastMoneyStockProvider  : Failed to fetch concepts for stock. code=603889, market=SH, message=403 Forbidden: "<h1>Nginx forbidden.</h1> <br/>request info: 240e:b87:1f6:d800:a504:b4a9:1b4d:4897<EOL>"
2026-04-21T23:03:37.560+08:00  WARN 20416 --- [inker] [nio-8083-exec-3] c.i.b.s.provider.EastMoneyStockProvider  : Failed to fetch concepts for stock. code=603890, market=SH, message=403 Forbidden: "<h1>Nginx forbidden.</h1> <br/>request info: 240e:b87:1f6:d800:a504:b4a9:1b4d:4897<EOL>"
2026-04-21T23:03:37.604+08:00  WARN 20416 --- [inker] [nio-8083-exec-3] c.i.b.s.provider.EastMoneyStockProvider  : Failed to fetch concepts for stock. code=603893, market=SH, message=403 Forbidden: "<h1>Nginx forbidden.</h1> <br/>request info: 240e:b87:1f6:d800:a504:b4a9:1b4d:4897<EOL>"
2026-04-21T23:03:37.646+08:00  WARN 20416 --- [inker] [nio-8083-exec-3] c.i.b.s.provider.EastMoneyStockProvider  : Failed to fetch concepts for stock. code=603895, market=SH, message=403 Forbidden: "<h1>Nginx forbidden.</h1> <br/>request info: 240e:b87:1f6:d800:a504:b4a9:1b4d:4897<EOL>"
2026-04-21T23:03:37.693+08:00  WARN 20416 --- [inker] [nio-8083-exec-3] c.i.b.s.provider.EastMoneyStockProvider  : Failed to fetch concepts for stock. code=603896, market=SH, message=403 Forbidden: "<h1>Nginx forbidden.</h1> <br/>request info: 240e:b87:1f6:d800:a504:b4a9:1b4d:4897<EOL>"
2026-04-21T23:03:37.741+08:00  WARN 20416 --- [inker] [nio-8083-exec-3] c.i.b.s.provider.EastMoneyStockProvider  : Failed to fetch concepts for stock. code=603897, market=SH, message=403 Forbidden: "<h1>Nginx forbidden.</h1> <br/>request info: 240e:b87:1f6:d800:a504:b4a9:1b4d:4897<EOL>"
2026-04-21T23:03:37.784+08:00  WARN 20416 --- [inker] [nio-8083-exec-3] c.i.b.s.provider.EastMoneyStockProvider  : Failed to fetch concepts for stock. code=603898, market=SH, message=403 Forbidden: "<h1>Nginx forbidden.</h1> <br/>request info: 240e:b87:1f6:d800:a504:b4a9:1b4d:4897<EOL>"
2026-04-21T23:03:37.831+08:00  WARN 20416 --- [inker] [nio-8083-exec-3] c.i.b.s.provider.EastMoneyStockProvider  : Failed to fetch concepts for stock. code=603899, market=SH, message=403 Forbidden: "<h1>Nginx forbidden.</h1> <br/>request info: 240e:b87:1f6:d800:a504:b4a9:1b4d:4897<EOL>"
2026-04-21T23:03:37.876+08:00  WARN 20416 --- [inker] [nio-8083-exec-3] c.i.b.s.provider.EastMoneyStockProvider  : Failed to fetch concepts for stock. code=603900, market=SH, message=403 Forbidden: "<h1>Nginx forbidden.</h1> <br/>request info: 240e:b87:1f6:d800:a504:b4a9:1b4d:4897<EOL>"
2026-04-21T23:03:38.184+08:00  WARN 20416 --- [inker] [nio-8083-exec-3] c.i.b.s.provider.EastMoneyStockProvider  : Failed to fetch concepts for stock. code=603901, market=SH, message=403 Forbidden: "<h1>Nginx forbidden.</h1> <br/>request info: 240e:b87:1f6:d800:a504:b4a9:1b4d:4897<EOL>"
2026-04-21T23:03:38.228+08:00  WARN 20416 --- [inker] [nio-8083-exec-3] c.i.b.s.provider.EastMoneyStockProvider  : Failed to fetch concepts for stock. code=603903, market=SH, message=403 Forbidden: "<h1>Nginx forbidden.</h1> <br/>request info: 240e:b87:1f6:d800:a504:b4a9:1b4d:4897<EOL>"
2026-04-21T23:03:38.271+08:00  WARN 20416 --- [inker] [nio-8083-exec-3] c.i.b.s.provider.EastMoneyStockProvider  : Failed to fetch concepts for stock. code=603906, market=SH, message=403 Forbidden: "<h1>Nginx forbidden.</h1> <br/>request info: 240e:b87:1f6:d800:a504:b4a9:1b4d:4897<EOL>"
2026-04-21T23:03:38.317+08:00  WARN 20416 --- [inker] [nio-8083-exec-3] c.i.b.s.provider.EastMoneyStockProvider  : Failed to fetch concepts for stock. code=603908, market=SH, message=403 Forbidden: "<h1>Nginx forbidden.</h1> <br/>request info: 240e:b87:1f6:d800:a504:b4a9:1b4d:4897<EOL>"
2026-04-21T23:03:38.360+08:00  WARN 20416 --- [inker] [nio-8083-exec-3] c.i.b.s.provider.EastMoneyStockProvider  : Failed to fetch concepts for stock. code=603909, market=SH, message=403 Forbidden: "<h1>Nginx forbidden.</h1> <br/>request info: 240e:b87:1f6:d800:a504:b4a9:1b4d:4897<EOL>"
2026-04-21T23:03:38.407+08:00  WARN 20416 --- [inker] [nio-8083-exec-3] c.i.b.s.provider.EastMoneyStockProvider  : Failed to fetch concepts for stock. code=603912, market=SH, message=403 Forbidden: "<h1>Nginx forbidden.</h1> <br/>request info: 240e:b87:1f6:d800:a504:b4a9:1b4d:4897<EOL>"
2026-04-21T23:03:38.456+08:00  WARN 20416 --- [inker] [nio-8083-exec-3] c.i.b.s.provider.EastMoneyStockProvider  : Failed to fetch concepts for stock. code=603915, market=SH, message=403 Forbidden: "<h1>Nginx forbidden.</h1> <br/>request info: 240e:b87:1f6:d800:a504:b4a9:1b4d:4897<EOL>"
2026-04-21T23:03:38.503+08:00  WARN 20416 --- [inker] [nio-8083-exec-3] c.i.b.s.provider.EastMoneyStockProvider  : Failed to fetch concepts for stock. code=603916, market=SH, message=403 Forbidden: "<h1>Nginx forbidden.</h1> <br/>request info: 240e:b87:1f6:d800:a504:b4a9:1b4d:4897<EOL>"
2026-04-21T23:03:38.551+08:00  WARN 20416 --- [inker] [nio-8083-exec-3] c.i.b.s.provider.EastMoneyStockProvider  : Failed to fetch concepts for stock. code=603917, market=SH, message=403 Forbidden: "<h1>Nginx forbidden.</h1> <br/>request info: 240e:b87:1f6:d800:a504:b4a9:1b4d:4897<EOL>"
2026-04-21T23:03:38.594+08:00  WARN 20416 --- [inker] [nio-8083-exec-3] c.i.b.s.provider.EastMoneyStockProvider  : Failed to fetch concepts for stock. code=603918, market=SH, message=403 Forbidden: "<h1>Nginx forbidden.</h1> <br/>request info: 240e:b87:1f6:d800:a504:b4a9:1b4d:4897<EOL>"
2026-04-21T23:03:38.637+08:00  WARN 20416 --- [inker] [nio-8083-exec-3] c.i.b.s.provider.EastMoneyStockProvider  : Failed to fetch concepts for stock. code=603919, market=SH, message=403 Forbidden: "<h1>Nginx forbidden.</h1> <br/>request info: 240e:b87:1f6:d800:a504:b4a9:1b4d:4897<EOL>"
2026-04-21T23:03:38.683+08:00  WARN 20416 --- [inker] [nio-8083-exec-3] c.i.b.s.provider.EastMoneyStockProvider  : Failed to fetch concepts for stock. code=603920, market=SH, message=403 Forbidden: "<h1>Nginx forbidden.</h1> <br/>request info: 240e:b87:1f6:d800:a504:b4a9:1b4d:4897<EOL>"
2026-04-21T23:03:38.732+08:00  WARN 20416 --- [inker] [nio-8083-exec-3] c.i.b.s.provider.EastMoneyStockProvider  : Failed to fetch concepts for stock. code=603922, market=SH, message=403 Forbidden: "<h1>Nginx forbidden.</h1> <br/>request info: 240e:b87:1f6:d800:a504:b4a9:1b4d:4897<EOL>"
2026-04-21T23:03:38.776+08:00  WARN 20416 --- [inker] [nio-8083-exec-3] c.i.b.s.provider.EastMoneyStockProvider  : Failed to fetch concepts for stock. code=603926, market=SH, message=403 Forbidden: "<h1>Nginx forbidden.</h1> <br/>request info: 240e:b87:1f6:d800:a504:b4a9:1b4d:4897<EOL>"
2026-04-21T23:03:38.823+08:00  WARN 20416 --- [inker] [nio-8083-exec-3] c.i.b.s.provider.EastMoneyStockProvider  : Failed to fetch concepts for stock. code=603927, market=SH, message=403 Forbidden: "<h1>Nginx forbidden.</h1> <br/>request info: 240e:b87:1f6:d800:a504:b4a9:1b4d:4897<EOL>"
2026-04-21T23:03:38.889+08:00  WARN 20416 --- [inker] [nio-8083-exec-3] c.i.b.s.provider.EastMoneyStockProvider  : Failed to fetch concepts for stock. code=603928, market=SH, message=403 Forbidden: "<h1>Nginx forbidden.</h1> <br/>request info: 240e:b87:1f6:d800:a504:b4a9:1b4d:4897<EOL>"
2026-04-21T23:03:38.936+08:00  WARN 20416 --- [inker] [nio-8083-exec-3] c.i.b.s.provider.EastMoneyStockProvider  : Failed to fetch concepts for stock. code=603929, market=SH, message=403 Forbidden: "<h1>Nginx forbidden.</h1> <br/>request info: 240e:b87:1f6:d800:a504:b4a9:1b4d:4897<EOL>"
2026-04-21T23:03:38.980+08:00  WARN 20416 --- [inker] [nio-8083-exec-3] c.i.b.s.provider.EastMoneyStockProvider  : Failed to fetch concepts for stock. code=603931, market=SH, message=403 Forbidden: "<h1>Nginx forbidden.</h1> <br/>request info: 240e:b87:1f6:d800:a504:b4a9:1b4d:4897<EOL>"
2026-04-21T23:03:39.029+08:00  WARN 20416 --- [inker] [nio-8083-exec-3] c.i.b.s.provider.EastMoneyStockProvider  : Failed to fetch concepts for stock. code=603933, market=SH, message=403 Forbidden: "<h1>Nginx forbidden.</h1> <br/>request info: 240e:b87:1f6:d800:a504:b4a9:1b4d:4897<EOL>"
2026-04-21T23:03:39.076+08:00  WARN 20416 --- [inker] [nio-8083-exec-3] c.i.b.s.provider.EastMoneyStockProvider  : Failed to fetch concepts for stock. code=603936, market=SH, message=403 Forbidden: "<h1>Nginx forbidden.</h1> <br/>request info: 240e:b87:1f6:d800:a504:b4a9:1b4d:4897<EOL>"
2026-04-21T23:03:39.119+08:00  WARN 20416 --- [inker] [nio-8083-exec-3] c.i.b.s.provider.EastMoneyStockProvider  : Failed to fetch concepts for stock. code=603937, market=SH, message=403 Forbidden: "<h1>Nginx forbidden.</h1> <br/>request info: 240e:b87:1f6:d800:a504:b4a9:1b4d:4897<EOL>"
2026-04-21T23:03:39.167+08:00  WARN 20416 --- [inker] [nio-8083-exec-3] c.i.b.s.provider.EastMoneyStockProvider  : Failed to fetch concepts for stock. code=603938, market=SH, message=403 Forbidden: "<h1>Nginx forbidden.</h1> <br/>request info: 240e:b87:1f6:d800:a504:b4a9:1b4d:4897<EOL>"
2026-04-21T23:03:39.210+08:00  WARN 20416 --- [inker] [nio-8083-exec-3] c.i.b.s.provider.EastMoneyStockProvider  : Failed to fetch concepts for stock. code=603939, market=SH, message=403 Forbidden: "<h1>Nginx forbidden.</h1> <br/>request info: 240e:b87:1f6:d800:a504:b4a9:1b4d:4897<EOL>"
2026-04-21T23:03:39.253+08:00  WARN 20416 --- [inker] [nio-8083-exec-3] c.i.b.s.provider.EastMoneyStockProvider  : Failed to fetch concepts for stock. code=603948, market=SH, message=403 Forbidden: "<h1>Nginx forbidden.</h1> <br/>request info: 240e:b87:1f6:d800:a504:b4a9:1b4d:4897<EOL>"
2026-04-21T23:03:39.301+08:00  WARN 20416 --- [inker] [nio-8083-exec-3] c.i.b.s.provider.EastMoneyStockProvider  : Failed to fetch concepts for stock. code=603949, market=SH, message=403 Forbidden: "<h1>Nginx forbidden.</h1> <br/>request info: 240e:b87:1f6:d800:a504:b4a9:1b4d:4897<EOL>"
2026-04-21T23:03:39.344+08:00  WARN 20416 --- [inker] [nio-8083-exec-3] c.i.b.s.provider.EastMoneyStockProvider  : Failed to fetch concepts for stock. code=603950, market=SH, message=403 Forbidden: "<h1>Nginx forbidden.</h1> <br/>request info: 240e:b87:1f6:d800:a504:b4a9:1b4d:4897<EOL>"
2026-04-21T23:03:39.425+08:00  WARN 20416 --- [inker] [nio-8083-exec-3] c.i.b.s.provider.EastMoneyStockProvider  : Failed to fetch concepts for stock. code=603955, market=SH, message=403 Forbidden: "<h1>Nginx forbidden.</h1> <br/>request info: 240e:b87:1f6:d800:a504:b4a9:1b4d:4897<EOL>"
2026-04-21T23:03:39.474+08:00  WARN 20416 --- [inker] [nio-8083-exec-3] c.i.b.s.provider.EastMoneyStockProvider  : Failed to fetch concepts for stock. code=603956, market=SH, message=403 Forbidden: "<h1>Nginx forbidden.</h1> <br/>request info: 240e:b87:1f6:d800:a504:b4a9:1b4d:4897<EOL>"
2026-04-21T23:03:39.594+08:00  WARN 20416 --- [inker] [nio-8083-exec-3] c.i.b.s.provider.EastMoneyStockProvider  : Failed to fetch concepts for stock. code=603958, market=SH, message=403 Forbidden: "<h1>Nginx forbidden.</h1> <br/>request info: 240e:b87:1f6:d800:a504:b4a9:1b4d:4897<EOL>"
2026-04-21T23:03:39.664+08:00  WARN 20416 --- [inker] [nio-8083-exec-3] c.i.b.s.provider.EastMoneyStockProvider  : Failed to fetch concepts for stock. code=603959, market=SH, message=403 Forbidden: "<h1>Nginx forbidden.</h1> <br/>request info: 240e:b87:1f6:d800:a504:b4a9:1b4d:4897<EOL>"
2026-04-21T23:03:39.739+08:00  WARN 20416 --- [inker] [nio-8083-exec-3] c.i.b.s.provider.EastMoneyStockProvider  : Failed to fetch concepts for stock. code=603960, market=SH, message=403 Forbidden: "<h1>Nginx forbidden.</h1> <br/>request info: 240e:b87:1f6:d800:a504:b4a9:1b4d:4897<EOL>"
2026-04-21T23:03:39.785+08:00  WARN 20416 --- [inker] [nio-8083-exec-3] c.i.b.s.provider.EastMoneyStockProvider  : Failed to fetch concepts for stock. code=603966, market=SH, message=403 Forbidden: "<h1>Nginx forbidden.</h1> <br/>request info: 240e:b87:1f6:d800:a504:b4a9:1b4d:4897<EOL>"
2026-04-21T23:03:39.833+08:00  WARN 20416 --- [inker] [nio-8083-exec-3] c.i.b.s.provider.EastMoneyStockProvider  : Failed to fetch concepts for stock. code=603967, market=SH, message=403 Forbidden: "<h1>Nginx forbidden.</h1> <br/>request info: 240e:b87:1f6:d800:a504:b4a9:1b4d:4897<EOL>"
2026-04-21T23:03:39.972+08:00  WARN 20416 --- [inker] [nio-8083-exec-3] c.i.b.s.provider.EastMoneyStockProvider  : Failed to fetch concepts for stock. code=603968, market=SH, message=403 Forbidden: "<h1>Nginx forbidden.</h1> <br/>request info: 240e:b87:1f6:d800:a504:b4a9:1b4d:4897<EOL>"
2026-04-21T23:03:40.018+08:00  WARN 20416 --- [inker] [nio-8083-exec-3] c.i.b.s.provider.EastMoneyStockProvider  : Failed to fetch concepts for stock. code=603969, market=SH, message=403 Forbidden: "<h1>Nginx forbidden.</h1> <br/>request info: 240e:b87:1f6:d800:a504:b4a9:1b4d:4897<EOL>"
2026-04-21T23:03:40.064+08:00  WARN 20416 --- [inker] [nio-8083-exec-3] c.i.b.s.provider.EastMoneyStockProvider  : Failed to fetch concepts for stock. code=603970, market=SH, message=403 Forbidden: "<h1>Nginx forbidden.</h1> <br/>request info: 240e:b87:1f6:d800:a504:b4a9:1b4d:4897<EOL>"
2026-04-21T23:03:40.111+08:00  WARN 20416 --- [inker] [nio-8083-exec-3] c.i.b.s.provider.EastMoneyStockProvider  : Failed to fetch concepts for stock. code=603976, market=SH, message=403 Forbidden: "<h1>Nginx forbidden.</h1> <br/>request info: 240e:b87:1f6:d800:a504:b4a9:1b4d:4897<EOL>"
2026-04-21T23:03:40.155+08:00  WARN 20416 --- [inker] [nio-8083-exec-3] c.i.b.s.provider.EastMoneyStockProvider  : Failed to fetch concepts for stock. code=603977, market=SH, message=403 Forbidden: "<h1>Nginx forbidden.</h1> <br/>request info: 240e:b87:1f6:d800:a504:b4a9:1b4d:4897<EOL>"
2026-04-21T23:03:40.198+08:00  WARN 20416 --- [inker] [nio-8083-exec-3] c.i.b.s.provider.EastMoneyStockProvider  : Failed to fetch concepts for stock. code=603978, market=SH, message=403 Forbidden: "<h1>Nginx forbidden.</h1> <br/>request info: 240e:b87:1f6:d800:a504:b4a9:1b4d:4897<EOL>"
2026-04-21T23:03:40.241+08:00  WARN 20416 --- [inker] [nio-8083-exec-3] c.i.b.s.provider.EastMoneyStockProvider  : Failed to fetch concepts for stock. code=603979, market=SH, message=403 Forbidden: "<h1>Nginx forbidden.</h1> <br/>request info: 240e:b87:1f6:d800:a504:b4a9:1b4d:4897<EOL>"
2026-04-21T23:03:40.284+08:00  WARN 20416 --- [inker] [nio-8083-exec-3] c.i.b.s.provider.EastMoneyStockProvider  : Failed to fetch concepts for stock. code=603980, market=SH, message=403 Forbidden: "<h1>Nginx forbidden.</h1> <br/>request info: 240e:b87:1f6:d800:a504:b4a9:1b4d:4897<EOL>"
2026-04-21T23:03:40.329+08:00  WARN 20416 --- [inker] [nio-8083-exec-3] c.i.b.s.provider.EastMoneyStockProvider  : Failed to fetch concepts for stock. code=603982, market=SH, message=403 Forbidden: "<h1>Nginx forbidden.</h1> <br/>request info: 240e:b87:1f6:d800:a504:b4a9:1b4d:4897<EOL>"
2026-04-21T23:03:40.371+08:00  WARN 20416 --- [inker] [nio-8083-exec-3] c.i.b.s.provider.EastMoneyStockProvider  : Failed to fetch concepts for stock. code=603983, market=SH, message=403 Forbidden: "<h1>Nginx forbidden.</h1> <br/>request info: 240e:b87:1f6:d800:a504:b4a9:1b4d:4897<EOL>"
2026-04-21T23:03:40.419+08:00  WARN 20416 --- [inker] [nio-8083-exec-3] c.i.b.s.provider.EastMoneyStockProvider  : Failed to fetch concepts for stock. code=603985, market=SH, message=403 Forbidden: "<h1>Nginx forbidden.</h1> <br/>request info: 240e:b87:1f6:d800:a504:b4a9:1b4d:4897<EOL>"
2026-04-21T23:03:40.467+08:00  WARN 20416 --- [inker] [nio-8083-exec-3] c.i.b.s.provider.EastMoneyStockProvider  : Failed to fetch concepts for stock. code=603986, market=SH, message=403 Forbidden: "<h1>Nginx forbidden.</h1> <br/>request info: 240e:b87:1f6:d800:a504:b4a9:1b4d:4897<EOL>"
2026-04-21T23:03:40.515+08:00  WARN 20416 --- [inker] [nio-8083-exec-3] c.i.b.s.provider.EastMoneyStockProvider  : Failed to fetch concepts for stock. code=603987, market=SH, message=403 Forbidden: "<h1>Nginx forbidden.</h1> <br/>request info: 240e:b87:1f6:d800:a504:b4a9:1b4d:4897<EOL>"
2026-04-21T23:03:40.564+08:00  WARN 20416 --- [inker] [nio-8083-exec-3] c.i.b.s.provider.EastMoneyStockProvider  : Failed to fetch concepts for stock. code=603988, market=SH, message=403 Forbidden: "<h1>Nginx forbidden.</h1> <br/>request info: 240e:b87:1f6:d800:a504:b4a9:1b4d:4897<EOL>"
2026-04-21T23:03:40.608+08:00  WARN 20416 --- [inker] [nio-8083-exec-3] c.i.b.s.provider.EastMoneyStockProvider  : Failed to fetch concepts for stock. code=603989, market=SH, message=403 Forbidden: "<h1>Nginx forbidden.</h1> <br/>request info: 240e:b87:1f6:d800:a504:b4a9:1b4d:4897<EOL>"
2026-04-21T23:03:40.653+08:00  WARN 20416 --- [inker] [nio-8083-exec-3] c.i.b.s.provider.EastMoneyStockProvider  : Failed to fetch concepts for stock. code=603990, market=SH, message=403 Forbidden: "<h1>Nginx forbidden.</h1> <br/>request info: 240e:b87:1f6:d800:a504:b4a9:1b4d:4897<EOL>"
2026-04-21T23:03:40.697+08:00  WARN 20416 --- [inker] [nio-8083-exec-3] c.i.b.s.provider.EastMoneyStockProvider  : Failed to fetch concepts for stock. code=603991, market=SH, message=403 Forbidden: "<h1>Nginx forbidden.</h1> <br/>request info: 240e:b87:1f6:d800:a504:b4a9:1b4d:4897<EOL>"
2026-04-21T23:03:40.742+08:00  WARN 20416 --- [inker] [nio-8083-exec-3] c.i.b.s.provider.EastMoneyStockProvider  : Failed to fetch concepts for stock. code=603992, market=SH, message=403 Forbidden: "<h1>Nginx forbidden.</h1> <br/>request info: 240e:b87:1f6:d800:a504:b4a9:1b4d:4897<EOL>"
2026-04-21T23:03:40.786+08:00  WARN 20416 --- [inker] [nio-8083-exec-3] c.i.b.s.provider.EastMoneyStockProvider  : Failed to fetch concepts for stock. code=603993, market=SH, message=403 Forbidden: "<h1>Nginx forbidden.</h1> <br/>request info: 240e:b87:1f6:d800:a504:b4a9:1b4d:4897<EOL>"
2026-04-21T23:03:40.830+08:00  WARN 20416 --- [inker] [nio-8083-exec-3] c.i.b.s.provider.EastMoneyStockProvider  : Failed to fetch concepts for stock. code=603995, market=SH, message=403 Forbidden: "<h1>Nginx forbidden.</h1> <br/>request info: 240e:b87:1f6:d800:a504:b4a9:1b4d:4897<EOL>"
2026-04-21T23:03:40.880+08:00  WARN 20416 --- [inker] [nio-8083-exec-3] c.i.b.s.provider.EastMoneyStockProvider  : Failed to fetch concepts for stock. code=603997, market=SH, message=403 Forbidden: "<h1>Nginx forbidden.</h1> <br/>request info: 240e:b87:1f6:d800:a504:b4a9:1b4d:4897<EOL>"
2026-04-21T23:03:40.925+08:00  WARN 20416 --- [inker] [nio-8083-exec-3] c.i.b.s.provider.EastMoneyStockProvider  : Failed to fetch concepts for stock. code=603998, market=SH, message=403 Forbidden: "<h1>Nginx forbidden.</h1> <br/>request info: 240e:b87:1f6:d800:a504:b4a9:1b4d:4897<EOL>"
2026-04-21T23:03:40.972+08:00  WARN 20416 --- [inker] [nio-8083-exec-3] c.i.b.s.provider.EastMoneyStockProvider  : Failed to fetch concepts for stock. code=603999, market=SH, message=403 Forbidden: "<h1>Nginx forbidden.</h1> <br/>request info: 240e:b87:1f6:d800:a504:b4a9:1b4d:4897<EOL>"
2026-04-21T23:03:41.020+08:00  WARN 20416 --- [inker] [nio-8083-exec-3] c.i.b.s.provider.EastMoneyStockProvider  : Failed to fetch concepts for stock. code=605001, market=SH, message=403 Forbidden: "<h1>Nginx forbidden.</h1> <br/>request info: 240e:b87:1f6:d800:a504:b4a9:1b4d:4897<EOL>"
2026-04-21T23:03:41.064+08:00  WARN 20416 --- [inker] [nio-8083-exec-3] c.i.b.s.provider.EastMoneyStockProvider  : Failed to fetch concepts for stock. code=605003, market=SH, message=403 Forbidden: "<h1>Nginx forbidden.</h1> <br/>request info: 240e:b87:1f6:d800:a504:b4a9:1b4d:4897<EOL>"
2026-04-21T23:03:41.110+08:00  WARN 20416 --- [inker] [nio-8083-exec-3] c.i.b.s.provider.EastMoneyStockProvider  : Failed to fetch concepts for stock. code=605005, market=SH, message=403 Forbidden: "<h1>Nginx forbidden.</h1> <br/>request info: 240e:b87:1f6:d800:a504:b4a9:1b4d:4897<EOL>"
2026-04-21T23:03:41.156+08:00  WARN 20416 --- [inker] [nio-8083-exec-3] c.i.b.s.provider.EastMoneyStockProvider  : Failed to fetch concepts for stock. code=605006, market=SH, message=403 Forbidden: "<h1>Nginx forbidden.</h1> <br/>request info: 240e:b87:1f6:d800:a504:b4a9:1b4d:4897<EOL>"
2026-04-21T23:03:41.202+08:00  WARN 20416 --- [inker] [nio-8083-exec-3] c.i.b.s.provider.EastMoneyStockProvider  : Failed to fetch concepts for stock. code=605007, market=SH, message=403 Forbidden: "<h1>Nginx forbidden.</h1> <br/>request info: 240e:b87:1f6:d800:a504:b4a9:1b4d:4897<EOL>"
2026-04-21T23:03:41.250+08:00  WARN 20416 --- [inker] [nio-8083-exec-3] c.i.b.s.provider.EastMoneyStockProvider  : Failed to fetch concepts for stock. code=605008, market=SH, message=403 Forbidden: "<h1>Nginx forbidden.</h1> <br/>request info: 240e:b87:1f6:d800:a504:b4a9:1b4d:4897<EOL>"
2026-04-21T23:03:41.298+08:00  WARN 20416 --- [inker] [nio-8083-exec-3] c.i.b.s.provider.EastMoneyStockProvider  : Failed to fetch concepts for stock. code=605009, market=SH, message=403 Forbidden: "<h1>Nginx forbidden.</h1> <br/>request info: 240e:b87:1f6:d800:a504:b4a9:1b4d:4897<EOL>"
2026-04-21T23:03:41.345+08:00  WARN 20416 --- [inker] [nio-8083-exec-3] c.i.b.s.provider.EastMoneyStockProvider  : Failed to fetch concepts for stock. code=605011, market=SH, message=403 Forbidden: "<h1>Nginx forbidden.</h1> <br/>request info: 240e:b87:1f6:d800:a504:b4a9:1b4d:4897<EOL>"
2026-04-21T23:03:41.388+08:00  WARN 20416 --- [inker] [nio-8083-exec-3] c.i.b.s.provider.EastMoneyStockProvider  : Failed to fetch concepts for stock. code=605016, market=SH, message=403 Forbidden: "<h1>Nginx forbidden.</h1> <br/>request info: 240e:b87:1f6:d800:a504:b4a9:1b4d:4897<EOL>"
2026-04-21T23:03:41.433+08:00  WARN 20416 --- [inker] [nio-8083-exec-3] c.i.b.s.provider.EastMoneyStockProvider  : Failed to fetch concepts for stock. code=605018, market=SH, message=403 Forbidden: "<h1>Nginx forbidden.</h1> <br/>request info: 240e:b87:1f6:d800:a504:b4a9:1b4d:4897<EOL>"
2026-04-21T23:03:41.479+08:00  WARN 20416 --- [inker] [nio-8083-exec-3] c.i.b.s.provider.EastMoneyStockProvider  : Failed to fetch concepts for stock. code=605020, market=SH, message=403 Forbidden: "<h1>Nginx forbidden.</h1> <br/>request info: 240e:b87:1f6:d800:a504:b4a9:1b4d:4897<EOL>"
2026-04-21T23:03:41.556+08:00  WARN 20416 --- [inker] [nio-8083-exec-3] c.i.b.s.provider.EastMoneyStockProvider  : Failed to fetch concepts for stock. code=605028, market=SH, message=403 Forbidden: "<h1>Nginx forbidden.</h1> <br/>request info: 240e:b87:1f6:d800:a504:b4a9:1b4d:4897<EOL>"
2026-04-21T23:03:41.601+08:00  WARN 20416 --- [inker] [nio-8083-exec-3] c.i.b.s.provider.EastMoneyStockProvider  : Failed to fetch concepts for stock. code=605033, market=SH, message=403 Forbidden: "<h1>Nginx forbidden.</h1> <br/>request info: 240e:b87:1f6:d800:a504:b4a9:1b4d:4897<EOL>"
2026-04-21T23:03:41.647+08:00  WARN 20416 --- [inker] [nio-8083-exec-3] c.i.b.s.provider.EastMoneyStockProvider  : Failed to fetch concepts for stock. code=605050, market=SH, message=403 Forbidden: "<h1>Nginx forbidden.</h1> <br/>request info: 240e:b87:1f6:d800:a504:b4a9:1b4d:4897<EOL>"
2026-04-21T23:03:41.688+08:00  WARN 20416 --- [inker] [nio-8083-exec-3] c.i.b.s.provider.EastMoneyStockProvider  : Failed to fetch concepts for stock. code=605055, market=SH, message=403 Forbidden: "<h1>Nginx forbidden.</h1> <br/>request info: 240e:b87:1f6:d800:a504:b4a9:1b4d:4897<EOL>"
2026-04-21T23:03:41.732+08:00  WARN 20416 --- [inker] [nio-8083-exec-3] c.i.b.s.provider.EastMoneyStockProvider  : Failed to fetch concepts for stock. code=605056, market=SH, message=403 Forbidden: "<h1>Nginx forbidden.</h1> <br/>request info: 240e:b87:1f6:d800:a504:b4a9:1b4d:4897<EOL>"
2026-04-21T23:03:41.775+08:00  WARN 20416 --- [inker] [nio-8083-exec-3] c.i.b.s.provider.EastMoneyStockProvider  : Failed to fetch concepts for stock. code=605058, market=SH, message=403 Forbidden: "<h1>Nginx forbidden.</h1> <br/>request info: 240e:b87:1f6:d800:a504:b4a9:1b4d:4897<EOL>"
2026-04-21T23:03:41.818+08:00  WARN 20416 --- [inker] [nio-8083-exec-3] c.i.b.s.provider.EastMoneyStockProvider  : Failed to fetch concepts for stock. code=605060, market=SH, message=403 Forbidden: "<h1>Nginx forbidden.</h1> <br/>request info: 240e:b87:1f6:d800:a504:b4a9:1b4d:4897<EOL>"
2026-04-21T23:03:41.863+08:00  WARN 20416 --- [inker] [nio-8083-exec-3] c.i.b.s.provider.EastMoneyStockProvider  : Failed to fetch concepts for stock. code=605066, market=SH, message=403 Forbidden: "<h1>Nginx forbidden.</h1> <br/>request info: 240e:b87:1f6:d800:a504:b4a9:1b4d:4897<EOL>"
2026-04-21T23:03:41.914+08:00  WARN 20416 --- [inker] [nio-8083-exec-3] c.i.b.s.provider.EastMoneyStockProvider  : Failed to fetch concepts for stock. code=605068, market=SH, message=403 Forbidden: "<h1>Nginx forbidden.</h1> <br/>request info: 240e:b87:1f6:d800:a504:b4a9:1b4d:4897<EOL>"
2026-04-21T23:03:41.962+08:00  WARN 20416 --- [inker] [nio-8083-exec-3] c.i.b.s.provider.EastMoneyStockProvider  : Failed to fetch concepts for stock. code=605069, market=SH, message=403 Forbidden: "<h1>Nginx forbidden.</h1> <br/>request info: 240e:b87:1f6:d800:a504:b4a9:1b4d:4897<EOL>"
2026-04-21T23:03:42.016+08:00  WARN 20416 --- [inker] [nio-8083-exec-3] c.i.b.s.provider.EastMoneyStockProvider  : Failed to fetch concepts for stock. code=605077, market=SH, message=403 Forbidden: "<h1>Nginx forbidden.</h1> <br/>request info: 240e:b87:1f6:d800:a504:b4a9:1b4d:4897<EOL>"
2026-04-21T23:03:42.061+08:00  WARN 20416 --- [inker] [nio-8083-exec-3] c.i.b.s.provider.EastMoneyStockProvider  : Failed to fetch concepts for stock. code=605080, market=SH, message=403 Forbidden: "<h1>Nginx forbidden.</h1> <br/>request info: 240e:b87:1f6:d800:a504:b4a9:1b4d:4897<EOL>"
2026-04-21T23:03:42.107+08:00  WARN 20416 --- [inker] [nio-8083-exec-3] c.i.b.s.provider.EastMoneyStockProvider  : Failed to fetch concepts for stock. code=605086, market=SH, message=403 Forbidden: "<h1>Nginx forbidden.</h1> <br/>request info: 240e:b87:1f6:d800:a504:b4a9:1b4d:4897<EOL>"
2026-04-21T23:03:42.153+08:00  WARN 20416 --- [inker] [nio-8083-exec-3] c.i.b.s.provider.EastMoneyStockProvider  : Failed to fetch concepts for stock. code=605088, market=SH, message=403 Forbidden: "<h1>Nginx forbidden.</h1> <br/>request info: 240e:b87:1f6:d800:a504:b4a9:1b4d:4897<EOL>"
2026-04-21T23:03:42.203+08:00  WARN 20416 --- [inker] [nio-8083-exec-3] c.i.b.s.provider.EastMoneyStockProvider  : Failed to fetch concepts for stock. code=605089, market=SH, message=403 Forbidden: "<h1>Nginx forbidden.</h1> <br/>request info: 240e:b87:1f6:d800:a504:b4a9:1b4d:4897<EOL>"
2026-04-21T23:03:42.253+08:00  WARN 20416 --- [inker] [nio-8083-exec-3] c.i.b.s.provider.EastMoneyStockProvider  : Failed to fetch concepts for stock. code=605090, market=SH, message=403 Forbidden: "<h1>Nginx forbidden.</h1> <br/>request info: 240e:b87:1f6:d800:a504:b4a9:1b4d:4897<EOL>"
2026-04-21T23:03:42.301+08:00  WARN 20416 --- [inker] [nio-8083-exec-3] c.i.b.s.provider.EastMoneyStockProvider  : Failed to fetch concepts for stock. code=605098, market=SH, message=403 Forbidden: "<h1>Nginx forbidden.</h1> <br/>request info: 240e:b87:1f6:d800:a504:b4a9:1b4d:4897<EOL>"
2026-04-21T23:03:42.359+08:00  WARN 20416 --- [inker] [nio-8083-exec-3] c.i.b.s.provider.EastMoneyStockProvider  : Failed to fetch concepts for stock. code=605099, market=SH, message=403 Forbidden: "<h1>Nginx forbidden.</h1> <br/>request info: 240e:b87:1f6:d800:a504:b4a9:1b4d:4897<EOL>"
2026-04-21T23:03:42.403+08:00  WARN 20416 --- [inker] [nio-8083-exec-3] c.i.b.s.provider.EastMoneyStockProvider  : Failed to fetch concepts for stock. code=605100, market=SH, message=403 Forbidden: "<h1>Nginx forbidden.</h1> <br/>request info: 240e:b87:1f6:d800:a504:b4a9:1b4d:4897<EOL>"
2026-04-21T23:03:42.455+08:00  WARN 20416 --- [inker] [nio-8083-exec-3] c.i.b.s.provider.EastMoneyStockProvider  : Failed to fetch concepts for stock. code=605108, market=SH, message=403 Forbidden: "<h1>Nginx forbidden.</h1> <br/>request info: 240e:b87:1f6:d800:a504:b4a9:1b4d:4897<EOL>"
2026-04-21T23:03:42.499+08:00  WARN 20416 --- [inker] [nio-8083-exec-3] c.i.b.s.provider.EastMoneyStockProvider  : Failed to fetch concepts for stock. code=605111, market=SH, message=403 Forbidden: "<h1>Nginx forbidden.</h1> <br/>request info: 240e:b87:1f6:d800:a504:b4a9:1b4d:4897<EOL>"
2026-04-21T23:03:42.542+08:00  WARN 20416 --- [inker] [nio-8083-exec-3] c.i.b.s.provider.EastMoneyStockProvider  : Failed to fetch concepts for stock. code=605116, market=SH, message=403 Forbidden: "<h1>Nginx forbidden.</h1> <br/>request info: 240e:b87:1f6:d800:a504:b4a9:1b4d:4897<EOL>"
2026-04-21T23:03:42.586+08:00  WARN 20416 --- [inker] [nio-8083-exec-3] c.i.b.s.provider.EastMoneyStockProvider  : Failed to fetch concepts for stock. code=605117, market=SH, message=403 Forbidden: "<h1>Nginx forbidden.</h1> <br/>request info: 240e:b87:1f6:d800:a504:b4a9:1b4d:4897<EOL>"
2026-04-21T23:03:42.633+08:00  WARN 20416 --- [inker] [nio-8083-exec-3] c.i.b.s.provider.EastMoneyStockProvider  : Failed to fetch concepts for stock. code=605118, market=SH, message=403 Forbidden: "<h1>Nginx forbidden.</h1> <br/>request info: 240e:b87:1f6:d800:a504:b4a9:1b4d:4897<EOL>"
2026-04-21T23:03:42.676+08:00  WARN 20416 --- [inker] [nio-8083-exec-3] c.i.b.s.provider.EastMoneyStockProvider  : Failed to fetch concepts for stock. code=605122, market=SH, message=403 Forbidden: "<h1>Nginx forbidden.</h1> <br/>request info: 240e:b87:1f6:d800:a504:b4a9:1b4d:4897<EOL>"
2026-04-21T23:03:42.722+08:00  WARN 20416 --- [inker] [nio-8083-exec-3] c.i.b.s.provider.EastMoneyStockProvider  : Failed to fetch concepts for stock. code=605123, market=SH, message=403 Forbidden: "<h1>Nginx forbidden.</h1> <br/>request info: 240e:b87:1f6:d800:a504:b4a9:1b4d:4897<EOL>"
2026-04-21T23:03:42.767+08:00  WARN 20416 --- [inker] [nio-8083-exec-3] c.i.b.s.provider.EastMoneyStockProvider  : Failed to fetch concepts for stock. code=605128, market=SH, message=403 Forbidden: "<h1>Nginx forbidden.</h1> <br/>request info: 240e:b87:1f6:d800:a504:b4a9:1b4d:4897<EOL>"
2026-04-21T23:03:42.808+08:00  WARN 20416 --- [inker] [nio-8083-exec-3] c.i.b.s.provider.EastMoneyStockProvider  : Failed to fetch concepts for stock. code=605133, market=SH, message=403 Forbidden: "<h1>Nginx forbidden.</h1> <br/>request info: 240e:b87:1f6:d800:a504:b4a9:1b4d:4897<EOL>"
2026-04-21T23:03:42.856+08:00  WARN 20416 --- [inker] [nio-8083-exec-3] c.i.b.s.provider.EastMoneyStockProvider  : Failed to fetch concepts for stock. code=605136, market=SH, message=403 Forbidden: "<h1>Nginx forbidden.</h1> <br/>request info: 240e:b87:1f6:d800:a504:b4a9:1b4d:4897<EOL>"
2026-04-21T23:03:42.904+08:00  WARN 20416 --- [inker] [nio-8083-exec-3] c.i.b.s.provider.EastMoneyStockProvider  : Failed to fetch concepts for stock. code=605138, market=SH, message=403 Forbidden: "<h1>Nginx forbidden.</h1> <br/>request info: 240e:b87:1f6:d800:a504:b4a9:1b4d:4897<EOL>"
2026-04-21T23:03:42.947+08:00  WARN 20416 --- [inker] [nio-8083-exec-3] c.i.b.s.provider.EastMoneyStockProvider  : Failed to fetch concepts for stock. code=605151, market=SH, message=403 Forbidden: "<h1>Nginx forbidden.</h1> <br/>request info: 240e:b87:1f6:d800:a504:b4a9:1b4d:4897<EOL>"
2026-04-21T23:03:42.990+08:00  WARN 20416 --- [inker] [nio-8083-exec-3] c.i.b.s.provider.EastMoneyStockProvider  : Failed to fetch concepts for stock. code=605155, market=SH, message=403 Forbidden: "<h1>Nginx forbidden.</h1> <br/>request info: 240e:b87:1f6:d800:a504:b4a9:1b4d:4897<EOL>"
2026-04-21T23:03:43.036+08:00  WARN 20416 --- [inker] [nio-8083-exec-3] c.i.b.s.provider.EastMoneyStockProvider  : Failed to fetch concepts for stock. code=605158, market=SH, message=403 Forbidden: "<h1>Nginx forbidden.</h1> <br/>request info: 240e:b87:1f6:d800:a504:b4a9:1b4d:4897<EOL>"
2026-04-21T23:03:43.083+08:00  WARN 20416 --- [inker] [nio-8083-exec-3] c.i.b.s.provider.EastMoneyStockProvider  : Failed to fetch concepts for stock. code=605162, market=SH, message=403 Forbidden: "<h1>Nginx forbidden.</h1> <br/>request info: 240e:b87:1f6:d800:a504:b4a9:1b4d:4897<EOL>"
2026-04-21T23:03:43.128+08:00  WARN 20416 --- [inker] [nio-8083-exec-3] c.i.b.s.provider.EastMoneyStockProvider  : Failed to fetch concepts for stock. code=605166, market=SH, message=403 Forbidden: "<h1>Nginx forbidden.</h1> <br/>request info: 240e:b87:1f6:d800:a504:b4a9:1b4d:4897<EOL>"
2026-04-21T23:03:43.180+08:00  WARN 20416 --- [inker] [nio-8083-exec-3] c.i.b.s.provider.EastMoneyStockProvider  : Failed to fetch concepts for stock. code=605167, market=SH, message=403 Forbidden: "<h1>Nginx forbidden.</h1> <br/>request info: 240e:b87:1f6:d800:a504:b4a9:1b4d:4897<EOL>"
2026-04-21T23:03:43.226+08:00  WARN 20416 --- [inker] [nio-8083-exec-3] c.i.b.s.provider.EastMoneyStockProvider  : Failed to fetch concepts for stock. code=605168, market=SH, message=403 Forbidden: "<h1>Nginx forbidden.</h1> <br/>request info: 240e:b87:1f6:d800:a504:b4a9:1b4d:4897<EOL>"
2026-04-21T23:03:43.273+08:00  WARN 20416 --- [inker] [nio-8083-exec-3] c.i.b.s.provider.EastMoneyStockProvider  : Failed to fetch concepts for stock. code=605169, market=SH, message=403 Forbidden: "<h1>Nginx forbidden.</h1> <br/>request info: 240e:b87:1f6:d800:a504:b4a9:1b4d:4897<EOL>"
2026-04-21T23:03:43.319+08:00  WARN 20416 --- [inker] [nio-8083-exec-3] c.i.b.s.provider.EastMoneyStockProvider  : Failed to fetch concepts for stock. code=605177, market=SH, message=403 Forbidden: "<h1>Nginx forbidden.</h1> <br/>request info: 240e:b87:1f6:d800:a504:b4a9:1b4d:4897<EOL>"
2026-04-21T23:03:43.367+08:00  WARN 20416 --- [inker] [nio-8083-exec-3] c.i.b.s.provider.EastMoneyStockProvider  : Failed to fetch concepts for stock. code=605178, market=SH, message=403 Forbidden: "<h1>Nginx forbidden.</h1> <br/>request info: 240e:b87:1f6:d800:a504:b4a9:1b4d:4897<EOL>"
2026-04-21T23:03:43.413+08:00  WARN 20416 --- [inker] [nio-8083-exec-3] c.i.b.s.provider.EastMoneyStockProvider  : Failed to fetch concepts for stock. code=605179, market=SH, message=403 Forbidden: "<h1>Nginx forbidden.</h1> <br/>request info: 240e:b87:1f6:d800:a504:b4a9:1b4d:4897<EOL>"
2026-04-21T23:03:43.458+08:00  WARN 20416 --- [inker] [nio-8083-exec-3] c.i.b.s.provider.EastMoneyStockProvider  : Failed to fetch concepts for stock. code=605180, market=SH, message=403 Forbidden: "<h1>Nginx forbidden.</h1> <br/>request info: 240e:b87:1f6:d800:a504:b4a9:1b4d:4897<EOL>"
2026-04-21T23:03:43.506+08:00  WARN 20416 --- [inker] [nio-8083-exec-3] c.i.b.s.provider.EastMoneyStockProvider  : Failed to fetch concepts for stock. code=605183, market=SH, message=403 Forbidden: "<h1>Nginx forbidden.</h1> <br/>request info: 240e:b87:1f6:d800:a504:b4a9:1b4d:4897<EOL>"
2026-04-21T23:03:43.555+08:00  WARN 20416 --- [inker] [nio-8083-exec-3] c.i.b.s.provider.EastMoneyStockProvider  : Failed to fetch concepts for stock. code=605186, market=SH, message=403 Forbidden: "<h1>Nginx forbidden.</h1> <br/>request info: 240e:b87:1f6:d800:a504:b4a9:1b4d:4897<EOL>"
2026-04-21T23:03:43.599+08:00  WARN 20416 --- [inker] [nio-8083-exec-3] c.i.b.s.provider.EastMoneyStockProvider  : Failed to fetch concepts for stock. code=605188, market=SH, message=403 Forbidden: "<h1>Nginx forbidden.</h1> <br/>request info: 240e:b87:1f6:d800:a504:b4a9:1b4d:4897<EOL>"
2026-04-21T23:03:43.642+08:00  WARN 20416 --- [inker] [nio-8083-exec-3] c.i.b.s.provider.EastMoneyStockProvider  : Failed to fetch concepts for stock. code=605189, market=SH, message=403 Forbidden: "<h1>Nginx forbidden.</h1> <br/>request info: 240e:b87:1f6:d800:a504:b4a9:1b4d:4897<EOL>"
2026-04-21T23:03:43.689+08:00  WARN 20416 --- [inker] [nio-8083-exec-3] c.i.b.s.provider.EastMoneyStockProvider  : Failed to fetch concepts for stock. code=605196, market=SH, message=403 Forbidden: "<h1>Nginx forbidden.</h1> <br/>request info: 240e:b87:1f6:d800:a504:b4a9:1b4d:4897<EOL>"
2026-04-21T23:03:43.740+08:00  WARN 20416 --- [inker] [nio-8083-exec-3] c.i.b.s.provider.EastMoneyStockProvider  : Failed to fetch concepts for stock. code=605198, market=SH, message=403 Forbidden: "<h1>Nginx forbidden.</h1> <br/>request info: 240e:b87:1f6:d800:a504:b4a9:1b4d:4897<EOL>"
2026-04-21T23:03:43.784+08:00  WARN 20416 --- [inker] [nio-8083-exec-3] c.i.b.s.provider.EastMoneyStockProvider  : Failed to fetch concepts for stock. code=605208, market=SH, message=403 Forbidden: "<h1>Nginx forbidden.</h1> <br/>request info: 240e:b87:1f6:d800:a504:b4a9:1b4d:4897<EOL>"
2026-04-21T23:03:43.827+08:00  WARN 20416 --- [inker] [nio-8083-exec-3] c.i.b.s.provider.EastMoneyStockProvider  : Failed to fetch concepts for stock. code=605218, market=SH, message=403 Forbidden: "<h1>Nginx forbidden.</h1> <br/>request info: 240e:b87:1f6:d800:a504:b4a9:1b4d:4897<EOL>"
2026-04-21T23:03:43.872+08:00  WARN 20416 --- [inker] [nio-8083-exec-3] c.i.b.s.provider.EastMoneyStockProvider  : Failed to fetch concepts for stock. code=605222, market=SH, message=403 Forbidden: "<h1>Nginx forbidden.</h1> <br/>request info: 240e:b87:1f6:d800:a504:b4a9:1b4d:4897<EOL>"
2026-04-21T23:03:43.918+08:00  WARN 20416 --- [inker] [nio-8083-exec-3] c.i.b.s.provider.EastMoneyStockProvider  : Failed to fetch concepts for stock. code=605228, market=SH, message=403 Forbidden: "<h1>Nginx forbidden.</h1> <br/>request info: 240e:b87:1f6:d800:a504:b4a9:1b4d:4897<EOL>"
2026-04-21T23:03:43.961+08:00  WARN 20416 --- [inker] [nio-8083-exec-3] c.i.b.s.provider.EastMoneyStockProvider  : Failed to fetch concepts for stock. code=605255, market=SH, message=403 Forbidden: "<h1>Nginx forbidden.</h1> <br/>request info: 240e:b87:1f6:d800:a504:b4a9:1b4d:4897<EOL>"
2026-04-21T23:03:44.007+08:00  WARN 20416 --- [inker] [nio-8083-exec-3] c.i.b.s.provider.EastMoneyStockProvider  : Failed to fetch concepts for stock. code=605258, market=SH, message=403 Forbidden: "<h1>Nginx forbidden.</h1> <br/>request info: 240e:b87:1f6:d800:a504:b4a9:1b4d:4897<EOL>"
2026-04-21T23:03:44.053+08:00  WARN 20416 --- [inker] [nio-8083-exec-3] c.i.b.s.provider.EastMoneyStockProvider  : Failed to fetch concepts for stock. code=605259, market=SH, message=403 Forbidden: "<h1>Nginx forbidden.</h1> <br/>request info: 240e:b87:1f6:d800:a504:b4a9:1b4d:4897<EOL>"
2026-04-21T23:03:44.105+08:00  WARN 20416 --- [inker] [nio-8083-exec-3] c.i.b.s.provider.EastMoneyStockProvider  : Failed to fetch concepts for stock. code=605266, market=SH, message=403 Forbidden: "<h1>Nginx forbidden.</h1> <br/>request info: 240e:b87:1f6:d800:a504:b4a9:1b4d:4897<EOL>"
2026-04-21T23:03:44.146+08:00  WARN 20416 --- [inker] [nio-8083-exec-3] c.i.b.s.provider.EastMoneyStockProvider  : Failed to fetch concepts for stock. code=605268, market=SH, message=403 Forbidden: "<h1>Nginx forbidden.</h1> <br/>request info: 240e:b87:1f6:d800:a504:b4a9:1b4d:4897<EOL>"
2026-04-21T23:03:44.190+08:00  WARN 20416 --- [inker] [nio-8083-exec-3] c.i.b.s.provider.EastMoneyStockProvider  : Failed to fetch concepts for stock. code=605277, market=SH, message=403 Forbidden: "<h1>Nginx forbidden.</h1> <br/>request info: 240e:b87:1f6:d800:a504:b4a9:1b4d:4897<EOL>"
2026-04-21T23:03:44.239+08:00  WARN 20416 --- [inker] [nio-8083-exec-3] c.i.b.s.provider.EastMoneyStockProvider  : Failed to fetch concepts for stock. code=605286, market=SH, message=403 Forbidden: "<h1>Nginx forbidden.</h1> <br/>request info: 240e:b87:1f6:d800:a504:b4a9:1b4d:4897<EOL>"
2026-04-21T23:03:44.282+08:00  WARN 20416 --- [inker] [nio-8083-exec-3] c.i.b.s.provider.EastMoneyStockProvider  : Failed to fetch concepts for stock. code=605287, market=SH, message=403 Forbidden: "<h1>Nginx forbidden.</h1> <br/>request info: 240e:b87:1f6:d800:a504:b4a9:1b4d:4897<EOL>"
2026-04-21T23:03:44.330+08:00  WARN 20416 --- [inker] [nio-8083-exec-3] c.i.b.s.provider.EastMoneyStockProvider  : Failed to fetch concepts for stock. code=605288, market=SH, message=403 Forbidden: "<h1>Nginx forbidden.</h1> <br/>request info: 240e:b87:1f6:d800:a504:b4a9:1b4d:4897<EOL>"
2026-04-21T23:03:44.378+08:00  WARN 20416 --- [inker] [nio-8083-exec-3] c.i.b.s.provider.EastMoneyStockProvider  : Failed to fetch concepts for stock. code=605289, market=SH, message=403 Forbidden: "<h1>Nginx forbidden.</h1> <br/>request info: 240e:b87:1f6:d800:a504:b4a9:1b4d:4897<EOL>"
2026-04-21T23:03:44.421+08:00  WARN 20416 --- [inker] [nio-8083-exec-3] c.i.b.s.provider.EastMoneyStockProvider  : Failed to fetch concepts for stock. code=605296, market=SH, message=403 Forbidden: "<h1>Nginx forbidden.</h1> <br/>request info: 240e:b87:1f6:d800:a504:b4a9:1b4d:4897<EOL>"
2026-04-21T23:03:44.466+08:00  WARN 20416 --- [inker] [nio-8083-exec-3] c.i.b.s.provider.EastMoneyStockProvider  : Failed to fetch concepts for stock. code=605298, market=SH, message=403 Forbidden: "<h1>Nginx forbidden.</h1> <br/>request info: 240e:b87:1f6:d800:a504:b4a9:1b4d:4897<EOL>"
2026-04-21T23:03:44.511+08:00  WARN 20416 --- [inker] [nio-8083-exec-3] c.i.b.s.provider.EastMoneyStockProvider  : Failed to fetch concepts for stock. code=605299, market=SH, message=403 Forbidden: "<h1>Nginx forbidden.</h1> <br/>request info: 240e:b87:1f6:d800:a504:b4a9:1b4d:4897<EOL>"
2026-04-21T23:03:44.553+08:00  WARN 20416 --- [inker] [nio-8083-exec-3] c.i.b.s.provider.EastMoneyStockProvider  : Failed to fetch concepts for stock. code=605300, market=SH, message=403 Forbidden: "<h1>Nginx forbidden.</h1> <br/>request info: 240e:b87:1f6:d800:a504:b4a9:1b4d:4897<EOL>"
2026-04-21T23:03:44.598+08:00  WARN 20416 --- [inker] [nio-8083-exec-3] c.i.b.s.provider.EastMoneyStockProvider  : Failed to fetch concepts for stock. code=605303, market=SH, message=403 Forbidden: "<h1>Nginx forbidden.</h1> <br/>request info: 240e:b87:1f6:d800:a504:b4a9:1b4d:4897<EOL>"
2026-04-21T23:03:44.646+08:00  WARN 20416 --- [inker] [nio-8083-exec-3] c.i.b.s.provider.EastMoneyStockProvider  : Failed to fetch concepts for stock. code=605305, market=SH, message=403 Forbidden: "<h1>Nginx forbidden.</h1> <br/>request info: 240e:b87:1f6:d800:a504:b4a9:1b4d:4897<EOL>"
2026-04-21T23:03:44.715+08:00  WARN 20416 --- [inker] [nio-8083-exec-3] c.i.b.s.provider.EastMoneyStockProvider  : Failed to fetch concepts for stock. code=605318, market=SH, message=403 Forbidden: "<h1>Nginx forbidden.</h1> <br/>request info: 240e:b87:1f6:d800:a504:b4a9:1b4d:4897<EOL>"
2026-04-21T23:03:44.759+08:00  WARN 20416 --- [inker] [nio-8083-exec-3] c.i.b.s.provider.EastMoneyStockProvider  : Failed to fetch concepts for stock. code=605319, market=SH, message=403 Forbidden: "<h1>Nginx forbidden.</h1> <br/>request info: 240e:b87:1f6:d800:a504:b4a9:1b4d:4897<EOL>"
2026-04-21T23:03:44.825+08:00  WARN 20416 --- [inker] [nio-8083-exec-3] c.i.b.s.provider.EastMoneyStockProvider  : Failed to fetch concepts for stock. code=605333, market=SH, message=403 Forbidden: "<h1>Nginx forbidden.</h1> <br/>request info: 240e:b87:1f6:d800:a504:b4a9:1b4d:4897<EOL>"
2026-04-21T23:03:44.873+08:00  WARN 20416 --- [inker] [nio-8083-exec-3] c.i.b.s.provider.EastMoneyStockProvider  : Failed to fetch concepts for stock. code=605336, market=SH, message=403 Forbidden: "<h1>Nginx forbidden.</h1> <br/>request info: 240e:b87:1f6:d800:a504:b4a9:1b4d:4897<EOL>"
2026-04-21T23:03:44.917+08:00  WARN 20416 --- [inker] [nio-8083-exec-3] c.i.b.s.provider.EastMoneyStockProvider  : Failed to fetch concepts for stock. code=605337, market=SH, message=403 Forbidden: "<h1>Nginx forbidden.</h1> <br/>request info: 240e:b87:1f6:d800:a504:b4a9:1b4d:4897<EOL>"
2026-04-21T23:03:44.964+08:00  WARN 20416 --- [inker] [nio-8083-exec-3] c.i.b.s.provider.EastMoneyStockProvider  : Failed to fetch concepts for stock. code=605338, market=SH, message=403 Forbidden: "<h1>Nginx forbidden.</h1> <br/>request info: 240e:b87:1f6:d800:a504:b4a9:1b4d:4897<EOL>"
2026-04-21T23:03:45.006+08:00  WARN 20416 --- [inker] [nio-8083-exec-3] c.i.b.s.provider.EastMoneyStockProvider  : Failed to fetch concepts for stock. code=605339, market=SH, message=403 Forbidden: "<h1>Nginx forbidden.</h1> <br/>request info: 240e:b87:1f6:d800:a504:b4a9:1b4d:4897<EOL>"
2026-04-21T23:03:45.050+08:00  WARN 20416 --- [inker] [nio-8083-exec-3] c.i.b.s.provider.EastMoneyStockProvider  : Failed to fetch concepts for stock. code=605358, market=SH, message=403 Forbidden: "<h1>Nginx forbidden.</h1> <br/>request info: 240e:b87:1f6:d800:a504:b4a9:1b4d:4897<EOL>"
2026-04-21T23:03:45.101+08:00  WARN 20416 --- [inker] [nio-8083-exec-3] c.i.b.s.provider.EastMoneyStockProvider  : Failed to fetch concepts for stock. code=605365, market=SH, message=403 Forbidden: "<h1>Nginx forbidden.</h1> <br/>request info: 240e:b87:1f6:d800:a504:b4a9:1b4d:4897<EOL>"
2026-04-21T23:03:45.150+08:00  WARN 20416 --- [inker] [nio-8083-exec-3] c.i.b.s.provider.EastMoneyStockProvider  : Failed to fetch concepts for stock. code=605366, market=SH, message=403 Forbidden: "<h1>Nginx forbidden.</h1> <br/>request info: 240e:b87:1f6:d800:a504:b4a9:1b4d:4897<EOL>"
2026-04-21T23:03:45.194+08:00  WARN 20416 --- [inker] [nio-8083-exec-3] c.i.b.s.provider.EastMoneyStockProvider  : Failed to fetch concepts for stock. code=605368, market=SH, message=403 Forbidden: "<h1>Nginx forbidden.</h1> <br/>request info: 240e:b87:1f6:d800:a504:b4a9:1b4d:4897<EOL>"
2026-04-21T23:03:45.239+08:00  WARN 20416 --- [inker] [nio-8083-exec-3] c.i.b.s.provider.EastMoneyStockProvider  : Failed to fetch concepts for stock. code=605369, market=SH, message=403 Forbidden: "<h1>Nginx forbidden.</h1> <br/>request info: 240e:b87:1f6:d800:a504:b4a9:1b4d:4897<EOL>"
2026-04-21T23:03:45.285+08:00  WARN 20416 --- [inker] [nio-8083-exec-3] c.i.b.s.provider.EastMoneyStockProvider  : Failed to fetch concepts for stock. code=605376, market=SH, message=403 Forbidden: "<h1>Nginx forbidden.</h1> <br/>request info: 240e:b87:1f6:d800:a504:b4a9:1b4d:4897<EOL>"
2026-04-21T23:03:45.333+08:00  WARN 20416 --- [inker] [nio-8083-exec-3] c.i.b.s.provider.EastMoneyStockProvider  : Failed to fetch concepts for stock. code=605377, market=SH, message=403 Forbidden: "<h1>Nginx forbidden.</h1> <br/>request info: 240e:b87:1f6:d800:a504:b4a9:1b4d:4897<EOL>"
2026-04-21T23:03:45.411+08:00  WARN 20416 --- [inker] [nio-8083-exec-3] c.i.b.s.provider.EastMoneyStockProvider  : Failed to fetch concepts for stock. code=605378, market=SH, message=403 Forbidden: "<h1>Nginx forbidden.</h1> <br/>request info: 240e:b87:1f6:d800:a504:b4a9:1b4d:4897<EOL>"
2026-04-21T23:03:45.456+08:00  WARN 20416 --- [inker] [nio-8083-exec-3] c.i.b.s.provider.EastMoneyStockProvider  : Failed to fetch concepts for stock. code=605388, market=SH, message=403 Forbidden: "<h1>Nginx forbidden.</h1> <br/>request info: 240e:b87:1f6:d800:a504:b4a9:1b4d:4897<EOL>"
2026-04-21T23:03:45.499+08:00  WARN 20416 --- [inker] [nio-8083-exec-3] c.i.b.s.provider.EastMoneyStockProvider  : Failed to fetch concepts for stock. code=605389, market=SH, message=403 Forbidden: "<h1>Nginx forbidden.</h1> <br/>request info: 240e:b87:1f6:d800:a504:b4a9:1b4d:4897<EOL>"
2026-04-21T23:03:45.548+08:00  WARN 20416 --- [inker] [nio-8083-exec-3] c.i.b.s.provider.EastMoneyStockProvider  : Failed to fetch concepts for stock. code=605398, market=SH, message=403 Forbidden: "<h1>Nginx forbidden.</h1> <br/>request info: 240e:b87:1f6:d800:a504:b4a9:1b4d:4897<EOL>"
2026-04-21T23:03:45.595+08:00  WARN 20416 --- [inker] [nio-8083-exec-3] c.i.b.s.provider.EastMoneyStockProvider  : Failed to fetch concepts for stock. code=605399, market=SH, message=403 Forbidden: "<h1>Nginx forbidden.</h1> <br/>request info: 240e:b87:1f6:d800:a504:b4a9:1b4d:4897<EOL>"
2026-04-21T23:03:45.637+08:00  WARN 20416 --- [inker] [nio-8083-exec-3] c.i.b.s.provider.EastMoneyStockProvider  : Failed to fetch concepts for stock. code=605488, market=SH, message=403 Forbidden: "<h1>Nginx forbidden.</h1> <br/>request info: 240e:b87:1f6:d800:a504:b4a9:1b4d:4897<EOL>"
2026-04-21T23:03:45.682+08:00  WARN 20416 --- [inker] [nio-8083-exec-3] c.i.b.s.provider.EastMoneyStockProvider  : Failed to fetch concepts for stock. code=605499, market=SH, message=403 Forbidden: "<h1>Nginx forbidden.</h1> <br/>request info: 240e:b87:1f6:d800:a504:b4a9:1b4d:4897<EOL>"
2026-04-21T23:03:45.727+08:00  WARN 20416 --- [inker] [nio-8083-exec-3] c.i.b.s.provider.EastMoneyStockProvider  : Failed to fetch concepts for stock. code=605500, market=SH, message=403 Forbidden: "<h1>Nginx forbidden.</h1> <br/>request info: 240e:b87:1f6:d800:a504:b4a9:1b4d:4897<EOL>"
2026-04-21T23:03:45.774+08:00  WARN 20416 --- [inker] [nio-8083-exec-3] c.i.b.s.provider.EastMoneyStockProvider  : Failed to fetch concepts for stock. code=605507, market=SH, message=403 Forbidden: "<h1>Nginx forbidden.</h1> <br/>request info: 240e:b87:1f6:d800:a504:b4a9:1b4d:4897<EOL>"
2026-04-21T23:03:45.818+08:00  WARN 20416 --- [inker] [nio-8083-exec-3] c.i.b.s.provider.EastMoneyStockProvider  : Failed to fetch concepts for stock. code=605555, market=SH, message=403 Forbidden: "<h1>Nginx forbidden.</h1> <br/>request info: 240e:b87:1f6:d800:a504:b4a9:1b4d:4897<EOL>"
2026-04-21T23:03:45.861+08:00  WARN 20416 --- [inker] [nio-8083-exec-3] c.i.b.s.provider.EastMoneyStockProvider  : Failed to fetch concepts for stock. code=605566, market=SH, message=403 Forbidden: "<h1>Nginx forbidden.</h1> <br/>request info: 240e:b87:1f6:d800:a504:b4a9:1b4d:4897<EOL>"
2026-04-21T23:03:45.908+08:00  WARN 20416 --- [inker] [nio-8083-exec-3] c.i.b.s.provider.EastMoneyStockProvider  : Failed to fetch concepts for stock. code=605567, market=SH, message=403 Forbidden: "<h1>Nginx forbidden.</h1> <br/>request info: 240e:b87:1f6:d800:a504:b4a9:1b4d:4897<EOL>"
2026-04-21T23:03:45.957+08:00  WARN 20416 --- [inker] [nio-8083-exec-3] c.i.b.s.provider.EastMoneyStockProvider  : Failed to fetch concepts for stock. code=605577, market=SH, message=403 Forbidden: "<h1>Nginx forbidden.</h1> <br/>request info: 240e:b87:1f6:d800:a504:b4a9:1b4d:4897<EOL>"
2026-04-21T23:03:46.003+08:00  WARN 20416 --- [inker] [nio-8083-exec-3] c.i.b.s.provider.EastMoneyStockProvider  : Failed to fetch concepts for stock. code=605580, market=SH, message=403 Forbidden: "<h1>Nginx forbidden.</h1> <br/>request info: 240e:b87:1f6:d800:a504:b4a9:1b4d:4897<EOL>"
2026-04-21T23:03:46.049+08:00  WARN 20416 --- [inker] [nio-8083-exec-3] c.i.b.s.provider.EastMoneyStockProvider  : Failed to fetch concepts for stock. code=605588, market=SH, message=403 Forbidden: "<h1>Nginx forbidden.</h1> <br/>request info: 240e:b87:1f6:d800:a504:b4a9:1b4d:4897<EOL>"
2026-04-21T23:03:46.099+08:00  WARN 20416 --- [inker] [nio-8083-exec-3] c.i.b.s.provider.EastMoneyStockProvider  : Failed to fetch concepts for stock. code=605589, market=SH, message=403 Forbidden: "<h1>Nginx forbidden.</h1> <br/>request info: 240e:b87:1f6:d800:a504:b4a9:1b4d:4897<EOL>"
2026-04-21T23:03:46.142+08:00  WARN 20416 --- [inker] [nio-8083-exec-3] c.i.b.s.provider.EastMoneyStockProvider  : Failed to fetch concepts for stock. code=605598, market=SH, message=403 Forbidden: "<h1>Nginx forbidden.</h1> <br/>request info: 240e:b87:1f6:d800:a504:b4a9:1b4d:4897<EOL>"
2026-04-21T23:03:46.191+08:00  WARN 20416 --- [inker] [nio-8083-exec-3] c.i.b.s.provider.EastMoneyStockProvider  : Failed to fetch concepts for stock. code=605599, market=SH, message=403 Forbidden: "<h1>Nginx forbidden.</h1> <br/>request info: 240e:b87:1f6:d800:a504:b4a9:1b4d:4897<EOL>"
2026-04-21T23:03:46.239+08:00  WARN 20416 --- [inker] [nio-8083-exec-3] c.i.b.s.provider.EastMoneyStockProvider  : Failed to fetch concepts for stock. code=688001, market=SH, message=403 Forbidden: "<h1>Nginx forbidden.</h1> <br/>request info: 240e:b87:1f6:d800:a504:b4a9:1b4d:4897<EOL>"
2026-04-21T23:03:46.282+08:00  WARN 20416 --- [inker] [nio-8083-exec-3] c.i.b.s.provider.EastMoneyStockProvider  : Failed to fetch concepts for stock. code=688002, market=SH, message=403 Forbidden: "<h1>Nginx forbidden.</h1> <br/>request info: 240e:b87:1f6:d800:a504:b4a9:1b4d:4897<EOL>"
2026-04-21T23:03:46.329+08:00  WARN 20416 --- [inker] [nio-8083-exec-3] c.i.b.s.provider.EastMoneyStockProvider  : Failed to fetch concepts for stock. code=688003, market=SH, message=403 Forbidden: "<h1>Nginx forbidden.</h1> <br/>request info: 240e:b87:1f6:d800:a504:b4a9:1b4d:4897<EOL>"
2026-04-21T23:03:46.377+08:00  WARN 20416 --- [inker] [nio-8083-exec-3] c.i.b.s.provider.EastMoneyStockProvider  : Failed to fetch concepts for stock. code=688004, market=SH, message=403 Forbidden: "<h1>Nginx forbidden.</h1> <br/>request info: 240e:b87:1f6:d800:a504:b4a9:1b4d:4897<EOL>"
2026-04-21T23:03:46.425+08:00  WARN 20416 --- [inker] [nio-8083-exec-3] c.i.b.s.provider.EastMoneyStockProvider  : Failed to fetch concepts for stock. code=688005, market=SH, message=403 Forbidden: "<h1>Nginx forbidden.</h1> <br/>request info: 240e:b87:1f6:d800:a504:b4a9:1b4d:4897<EOL>"
2026-04-21T23:03:46.471+08:00  WARN 20416 --- [inker] [nio-8083-exec-3] c.i.b.s.provider.EastMoneyStockProvider  : Failed to fetch concepts for stock. code=688006, market=SH, message=403 Forbidden: "<h1>Nginx forbidden.</h1> <br/>request info: 240e:b87:1f6:d800:a504:b4a9:1b4d:4897<EOL>"
2026-04-21T23:03:46.518+08:00  WARN 20416 --- [inker] [nio-8083-exec-3] c.i.b.s.provider.EastMoneyStockProvider  : Failed to fetch concepts for stock. code=688007, market=SH, message=403 Forbidden: "<h1>Nginx forbidden.</h1> <br/>request info: 240e:b87:1f6:d800:a504:b4a9:1b4d:4897<EOL>"
2026-04-21T23:03:46.566+08:00  WARN 20416 --- [inker] [nio-8083-exec-3] c.i.b.s.provider.EastMoneyStockProvider  : Failed to fetch concepts for stock. code=688008, market=SH, message=403 Forbidden: "<h1>Nginx forbidden.</h1> <br/>request info: 240e:b87:1f6:d800:a504:b4a9:1b4d:4897<EOL>"
2026-04-21T23:03:46.611+08:00  WARN 20416 --- [inker] [nio-8083-exec-3] c.i.b.s.provider.EastMoneyStockProvider  : Failed to fetch concepts for stock. code=688009, market=SH, message=403 Forbidden: "<h1>Nginx forbidden.</h1> <br/>request info: 240e:b87:1f6:d800:a504:b4a9:1b4d:4897<EOL>"
2026-04-21T23:03:46.655+08:00  WARN 20416 --- [inker] [nio-8083-exec-3] c.i.b.s.provider.EastMoneyStockProvider  : Failed to fetch concepts for stock. code=688010, market=SH, message=403 Forbidden: "<h1>Nginx forbidden.</h1> <br/>request info: 240e:b87:1f6:d800:a504:b4a9:1b4d:4897<EOL>"
2026-04-21T23:03:46.697+08:00  WARN 20416 --- [inker] [nio-8083-exec-3] c.i.b.s.provider.EastMoneyStockProvider  : Failed to fetch concepts for stock. code=688011, market=SH, message=403 Forbidden: "<h1>Nginx forbidden.</h1> <br/>request info: 240e:b87:1f6:d800:a504:b4a9:1b4d:4897<EOL>"
2026-04-21T23:03:46.741+08:00  WARN 20416 --- [inker] [nio-8083-exec-3] c.i.b.s.provider.EastMoneyStockProvider  : Failed to fetch concepts for stock. code=688012, market=SH, message=403 Forbidden: "<h1>Nginx forbidden.</h1> <br/>request info: 240e:b87:1f6:d800:a504:b4a9:1b4d:4897<EOL>"
2026-04-21T23:03:46.785+08:00  WARN 20416 --- [inker] [nio-8083-exec-3] c.i.b.s.provider.EastMoneyStockProvider  : Failed to fetch concepts for stock. code=688013, market=SH, message=403 Forbidden: "<h1>Nginx forbidden.</h1> <br/>request info: 240e:b87:1f6:d800:a504:b4a9:1b4d:4897<EOL>"
2026-04-21T23:03:46.828+08:00  WARN 20416 --- [inker] [nio-8083-exec-3] c.i.b.s.provider.EastMoneyStockProvider  : Failed to fetch concepts for stock. code=688015, market=SH, message=403 Forbidden: "<h1>Nginx forbidden.</h1> <br/>request info: 240e:b87:1f6:d800:a504:b4a9:1b4d:4897<EOL>"
2026-04-21T23:03:46.872+08:00  WARN 20416 --- [inker] [nio-8083-exec-3] c.i.b.s.provider.EastMoneyStockProvider  : Failed to fetch concepts for stock. code=688016, market=SH, message=403 Forbidden: "<h1>Nginx forbidden.</h1> <br/>request info: 240e:b87:1f6:d800:a504:b4a9:1b4d:4897<EOL>"
2026-04-21T23:03:46.919+08:00  WARN 20416 --- [inker] [nio-8083-exec-3] c.i.b.s.provider.EastMoneyStockProvider  : Failed to fetch concepts for stock. code=688017, market=SH, message=403 Forbidden: "<h1>Nginx forbidden.</h1> <br/>request info: 240e:b87:1f6:d800:a504:b4a9:1b4d:4897<EOL>"
2026-04-21T23:03:46.962+08:00  WARN 20416 --- [inker] [nio-8083-exec-3] c.i.b.s.provider.EastMoneyStockProvider  : Failed to fetch concepts for stock. code=688018, market=SH, message=403 Forbidden: "<h1>Nginx forbidden.</h1> <br/>request info: 240e:b87:1f6:d800:a504:b4a9:1b4d:4897<EOL>"
2026-04-21T23:03:47.011+08:00  WARN 20416 --- [inker] [nio-8083-exec-3] c.i.b.s.provider.EastMoneyStockProvider  : Failed to fetch concepts for stock. code=688019, market=SH, message=403 Forbidden: "<h1>Nginx forbidden.</h1> <br/>request info: 240e:b87:1f6:d800:a504:b4a9:1b4d:4897<EOL>"
2026-04-21T23:03:47.053+08:00  WARN 20416 --- [inker] [nio-8083-exec-3] c.i.b.s.provider.EastMoneyStockProvider  : Failed to fetch concepts for stock. code=688020, market=SH, message=403 Forbidden: "<h1>Nginx forbidden.</h1> <br/>request info: 240e:b87:1f6:d800:a504:b4a9:1b4d:4897<EOL>"
2026-04-21T23:03:47.097+08:00  WARN 20416 --- [inker] [nio-8083-exec-3] c.i.b.s.provider.EastMoneyStockProvider  : Failed to fetch concepts for stock. code=688021, market=SH, message=403 Forbidden: "<h1>Nginx forbidden.</h1> <br/>request info: 240e:b87:1f6:d800:a504:b4a9:1b4d:4897<EOL>"
2026-04-21T23:03:47.148+08:00  WARN 20416 --- [inker] [nio-8083-exec-3] c.i.b.s.provider.EastMoneyStockProvider  : Failed to fetch concepts for stock. code=688022, market=SH, message=403 Forbidden: "<h1>Nginx forbidden.</h1> <br/>request info: 240e:b87:1f6:d800:a504:b4a9:1b4d:4897<EOL>"
2026-04-21T23:03:47.193+08:00  WARN 20416 --- [inker] [nio-8083-exec-3] c.i.b.s.provider.EastMoneyStockProvider  : Failed to fetch concepts for stock. code=688023, market=SH, message=403 Forbidden: "<h1>Nginx forbidden.</h1> <br/>request info: 240e:b87:1f6:d800:a504:b4a9:1b4d:4897<EOL>"
2026-04-21T23:03:47.241+08:00  WARN 20416 --- [inker] [nio-8083-exec-3] c.i.b.s.provider.EastMoneyStockProvider  : Failed to fetch concepts for stock. code=688025, market=SH, message=403 Forbidden: "<h1>Nginx forbidden.</h1> <br/>request info: 240e:b87:1f6:d800:a504:b4a9:1b4d:4897<EOL>"
2026-04-21T23:03:47.285+08:00  WARN 20416 --- [inker] [nio-8083-exec-3] c.i.b.s.provider.EastMoneyStockProvider  : Failed to fetch concepts for stock. code=688026, market=SH, message=403 Forbidden: "<h1>Nginx forbidden.</h1> <br/>request info: 240e:b87:1f6:d800:a504:b4a9:1b4d:4897<EOL>"
2026-04-21T23:03:47.331+08:00  WARN 20416 --- [inker] [nio-8083-exec-3] c.i.b.s.provider.EastMoneyStockProvider  : Failed to fetch concepts for stock. code=688027, market=SH, message=403 Forbidden: "<h1>Nginx forbidden.</h1> <br/>request info: 240e:b87:1f6:d800:a504:b4a9:1b4d:4897<EOL>"
2026-04-21T23:03:47.374+08:00  WARN 20416 --- [inker] [nio-8083-exec-3] c.i.b.s.provider.EastMoneyStockProvider  : Failed to fetch concepts for stock. code=688028, market=SH, message=403 Forbidden: "<h1>Nginx forbidden.</h1> <br/>request info: 240e:b87:1f6:d800:a504:b4a9:1b4d:4897<EOL>"
2026-04-21T23:03:47.423+08:00  WARN 20416 --- [inker] [nio-8083-exec-3] c.i.b.s.provider.EastMoneyStockProvider  : Failed to fetch concepts for stock. code=688029, market=SH, message=403 Forbidden: "<h1>Nginx forbidden.</h1> <br/>request info: 240e:b87:1f6:d800:a504:b4a9:1b4d:4897<EOL>"
2026-04-21T23:03:47.467+08:00  WARN 20416 --- [inker] [nio-8083-exec-3] c.i.b.s.provider.EastMoneyStockProvider  : Failed to fetch concepts for stock. code=688030, market=SH, message=403 Forbidden: "<h1>Nginx forbidden.</h1> <br/>request info: 240e:b87:1f6:d800:a504:b4a9:1b4d:4897<EOL>"
2026-04-21T23:03:47.518+08:00  WARN 20416 --- [inker] [nio-8083-exec-3] c.i.b.s.provider.EastMoneyStockProvider  : Failed to fetch concepts for stock. code=688031, market=SH, message=403 Forbidden: "<h1>Nginx forbidden.</h1> <br/>request info: 240e:b87:1f6:d800:a504:b4a9:1b4d:4897<EOL>"
2026-04-21T23:03:47.567+08:00  WARN 20416 --- [inker] [nio-8083-exec-3] c.i.b.s.provider.EastMoneyStockProvider  : Failed to fetch concepts for stock. code=688032, market=SH, message=403 Forbidden: "<h1>Nginx forbidden.</h1> <br/>request info: 240e:b87:1f6:d800:a504:b4a9:1b4d:4897<EOL>"
2026-04-21T23:03:47.610+08:00  WARN 20416 --- [inker] [nio-8083-exec-3] c.i.b.s.provider.EastMoneyStockProvider  : Failed to fetch concepts for stock. code=688033, market=SH, message=403 Forbidden: "<h1>Nginx forbidden.</h1> <br/>request info: 240e:b87:1f6:d800:a504:b4a9:1b4d:4897<EOL>"
2026-04-21T23:03:47.654+08:00  WARN 20416 --- [inker] [nio-8083-exec-3] c.i.b.s.provider.EastMoneyStockProvider  : Failed to fetch concepts for stock. code=688035, market=SH, message=403 Forbidden: "<h1>Nginx forbidden.</h1> <br/>request info: 240e:b87:1f6:d800:a504:b4a9:1b4d:4897<EOL>"
2026-04-21T23:03:47.699+08:00  WARN 20416 --- [inker] [nio-8083-exec-3] c.i.b.s.provider.EastMoneyStockProvider  : Failed to fetch concepts for stock. code=688036, market=SH, message=403 Forbidden: "<h1>Nginx forbidden.</h1> <br/>request info: 240e:b87:1f6:d800:a504:b4a9:1b4d:4897<EOL>"
2026-04-21T23:03:47.742+08:00  WARN 20416 --- [inker] [nio-8083-exec-3] c.i.b.s.provider.EastMoneyStockProvider  : Failed to fetch concepts for stock. code=688037, market=SH, message=403 Forbidden: "<h1>Nginx forbidden.</h1> <br/>request info: 240e:b87:1f6:d800:a504:b4a9:1b4d:4897<EOL>"
2026-04-21T23:03:47.793+08:00  WARN 20416 --- [inker] [nio-8083-exec-3] c.i.b.s.provider.EastMoneyStockProvider  : Failed to fetch concepts for stock. code=688038, market=SH, message=403 Forbidden: "<h1>Nginx forbidden.</h1> <br/>request info: 240e:b87:1f6:d800:a504:b4a9:1b4d:4897<EOL>"
2026-04-21T23:03:47.836+08:00  WARN 20416 --- [inker] [nio-8083-exec-3] c.i.b.s.provider.EastMoneyStockProvider  : Failed to fetch concepts for stock. code=688039, market=SH, message=403 Forbidden: "<h1>Nginx forbidden.</h1> <br/>request info: 240e:b87:1f6:d800:a504:b4a9:1b4d:4897<EOL>"
2026-04-21T23:03:47.885+08:00  WARN 20416 --- [inker] [nio-8083-exec-3] c.i.b.s.provider.EastMoneyStockProvider  : Failed to fetch concepts for stock. code=688041, market=SH, message=403 Forbidden: "<h1>Nginx forbidden.</h1> <br/>request info: 240e:b87:1f6:d800:a504:b4a9:1b4d:4897<EOL>"
2026-04-21T23:03:47.927+08:00  WARN 20416 --- [inker] [nio-8083-exec-3] c.i.b.s.provider.EastMoneyStockProvider  : Failed to fetch concepts for stock. code=688045, market=SH, message=403 Forbidden: "<h1>Nginx forbidden.</h1> <br/>request info: 240e:b87:1f6:d800:a504:b4a9:1b4d:4897<EOL>"
2026-04-21T23:03:47.970+08:00  WARN 20416 --- [inker] [nio-8083-exec-3] c.i.b.s.provider.EastMoneyStockProvider  : Failed to fetch concepts for stock. code=688046, market=SH, message=403 Forbidden: "<h1>Nginx forbidden.</h1> <br/>request info: 240e:b87:1f6:d800:a504:b4a9:1b4d:4897<EOL>"
2026-04-21T23:03:48.018+08:00  WARN 20416 --- [inker] [nio-8083-exec-3] c.i.b.s.provider.EastMoneyStockProvider  : Failed to fetch concepts for stock. code=688047, market=SH, message=403 Forbidden: "<h1>Nginx forbidden.</h1> <br/>request info: 240e:b87:1f6:d800:a504:b4a9:1b4d:4897<EOL>"
2026-04-21T23:03:48.067+08:00  WARN 20416 --- [inker] [nio-8083-exec-3] c.i.b.s.provider.EastMoneyStockProvider  : Failed to fetch concepts for stock. code=688048, market=SH, message=403 Forbidden: "<h1>Nginx forbidden.</h1> <br/>request info: 240e:b87:1f6:d800:a504:b4a9:1b4d:4897<EOL>"
2026-04-21T23:03:48.110+08:00  WARN 20416 --- [inker] [nio-8083-exec-3] c.i.b.s.provider.EastMoneyStockProvider  : Failed to fetch concepts for stock. code=688049, market=SH, message=403 Forbidden: "<h1>Nginx forbidden.</h1> <br/>request info: 240e:b87:1f6:d800:a504:b4a9:1b4d:4897<EOL>"
2026-04-21T23:03:48.152+08:00  WARN 20416 --- [inker] [nio-8083-exec-3] c.i.b.s.provider.EastMoneyStockProvider  : Failed to fetch concepts for stock. code=688050, market=SH, message=403 Forbidden: "<h1>Nginx forbidden.</h1> <br/>request info: 240e:b87:1f6:d800:a504:b4a9:1b4d:4897<EOL>"
2026-04-21T23:03:48.199+08:00  WARN 20416 --- [inker] [nio-8083-exec-3] c.i.b.s.provider.EastMoneyStockProvider  : Failed to fetch concepts for stock. code=688051, market=SH, message=403 Forbidden: "<h1>Nginx forbidden.</h1> <br/>request info: 240e:b87:1f6:d800:a504:b4a9:1b4d:4897<EOL>"
2026-04-21T23:03:48.246+08:00  WARN 20416 --- [inker] [nio-8083-exec-3] c.i.b.s.provider.EastMoneyStockProvider  : Failed to fetch concepts for stock. code=688052, market=SH, message=403 Forbidden: "<h1>Nginx forbidden.</h1> <br/>request info: 240e:b87:1f6:d800:a504:b4a9:1b4d:4897<EOL>"
2026-04-21T23:03:48.294+08:00  WARN 20416 --- [inker] [nio-8083-exec-3] c.i.b.s.provider.EastMoneyStockProvider  : Failed to fetch concepts for stock. code=688055, market=SH, message=403 Forbidden: "<h1>Nginx forbidden.</h1> <br/>request info: 240e:b87:1f6:d800:a504:b4a9:1b4d:4897<EOL>"
2026-04-21T23:03:48.336+08:00  WARN 20416 --- [inker] [nio-8083-exec-3] c.i.b.s.provider.EastMoneyStockProvider  : Failed to fetch concepts for stock. code=688056, market=SH, message=403 Forbidden: "<h1>Nginx forbidden.</h1> <br/>request info: 240e:b87:1f6:d800:a504:b4a9:1b4d:4897<EOL>"
2026-04-21T23:03:48.382+08:00  WARN 20416 --- [inker] [nio-8083-exec-3] c.i.b.s.provider.EastMoneyStockProvider  : Failed to fetch concepts for stock. code=688057, market=SH, message=403 Forbidden: "<h1>Nginx forbidden.</h1> <br/>request info: 240e:b87:1f6:d800:a504:b4a9:1b4d:4897<EOL>"
2026-04-21T23:03:48.426+08:00  WARN 20416 --- [inker] [nio-8083-exec-3] c.i.b.s.provider.EastMoneyStockProvider  : Failed to fetch concepts for stock. code=688058, market=SH, message=403 Forbidden: "<h1>Nginx forbidden.</h1> <br/>request info: 240e:b87:1f6:d800:a504:b4a9:1b4d:4897<EOL>"
2026-04-21T23:03:48.474+08:00  WARN 20416 --- [inker] [nio-8083-exec-3] c.i.b.s.provider.EastMoneyStockProvider  : Failed to fetch concepts for stock. code=688059, market=SH, message=403 Forbidden: "<h1>Nginx forbidden.</h1> <br/>request info: 240e:b87:1f6:d800:a504:b4a9:1b4d:4897<EOL>"
2026-04-21T23:03:48.518+08:00  WARN 20416 --- [inker] [nio-8083-exec-3] c.i.b.s.provider.EastMoneyStockProvider  : Failed to fetch concepts for stock. code=688060, market=SH, message=403 Forbidden: "<h1>Nginx forbidden.</h1> <br/>request info: 240e:b87:1f6:d800:a504:b4a9:1b4d:4897<EOL>"
2026-04-21T23:03:48.560+08:00  WARN 20416 --- [inker] [nio-8083-exec-3] c.i.b.s.provider.EastMoneyStockProvider  : Failed to fetch concepts for stock. code=688061, market=SH, message=403 Forbidden: "<h1>Nginx forbidden.</h1> <br/>request info: 240e:b87:1f6:d800:a504:b4a9:1b4d:4897<EOL>"
2026-04-21T23:03:48.605+08:00  WARN 20416 --- [inker] [nio-8083-exec-3] c.i.b.s.provider.EastMoneyStockProvider  : Failed to fetch concepts for stock. code=688062, market=SH, message=403 Forbidden: "<h1>Nginx forbidden.</h1> <br/>request info: 240e:b87:1f6:d800:a504:b4a9:1b4d:4897<EOL>"
2026-04-21T23:03:48.649+08:00  WARN 20416 --- [inker] [nio-8083-exec-3] c.i.b.s.provider.EastMoneyStockProvider  : Failed to fetch concepts for stock. code=688063, market=SH, message=403 Forbidden: "<h1>Nginx forbidden.</h1> <br/>request info: 240e:b87:1f6:d800:a504:b4a9:1b4d:4897<EOL>"
2026-04-21T23:03:48.696+08:00  WARN 20416 --- [inker] [nio-8083-exec-3] c.i.b.s.provider.EastMoneyStockProvider  : Failed to fetch concepts for stock. code=688065, market=SH, message=403 Forbidden: "<h1>Nginx forbidden.</h1> <br/>request info: 240e:b87:1f6:d800:a504:b4a9:1b4d:4897<EOL>"
2026-04-21T23:03:48.741+08:00  WARN 20416 --- [inker] [nio-8083-exec-3] c.i.b.s.provider.EastMoneyStockProvider  : Failed to fetch concepts for stock. code=688066, market=SH, message=403 Forbidden: "<h1>Nginx forbidden.</h1> <br/>request info: 240e:b87:1f6:d800:a504:b4a9:1b4d:4897<EOL>"
2026-04-21T23:03:48.789+08:00  WARN 20416 --- [inker] [nio-8083-exec-3] c.i.b.s.provider.EastMoneyStockProvider  : Failed to fetch concepts for stock. code=688067, market=SH, message=403 Forbidden: "<h1>Nginx forbidden.</h1> <br/>request info: 240e:b87:1f6:d800:a504:b4a9:1b4d:4897<EOL>"
2026-04-21T23:03:48.831+08:00  WARN 20416 --- [inker] [nio-8083-exec-3] c.i.b.s.provider.EastMoneyStockProvider  : Failed to fetch concepts for stock. code=688068, market=SH, message=403 Forbidden: "<h1>Nginx forbidden.</h1> <br/>request info: 240e:b87:1f6:d800:a504:b4a9:1b4d:4897<EOL>"
2026-04-21T23:03:48.883+08:00  WARN 20416 --- [inker] [nio-8083-exec-3] c.i.b.s.provider.EastMoneyStockProvider  : Failed to fetch concepts for stock. code=688069, market=SH, message=403 Forbidden: "<h1>Nginx forbidden.</h1> <br/>request info: 240e:b87:1f6:d800:a504:b4a9:1b4d:4897<EOL>"
2026-04-21T23:03:48.931+08:00  WARN 20416 --- [inker] [nio-8083-exec-3] c.i.b.s.provider.EastMoneyStockProvider  : Failed to fetch concepts for stock. code=688070, market=SH, message=403 Forbidden: "<h1>Nginx forbidden.</h1> <br/>request info: 240e:b87:1f6:d800:a504:b4a9:1b4d:4897<EOL>"
2026-04-21T23:03:48.976+08:00  WARN 20416 --- [inker] [nio-8083-exec-3] c.i.b.s.provider.EastMoneyStockProvider  : Failed to fetch concepts for stock. code=688071, market=SH, message=403 Forbidden: "<h1>Nginx forbidden.</h1> <br/>request info: 240e:b87:1f6:d800:a504:b4a9:1b4d:4897<EOL>"
2026-04-21T23:03:49.019+08:00  WARN 20416 --- [inker] [nio-8083-exec-3] c.i.b.s.provider.EastMoneyStockProvider  : Failed to fetch concepts for stock. code=688072, market=SH, message=403 Forbidden: "<h1>Nginx forbidden.</h1> <br/>request info: 240e:b87:1f6:d800:a504:b4a9:1b4d:4897<EOL>"
2026-04-21T23:03:49.064+08:00  WARN 20416 --- [inker] [nio-8083-exec-3] c.i.b.s.provider.EastMoneyStockProvider  : Failed to fetch concepts for stock. code=688073, market=SH, message=403 Forbidden: "<h1>Nginx forbidden.</h1> <br/>request info: 240e:b87:1f6:d800:a504:b4a9:1b4d:4897<EOL>"
2026-04-21T23:03:49.109+08:00  WARN 20416 --- [inker] [nio-8083-exec-3] c.i.b.s.provider.EastMoneyStockProvider  : Failed to fetch concepts for stock. code=688075, market=SH, message=403 Forbidden: "<h1>Nginx forbidden.</h1> <br/>request info: 240e:b87:1f6:d800:a504:b4a9:1b4d:4897<EOL>"
2026-04-21T23:03:49.152+08:00  WARN 20416 --- [inker] [nio-8083-exec-3] c.i.b.s.provider.EastMoneyStockProvider  : Failed to fetch concepts for stock. code=688077, market=SH, message=403 Forbidden: "<h1>Nginx forbidden.</h1> <br/>request info: 240e:b87:1f6:d800:a504:b4a9:1b4d:4897<EOL>"
2026-04-21T23:03:49.197+08:00  WARN 20416 --- [inker] [nio-8083-exec-3] c.i.b.s.provider.EastMoneyStockProvider  : Failed to fetch concepts for stock. code=688078, market=SH, message=403 Forbidden: "<h1>Nginx forbidden.</h1> <br/>request info: 240e:b87:1f6:d800:a504:b4a9:1b4d:4897<EOL>"
2026-04-21T23:03:49.242+08:00  WARN 20416 --- [inker] [nio-8083-exec-3] c.i.b.s.provider.EastMoneyStockProvider  : Failed to fetch concepts for stock. code=688079, market=SH, message=403 Forbidden: "<h1>Nginx forbidden.</h1> <br/>request info: 240e:b87:1f6:d800:a504:b4a9:1b4d:4897<EOL>"
2026-04-21T23:03:49.289+08:00  WARN 20416 --- [inker] [nio-8083-exec-3] c.i.b.s.provider.EastMoneyStockProvider  : Failed to fetch concepts for stock. code=688080, market=SH, message=403 Forbidden: "<h1>Nginx forbidden.</h1> <br/>request info: 240e:b87:1f6:d800:a504:b4a9:1b4d:4897<EOL>"
2026-04-21T23:03:49.333+08:00  WARN 20416 --- [inker] [nio-8083-exec-3] c.i.b.s.provider.EastMoneyStockProvider  : Failed to fetch concepts for stock. code=688081, market=SH, message=403 Forbidden: "<h1>Nginx forbidden.</h1> <br/>request info: 240e:b87:1f6:d800:a504:b4a9:1b4d:4897<EOL>"
2026-04-21T23:03:49.382+08:00  WARN 20416 --- [inker] [nio-8083-exec-3] c.i.b.s.provider.EastMoneyStockProvider  : Failed to fetch concepts for stock. code=688082, market=SH, message=403 Forbidden: "<h1>Nginx forbidden.</h1> <br/>request info: 240e:b87:1f6:d800:a504:b4a9:1b4d:4897<EOL>"
2026-04-21T23:03:49.428+08:00  WARN 20416 --- [inker] [nio-8083-exec-3] c.i.b.s.provider.EastMoneyStockProvider  : Failed to fetch concepts for stock. code=688083, market=SH, message=403 Forbidden: "<h1>Nginx forbidden.</h1> <br/>request info: 240e:b87:1f6:d800:a504:b4a9:1b4d:4897<EOL>"
2026-04-21T23:03:49.472+08:00  WARN 20416 --- [inker] [nio-8083-exec-3] c.i.b.s.provider.EastMoneyStockProvider  : Failed to fetch concepts for stock. code=688084, market=SH, message=403 Forbidden: "<h1>Nginx forbidden.</h1> <br/>request info: 240e:b87:1f6:d800:a504:b4a9:1b4d:4897<EOL>"
2026-04-21T23:03:49.517+08:00  WARN 20416 --- [inker] [nio-8083-exec-3] c.i.b.s.provider.EastMoneyStockProvider  : Failed to fetch concepts for stock. code=688085, market=SH, message=403 Forbidden: "<h1>Nginx forbidden.</h1> <br/>request info: 240e:b87:1f6:d800:a504:b4a9:1b4d:4897<EOL>"
2026-04-21T23:03:49.561+08:00  WARN 20416 --- [inker] [nio-8083-exec-3] c.i.b.s.provider.EastMoneyStockProvider  : Failed to fetch concepts for stock. code=688087, market=SH, message=403 Forbidden: "<h1>Nginx forbidden.</h1> <br/>request info: 240e:b87:1f6:d800:a504:b4a9:1b4d:4897<EOL>"
2026-04-21T23:03:49.604+08:00  WARN 20416 --- [inker] [nio-8083-exec-3] c.i.b.s.provider.EastMoneyStockProvider  : Failed to fetch concepts for stock. code=688088, market=SH, message=403 Forbidden: "<h1>Nginx forbidden.</h1> <br/>request info: 240e:b87:1f6:d800:a504:b4a9:1b4d:4897<EOL>"
2026-04-21T23:03:49.648+08:00  WARN 20416 --- [inker] [nio-8083-exec-3] c.i.b.s.provider.EastMoneyStockProvider  : Failed to fetch concepts for stock. code=688089, market=SH, message=403 Forbidden: "<h1>Nginx forbidden.</h1> <br/>request info: 240e:b87:1f6:d800:a504:b4a9:1b4d:4897<EOL>"
2026-04-21T23:03:49.693+08:00  WARN 20416 --- [inker] [nio-8083-exec-3] c.i.b.s.provider.EastMoneyStockProvider  : Failed to fetch concepts for stock. code=688090, market=SH, message=403 Forbidden: "<h1>Nginx forbidden.</h1> <br/>request info: 240e:b87:1f6:d800:a504:b4a9:1b4d:4897<EOL>"
2026-04-21T23:03:49.744+08:00  WARN 20416 --- [inker] [nio-8083-exec-3] c.i.b.s.provider.EastMoneyStockProvider  : Failed to fetch concepts for stock. code=688091, market=SH, message=403 Forbidden: "<h1>Nginx forbidden.</h1> <br/>request info: 240e:b87:1f6:d800:a504:b4a9:1b4d:4897<EOL>"
2026-04-21T23:03:49.793+08:00  WARN 20416 --- [inker] [nio-8083-exec-3] c.i.b.s.provider.EastMoneyStockProvider  : Failed to fetch concepts for stock. code=688092, market=SH, message=403 Forbidden: "<h1>Nginx forbidden.</h1> <br/>request info: 240e:b87:1f6:d800:a504:b4a9:1b4d:4897<EOL>"
2026-04-21T23:03:49.842+08:00  WARN 20416 --- [inker] [nio-8083-exec-3] c.i.b.s.provider.EastMoneyStockProvider  : Failed to fetch concepts for stock. code=688093, market=SH, message=403 Forbidden: "<h1>Nginx forbidden.</h1> <br/>request info: 240e:b87:1f6:d800:a504:b4a9:1b4d:4897<EOL>"
2026-04-21T23:03:49.887+08:00  WARN 20416 --- [inker] [nio-8083-exec-3] c.i.b.s.provider.EastMoneyStockProvider  : Failed to fetch concepts for stock. code=688095, market=SH, message=403 Forbidden: "<h1>Nginx forbidden.</h1> <br/>request info: 240e:b87:1f6:d800:a504:b4a9:1b4d:4897<EOL>"
2026-04-21T23:03:49.934+08:00  WARN 20416 --- [inker] [nio-8083-exec-3] c.i.b.s.provider.EastMoneyStockProvider  : Failed to fetch concepts for stock. code=688096, market=SH, message=403 Forbidden: "<h1>Nginx forbidden.</h1> <br/>request info: 240e:b87:1f6:d800:a504:b4a9:1b4d:4897<EOL>"
2026-04-21T23:03:49.986+08:00  WARN 20416 --- [inker] [nio-8083-exec-3] c.i.b.s.provider.EastMoneyStockProvider  : Failed to fetch concepts for stock. code=688097, market=SH, message=403 Forbidden: "<h1>Nginx forbidden.</h1> <br/>request info: 240e:b87:1f6:d800:a504:b4a9:1b4d:4897<EOL>"
2026-04-21T23:03:50.047+08:00  WARN 20416 --- [inker] [nio-8083-exec-3] c.i.b.s.provider.EastMoneyStockProvider  : Failed to fetch concepts for stock. code=688098, market=SH, message=403 Forbidden: "<h1>Nginx forbidden.</h1> <br/>request info: 240e:b87:1f6:d800:a504:b4a9:1b4d:4897<EOL>"
2026-04-21T23:03:50.095+08:00  WARN 20416 --- [inker] [nio-8083-exec-3] c.i.b.s.provider.EastMoneyStockProvider  : Failed to fetch concepts for stock. code=688099, market=SH, message=403 Forbidden: "<h1>Nginx forbidden.</h1> <br/>request info: 240e:b87:1f6:d800:a504:b4a9:1b4d:4897<EOL>"
2026-04-21T23:03:50.139+08:00  WARN 20416 --- [inker] [nio-8083-exec-3] c.i.b.s.provider.EastMoneyStockProvider  : Failed to fetch concepts for stock. code=688100, market=SH, message=403 Forbidden: "<h1>Nginx forbidden.</h1> <br/>request info: 240e:b87:1f6:d800:a504:b4a9:1b4d:4897<EOL>"
2026-04-21T23:03:50.185+08:00  WARN 20416 --- [inker] [nio-8083-exec-3] c.i.b.s.provider.EastMoneyStockProvider  : Failed to fetch concepts for stock. code=688101, market=SH, message=403 Forbidden: "<h1>Nginx forbidden.</h1> <br/>request info: 240e:b87:1f6:d800:a504:b4a9:1b4d:4897<EOL>"
2026-04-21T23:03:50.234+08:00  WARN 20416 --- [inker] [nio-8083-exec-3] c.i.b.s.provider.EastMoneyStockProvider  : Failed to fetch concepts for stock. code=688102, market=SH, message=403 Forbidden: "<h1>Nginx forbidden.</h1> <br/>request info: 240e:b87:1f6:d800:a504:b4a9:1b4d:4897<EOL>"
2026-04-21T23:03:50.279+08:00  WARN 20416 --- [inker] [nio-8083-exec-3] c.i.b.s.provider.EastMoneyStockProvider  : Failed to fetch concepts for stock. code=688103, market=SH, message=403 Forbidden: "<h1>Nginx forbidden.</h1> <br/>request info: 240e:b87:1f6:d800:a504:b4a9:1b4d:4897<EOL>"
2026-04-21T23:03:50.327+08:00  WARN 20416 --- [inker] [nio-8083-exec-3] c.i.b.s.provider.EastMoneyStockProvider  : Failed to fetch concepts for stock. code=688105, market=SH, message=403 Forbidden: "<h1>Nginx forbidden.</h1> <br/>request info: 240e:b87:1f6:d800:a504:b4a9:1b4d:4897<EOL>"
2026-04-21T23:03:50.369+08:00  WARN 20416 --- [inker] [nio-8083-exec-3] c.i.b.s.provider.EastMoneyStockProvider  : Failed to fetch concepts for stock. code=688106, market=SH, message=403 Forbidden: "<h1>Nginx forbidden.</h1> <br/>request info: 240e:b87:1f6:d800:a504:b4a9:1b4d:4897<EOL>"
2026-04-21T23:03:50.412+08:00  WARN 20416 --- [inker] [nio-8083-exec-3] c.i.b.s.provider.EastMoneyStockProvider  : Failed to fetch concepts for stock. code=688107, market=SH, message=403 Forbidden: "<h1>Nginx forbidden.</h1> <br/>request info: 240e:b87:1f6:d800:a504:b4a9:1b4d:4897<EOL>"
2026-04-21T23:03:50.455+08:00  WARN 20416 --- [inker] [nio-8083-exec-3] c.i.b.s.provider.EastMoneyStockProvider  : Failed to fetch concepts for stock. code=688108, market=SH, message=403 Forbidden: "<h1>Nginx forbidden.</h1> <br/>request info: 240e:b87:1f6:d800:a504:b4a9:1b4d:4897<EOL>"
2026-04-21T23:03:50.498+08:00  WARN 20416 --- [inker] [nio-8083-exec-3] c.i.b.s.provider.EastMoneyStockProvider  : Failed to fetch concepts for stock. code=688109, market=SH, message=403 Forbidden: "<h1>Nginx forbidden.</h1> <br/>request info: 240e:b87:1f6:d800:a504:b4a9:1b4d:4897<EOL>"
2026-04-21T23:03:50.542+08:00  WARN 20416 --- [inker] [nio-8083-exec-3] c.i.b.s.provider.EastMoneyStockProvider  : Failed to fetch concepts for stock. code=688110, market=SH, message=403 Forbidden: "<h1>Nginx forbidden.</h1> <br/>request info: 240e:b87:1f6:d800:a504:b4a9:1b4d:4897<EOL>"
2026-04-21T23:03:50.602+08:00  WARN 20416 --- [inker] [nio-8083-exec-3] c.i.b.s.provider.EastMoneyStockProvider  : Failed to fetch concepts for stock. code=688111, market=SH, message=403 Forbidden: "<h1>Nginx forbidden.</h1> <br/>request info: 240e:b87:1f6:d800:a504:b4a9:1b4d:4897<EOL>"
2026-04-21T23:03:50.650+08:00  WARN 20416 --- [inker] [nio-8083-exec-3] c.i.b.s.provider.EastMoneyStockProvider  : Failed to fetch concepts for stock. code=688112, market=SH, message=403 Forbidden: "<h1>Nginx forbidden.</h1> <br/>request info: 240e:b87:1f6:d800:a504:b4a9:1b4d:4897<EOL>"
2026-04-21T23:03:50.692+08:00  WARN 20416 --- [inker] [nio-8083-exec-3] c.i.b.s.provider.EastMoneyStockProvider  : Failed to fetch concepts for stock. code=688113, market=SH, message=403 Forbidden: "<h1>Nginx forbidden.</h1> <br/>request info: 240e:b87:1f6:d800:a504:b4a9:1b4d:4897<EOL>"
2026-04-21T23:03:50.737+08:00  WARN 20416 --- [inker] [nio-8083-exec-3] c.i.b.s.provider.EastMoneyStockProvider  : Failed to fetch concepts for stock. code=688114, market=SH, message=403 Forbidden: "<h1>Nginx forbidden.</h1> <br/>request info: 240e:b87:1f6:d800:a504:b4a9:1b4d:4897<EOL>"
2026-04-21T23:03:50.784+08:00  WARN 20416 --- [inker] [nio-8083-exec-3] c.i.b.s.provider.EastMoneyStockProvider  : Failed to fetch concepts for stock. code=688115, market=SH, message=403 Forbidden: "<h1>Nginx forbidden.</h1> <br/>request info: 240e:b87:1f6:d800:a504:b4a9:1b4d:4897<EOL>"
2026-04-21T23:03:50.827+08:00  WARN 20416 --- [inker] [nio-8083-exec-3] c.i.b.s.provider.EastMoneyStockProvider  : Failed to fetch concepts for stock. code=688116, market=SH, message=403 Forbidden: "<h1>Nginx forbidden.</h1> <br/>request info: 240e:b87:1f6:d800:a504:b4a9:1b4d:4897<EOL>"
2026-04-21T23:03:50.873+08:00  WARN 20416 --- [inker] [nio-8083-exec-3] c.i.b.s.provider.EastMoneyStockProvider  : Failed to fetch concepts for stock. code=688117, market=SH, message=403 Forbidden: "<h1>Nginx forbidden.</h1> <br/>request info: 240e:b87:1f6:d800:a504:b4a9:1b4d:4897<EOL>"
2026-04-21T23:03:50.924+08:00  WARN 20416 --- [inker] [nio-8083-exec-3] c.i.b.s.provider.EastMoneyStockProvider  : Failed to fetch concepts for stock. code=688118, market=SH, message=403 Forbidden: "<h1>Nginx forbidden.</h1> <br/>request info: 240e:b87:1f6:d800:a504:b4a9:1b4d:4897<EOL>"
2026-04-21T23:03:50.972+08:00  WARN 20416 --- [inker] [nio-8083-exec-3] c.i.b.s.provider.EastMoneyStockProvider  : Failed to fetch concepts for stock. code=688119, market=SH, message=403 Forbidden: "<h1>Nginx forbidden.</h1> <br/>request info: 240e:b87:1f6:d800:a504:b4a9:1b4d:4897<EOL>"
2026-04-21T23:03:51.038+08:00  WARN 20416 --- [inker] [nio-8083-exec-3] c.i.b.s.provider.EastMoneyStockProvider  : Failed to fetch concepts for stock. code=688120, market=SH, message=403 Forbidden: "<h1>Nginx forbidden.</h1> <br/>request info: 240e:b87:1f6:d800:a504:b4a9:1b4d:4897<EOL>"
2026-04-21T23:03:51.085+08:00  WARN 20416 --- [inker] [nio-8083-exec-3] c.i.b.s.provider.EastMoneyStockProvider  : Failed to fetch concepts for stock. code=688121, market=SH, message=403 Forbidden: "<h1>Nginx forbidden.</h1> <br/>request info: 240e:b87:1f6:d800:a504:b4a9:1b4d:4897<EOL>"
2026-04-21T23:03:51.130+08:00  WARN 20416 --- [inker] [nio-8083-exec-3] c.i.b.s.provider.EastMoneyStockProvider  : Failed to fetch concepts for stock. code=688122, market=SH, message=403 Forbidden: "<h1>Nginx forbidden.</h1> <br/>request info: 240e:b87:1f6:d800:a504:b4a9:1b4d:4897<EOL>"
2026-04-21T23:03:51.177+08:00  WARN 20416 --- [inker] [nio-8083-exec-3] c.i.b.s.provider.EastMoneyStockProvider  : Failed to fetch concepts for stock. code=688123, market=SH, message=403 Forbidden: "<h1>Nginx forbidden.</h1> <br/>request info: 240e:b87:1f6:d800:a504:b4a9:1b4d:4897<EOL>"
2026-04-21T23:03:51.220+08:00  WARN 20416 --- [inker] [nio-8083-exec-3] c.i.b.s.provider.EastMoneyStockProvider  : Failed to fetch concepts for stock. code=688125, market=SH, message=403 Forbidden: "<h1>Nginx forbidden.</h1> <br/>request info: 240e:b87:1f6:d800:a504:b4a9:1b4d:4897<EOL>"
2026-04-21T23:03:51.266+08:00  WARN 20416 --- [inker] [nio-8083-exec-3] c.i.b.s.provider.EastMoneyStockProvider  : Failed to fetch concepts for stock. code=688126, market=SH, message=403 Forbidden: "<h1>Nginx forbidden.</h1> <br/>request info: 240e:b87:1f6:d800:a504:b4a9:1b4d:4897<EOL>"
2026-04-21T23:03:51.310+08:00  WARN 20416 --- [inker] [nio-8083-exec-3] c.i.b.s.provider.EastMoneyStockProvider  : Failed to fetch concepts for stock. code=688127, market=SH, message=403 Forbidden: "<h1>Nginx forbidden.</h1> <br/>request info: 240e:b87:1f6:d800:a504:b4a9:1b4d:4897<EOL>"
2026-04-21T23:03:51.356+08:00  WARN 20416 --- [inker] [nio-8083-exec-3] c.i.b.s.provider.EastMoneyStockProvider  : Failed to fetch concepts for stock. code=688128, market=SH, message=403 Forbidden: "<h1>Nginx forbidden.</h1> <br/>request info: 240e:b87:1f6:d800:a504:b4a9:1b4d:4897<EOL>"
2026-04-21T23:03:51.399+08:00  WARN 20416 --- [inker] [nio-8083-exec-3] c.i.b.s.provider.EastMoneyStockProvider  : Failed to fetch concepts for stock. code=688129, market=SH, message=403 Forbidden: "<h1>Nginx forbidden.</h1> <br/>request info: 240e:b87:1f6:d800:a504:b4a9:1b4d:4897<EOL>"
2026-04-21T23:03:51.443+08:00  WARN 20416 --- [inker] [nio-8083-exec-3] c.i.b.s.provider.EastMoneyStockProvider  : Failed to fetch concepts for stock. code=688130, market=SH, message=403 Forbidden: "<h1>Nginx forbidden.</h1> <br/>request info: 240e:b87:1f6:d800:a504:b4a9:1b4d:4897<EOL>"
2026-04-21T23:03:51.489+08:00  WARN 20416 --- [inker] [nio-8083-exec-3] c.i.b.s.provider.EastMoneyStockProvider  : Failed to fetch concepts for stock. code=688131, market=SH, message=403 Forbidden: "<h1>Nginx forbidden.</h1> <br/>request info: 240e:b87:1f6:d800:a504:b4a9:1b4d:4897<EOL>"
2026-04-21T23:03:51.536+08:00  WARN 20416 --- [inker] [nio-8083-exec-3] c.i.b.s.provider.EastMoneyStockProvider  : Failed to fetch concepts for stock. code=688132, market=SH, message=403 Forbidden: "<h1>Nginx forbidden.</h1> <br/>request info: 240e:b87:1f6:d800:a504:b4a9:1b4d:4897<EOL>"
2026-04-21T23:03:51.579+08:00  WARN 20416 --- [inker] [nio-8083-exec-3] c.i.b.s.provider.EastMoneyStockProvider  : Failed to fetch concepts for stock. code=688133, market=SH, message=403 Forbidden: "<h1>Nginx forbidden.</h1> <br/>request info: 240e:b87:1f6:d800:a504:b4a9:1b4d:4897<EOL>"
2026-04-21T23:03:51.626+08:00  WARN 20416 --- [inker] [nio-8083-exec-3] c.i.b.s.provider.EastMoneyStockProvider  : Failed to fetch concepts for stock. code=688135, market=SH, message=403 Forbidden: "<h1>Nginx forbidden.</h1> <br/>request info: 240e:b87:1f6:d800:a504:b4a9:1b4d:4897<EOL>"
2026-04-21T23:03:51.674+08:00  WARN 20416 --- [inker] [nio-8083-exec-3] c.i.b.s.provider.EastMoneyStockProvider  : Failed to fetch concepts for stock. code=688136, market=SH, message=403 Forbidden: "<h1>Nginx forbidden.</h1> <br/>request info: 240e:b87:1f6:d800:a504:b4a9:1b4d:4897<EOL>"
2026-04-21T23:03:51.720+08:00  WARN 20416 --- [inker] [nio-8083-exec-3] c.i.b.s.provider.EastMoneyStockProvider  : Failed to fetch concepts for stock. code=688137, market=SH, message=403 Forbidden: "<h1>Nginx forbidden.</h1> <br/>request info: 240e:b87:1f6:d800:a504:b4a9:1b4d:4897<EOL>"
2026-04-21T23:03:51.765+08:00  WARN 20416 --- [inker] [nio-8083-exec-3] c.i.b.s.provider.EastMoneyStockProvider  : Failed to fetch concepts for stock. code=688138, market=SH, message=403 Forbidden: "<h1>Nginx forbidden.</h1> <br/>request info: 240e:b87:1f6:d800:a504:b4a9:1b4d:4897<EOL>"
2026-04-21T23:03:51.814+08:00  WARN 20416 --- [inker] [nio-8083-exec-3] c.i.b.s.provider.EastMoneyStockProvider  : Failed to fetch concepts for stock. code=688139, market=SH, message=403 Forbidden: "<h1>Nginx forbidden.</h1> <br/>request info: 240e:b87:1f6:d800:a504:b4a9:1b4d:4897<EOL>"
2026-04-21T23:03:51.862+08:00  WARN 20416 --- [inker] [nio-8083-exec-3] c.i.b.s.provider.EastMoneyStockProvider  : Failed to fetch concepts for stock. code=688141, market=SH, message=403 Forbidden: "<h1>Nginx forbidden.</h1> <br/>request info: 240e:b87:1f6:d800:a504:b4a9:1b4d:4897<EOL>"
2026-04-21T23:03:51.911+08:00  WARN 20416 --- [inker] [nio-8083-exec-3] c.i.b.s.provider.EastMoneyStockProvider  : Failed to fetch concepts for stock. code=688143, market=SH, message=403 Forbidden: "<h1>Nginx forbidden.</h1> <br/>request info: 240e:b87:1f6:d800:a504:b4a9:1b4d:4897<EOL>"
2026-04-21T23:03:51.957+08:00  WARN 20416 --- [inker] [nio-8083-exec-3] c.i.b.s.provider.EastMoneyStockProvider  : Failed to fetch concepts for stock. code=688146, market=SH, message=403 Forbidden: "<h1>Nginx forbidden.</h1> <br/>request info: 240e:b87:1f6:d800:a504:b4a9:1b4d:4897<EOL>"
2026-04-21T23:03:52.007+08:00  WARN 20416 --- [inker] [nio-8083-exec-3] c.i.b.s.provider.EastMoneyStockProvider  : Failed to fetch concepts for stock. code=688147, market=SH, message=403 Forbidden: "<h1>Nginx forbidden.</h1> <br/>request info: 240e:b87:1f6:d800:a504:b4a9:1b4d:4897<EOL>"
2026-04-21T23:03:52.050+08:00  WARN 20416 --- [inker] [nio-8083-exec-3] c.i.b.s.provider.EastMoneyStockProvider  : Failed to fetch concepts for stock. code=688148, market=SH, message=403 Forbidden: "<h1>Nginx forbidden.</h1> <br/>request info: 240e:b87:1f6:d800:a504:b4a9:1b4d:4897<EOL>"
2026-04-21T23:03:52.098+08:00  WARN 20416 --- [inker] [nio-8083-exec-3] c.i.b.s.provider.EastMoneyStockProvider  : Failed to fetch concepts for stock. code=688150, market=SH, message=403 Forbidden: "<h1>Nginx forbidden.</h1> <br/>request info: 240e:b87:1f6:d800:a504:b4a9:1b4d:4897<EOL>"
2026-04-21T23:03:52.141+08:00  WARN 20416 --- [inker] [nio-8083-exec-3] c.i.b.s.provider.EastMoneyStockProvider  : Failed to fetch concepts for stock. code=688151, market=SH, message=403 Forbidden: "<h1>Nginx forbidden.</h1> <br/>request info: 240e:b87:1f6:d800:a504:b4a9:1b4d:4897<EOL>"
2026-04-21T23:03:52.189+08:00  WARN 20416 --- [inker] [nio-8083-exec-3] c.i.b.s.provider.EastMoneyStockProvider  : Failed to fetch concepts for stock. code=688152, market=SH, message=403 Forbidden: "<h1>Nginx forbidden.</h1> <br/>request info: 240e:b87:1f6:d800:a504:b4a9:1b4d:4897<EOL>"
2026-04-21T23:03:52.234+08:00  WARN 20416 --- [inker] [nio-8083-exec-3] c.i.b.s.provider.EastMoneyStockProvider  : Failed to fetch concepts for stock. code=688153, market=SH, message=403 Forbidden: "<h1>Nginx forbidden.</h1> <br/>request info: 240e:b87:1f6:d800:a504:b4a9:1b4d:4897<EOL>"
2026-04-21T23:03:52.277+08:00  WARN 20416 --- [inker] [nio-8083-exec-3] c.i.b.s.provider.EastMoneyStockProvider  : Failed to fetch concepts for stock. code=688155, market=SH, message=403 Forbidden: "<h1>Nginx forbidden.</h1> <br/>request info: 240e:b87:1f6:d800:a504:b4a9:1b4d:4897<EOL>"
2026-04-21T23:03:52.320+08:00  WARN 20416 --- [inker] [nio-8083-exec-3] c.i.b.s.provider.EastMoneyStockProvider  : Failed to fetch concepts for stock. code=688156, market=SH, message=403 Forbidden: "<h1>Nginx forbidden.</h1> <br/>request info: 240e:b87:1f6:d800:a504:b4a9:1b4d:4897<EOL>"
2026-04-21T23:03:52.366+08:00  WARN 20416 --- [inker] [nio-8083-exec-3] c.i.b.s.provider.EastMoneyStockProvider  : Failed to fetch concepts for stock. code=688157, market=SH, message=403 Forbidden: "<h1>Nginx forbidden.</h1> <br/>request info: 240e:b87:1f6:d800:a504:b4a9:1b4d:4897<EOL>"
2026-04-21T23:03:52.413+08:00  WARN 20416 --- [inker] [nio-8083-exec-3] c.i.b.s.provider.EastMoneyStockProvider  : Failed to fetch concepts for stock. code=688158, market=SH, message=403 Forbidden: "<h1>Nginx forbidden.</h1> <br/>request info: 240e:b87:1f6:d800:a504:b4a9:1b4d:4897<EOL>"
2026-04-21T23:03:52.455+08:00  WARN 20416 --- [inker] [nio-8083-exec-3] c.i.b.s.provider.EastMoneyStockProvider  : Failed to fetch concepts for stock. code=688159, market=SH, message=403 Forbidden: "<h1>Nginx forbidden.</h1> <br/>request info: 240e:b87:1f6:d800:a504:b4a9:1b4d:4897<EOL>"
2026-04-21T23:03:52.498+08:00  WARN 20416 --- [inker] [nio-8083-exec-3] c.i.b.s.provider.EastMoneyStockProvider  : Failed to fetch concepts for stock. code=688160, market=SH, message=403 Forbidden: "<h1>Nginx forbidden.</h1> <br/>request info: 240e:b87:1f6:d800:a504:b4a9:1b4d:4897<EOL>"
2026-04-21T23:03:52.545+08:00  WARN 20416 --- [inker] [nio-8083-exec-3] c.i.b.s.provider.EastMoneyStockProvider  : Failed to fetch concepts for stock. code=688161, market=SH, message=403 Forbidden: "<h1>Nginx forbidden.</h1> <br/>request info: 240e:b87:1f6:d800:a504:b4a9:1b4d:4897<EOL>"
2026-04-21T23:03:52.594+08:00  WARN 20416 --- [inker] [nio-8083-exec-3] c.i.b.s.provider.EastMoneyStockProvider  : Failed to fetch concepts for stock. code=688162, market=SH, message=403 Forbidden: "<h1>Nginx forbidden.</h1> <br/>request info: 240e:b87:1f6:d800:a504:b4a9:1b4d:4897<EOL>"
2026-04-21T23:03:52.637+08:00  WARN 20416 --- [inker] [nio-8083-exec-3] c.i.b.s.provider.EastMoneyStockProvider  : Failed to fetch concepts for stock. code=688163, market=SH, message=403 Forbidden: "<h1>Nginx forbidden.</h1> <br/>request info: 240e:b87:1f6:d800:a504:b4a9:1b4d:4897<EOL>"
2026-04-21T23:03:52.683+08:00  WARN 20416 --- [inker] [nio-8083-exec-3] c.i.b.s.provider.EastMoneyStockProvider  : Failed to fetch concepts for stock. code=688165, market=SH, message=403 Forbidden: "<h1>Nginx forbidden.</h1> <br/>request info: 240e:b87:1f6:d800:a504:b4a9:1b4d:4897<EOL>"
2026-04-21T23:03:52.725+08:00  WARN 20416 --- [inker] [nio-8083-exec-3] c.i.b.s.provider.EastMoneyStockProvider  : Failed to fetch concepts for stock. code=688166, market=SH, message=403 Forbidden: "<h1>Nginx forbidden.</h1> <br/>request info: 240e:b87:1f6:d800:a504:b4a9:1b4d:4897<EOL>"
2026-04-21T23:03:52.772+08:00  WARN 20416 --- [inker] [nio-8083-exec-3] c.i.b.s.provider.EastMoneyStockProvider  : Failed to fetch concepts for stock. code=688167, market=SH, message=403 Forbidden: "<h1>Nginx forbidden.</h1> <br/>request info: 240e:b87:1f6:d800:a504:b4a9:1b4d:4897<EOL>"
2026-04-21T23:03:52.816+08:00  WARN 20416 --- [inker] [nio-8083-exec-3] c.i.b.s.provider.EastMoneyStockProvider  : Failed to fetch concepts for stock. code=688168, market=SH, message=403 Forbidden: "<h1>Nginx forbidden.</h1> <br/>request info: 240e:b87:1f6:d800:a504:b4a9:1b4d:4897<EOL>"
2026-04-21T23:03:52.866+08:00  WARN 20416 --- [inker] [nio-8083-exec-3] c.i.b.s.provider.EastMoneyStockProvider  : Failed to fetch concepts for stock. code=688169, market=SH, message=403 Forbidden: "<h1>Nginx forbidden.</h1> <br/>request info: 240e:b87:1f6:d800:a504:b4a9:1b4d:4897<EOL>"
2026-04-21T23:03:52.911+08:00  WARN 20416 --- [inker] [nio-8083-exec-3] c.i.b.s.provider.EastMoneyStockProvider  : Failed to fetch concepts for stock. code=688170, market=SH, message=403 Forbidden: "<h1>Nginx forbidden.</h1> <br/>request info: 240e:b87:1f6:d800:a504:b4a9:1b4d:4897<EOL>"
2026-04-21T23:03:52.954+08:00  WARN 20416 --- [inker] [nio-8083-exec-3] c.i.b.s.provider.EastMoneyStockProvider  : Failed to fetch concepts for stock. code=688171, market=SH, message=403 Forbidden: "<h1>Nginx forbidden.</h1> <br/>request info: 240e:b87:1f6:d800:a504:b4a9:1b4d:4897<EOL>"
2026-04-21T23:03:53.005+08:00  WARN 20416 --- [inker] [nio-8083-exec-3] c.i.b.s.provider.EastMoneyStockProvider  : Failed to fetch concepts for stock. code=688172, market=SH, message=403 Forbidden: "<h1>Nginx forbidden.</h1> <br/>request info: 240e:b87:1f6:d800:a504:b4a9:1b4d:4897<EOL>"
2026-04-21T23:03:53.049+08:00  WARN 20416 --- [inker] [nio-8083-exec-3] c.i.b.s.provider.EastMoneyStockProvider  : Failed to fetch concepts for stock. code=688173, market=SH, message=403 Forbidden: "<h1>Nginx forbidden.</h1> <br/>request info: 240e:b87:1f6:d800:a504:b4a9:1b4d:4897<EOL>"
2026-04-21T23:03:53.095+08:00  WARN 20416 --- [inker] [nio-8083-exec-3] c.i.b.s.provider.EastMoneyStockProvider  : Failed to fetch concepts for stock. code=688175, market=SH, message=403 Forbidden: "<h1>Nginx forbidden.</h1> <br/>request info: 240e:b87:1f6:d800:a504:b4a9:1b4d:4897<EOL>"
2026-04-21T23:03:53.138+08:00  WARN 20416 --- [inker] [nio-8083-exec-3] c.i.b.s.provider.EastMoneyStockProvider  : Failed to fetch concepts for stock. code=688176, market=SH, message=403 Forbidden: "<h1>Nginx forbidden.</h1> <br/>request info: 240e:b87:1f6:d800:a504:b4a9:1b4d:4897<EOL>"
2026-04-21T23:03:53.187+08:00  WARN 20416 --- [inker] [nio-8083-exec-3] c.i.b.s.provider.EastMoneyStockProvider  : Failed to fetch concepts for stock. code=688177, market=SH, message=403 Forbidden: "<h1>Nginx forbidden.</h1> <br/>request info: 240e:b87:1f6:d800:a504:b4a9:1b4d:4897<EOL>"
2026-04-21T23:03:53.232+08:00  WARN 20416 --- [inker] [nio-8083-exec-3] c.i.b.s.provider.EastMoneyStockProvider  : Failed to fetch concepts for stock. code=688178, market=SH, message=403 Forbidden: "<h1>Nginx forbidden.</h1> <br/>request info: 240e:b87:1f6:d800:a504:b4a9:1b4d:4897<EOL>"
2026-04-21T23:03:53.276+08:00  WARN 20416 --- [inker] [nio-8083-exec-3] c.i.b.s.provider.EastMoneyStockProvider  : Failed to fetch concepts for stock. code=688179, market=SH, message=403 Forbidden: "<h1>Nginx forbidden.</h1> <br/>request info: 240e:b87:1f6:d800:a504:b4a9:1b4d:4897<EOL>"
2026-04-21T23:03:53.324+08:00  WARN 20416 --- [inker] [nio-8083-exec-3] c.i.b.s.provider.EastMoneyStockProvider  : Failed to fetch concepts for stock. code=688180, market=SH, message=403 Forbidden: "<h1>Nginx forbidden.</h1> <br/>request info: 240e:b87:1f6:d800:a504:b4a9:1b4d:4897<EOL>"
2026-04-21T23:03:53.370+08:00  WARN 20416 --- [inker] [nio-8083-exec-3] c.i.b.s.provider.EastMoneyStockProvider  : Failed to fetch concepts for stock. code=688181, market=SH, message=403 Forbidden: "<h1>Nginx forbidden.</h1> <br/>request info: 240e:b87:1f6:d800:a504:b4a9:1b4d:4897<EOL>"
2026-04-21T23:03:53.417+08:00  WARN 20416 --- [inker] [nio-8083-exec-3] c.i.b.s.provider.EastMoneyStockProvider  : Failed to fetch concepts for stock. code=688182, market=SH, message=403 Forbidden: "<h1>Nginx forbidden.</h1> <br/>request info: 240e:b87:1f6:d800:a504:b4a9:1b4d:4897<EOL>"
2026-04-21T23:03:53.465+08:00  WARN 20416 --- [inker] [nio-8083-exec-3] c.i.b.s.provider.EastMoneyStockProvider  : Failed to fetch concepts for stock. code=688183, market=SH, message=403 Forbidden: "<h1>Nginx forbidden.</h1> <br/>request info: 240e:b87:1f6:d800:a504:b4a9:1b4d:4897<EOL>"
2026-04-21T23:03:53.511+08:00  WARN 20416 --- [inker] [nio-8083-exec-3] c.i.b.s.provider.EastMoneyStockProvider  : Failed to fetch concepts for stock. code=688185, market=SH, message=403 Forbidden: "<h1>Nginx forbidden.</h1> <br/>request info: 240e:b87:1f6:d800:a504:b4a9:1b4d:4897<EOL>"
2026-04-21T23:03:53.558+08:00  WARN 20416 --- [inker] [nio-8083-exec-3] c.i.b.s.provider.EastMoneyStockProvider  : Failed to fetch concepts for stock. code=688186, market=SH, message=403 Forbidden: "<h1>Nginx forbidden.</h1> <br/>request info: 240e:b87:1f6:d800:a504:b4a9:1b4d:4897<EOL>"
2026-04-21T23:03:53.601+08:00  WARN 20416 --- [inker] [nio-8083-exec-3] c.i.b.s.provider.EastMoneyStockProvider  : Failed to fetch concepts for stock. code=688187, market=SH, message=403 Forbidden: "<h1>Nginx forbidden.</h1> <br/>request info: 240e:b87:1f6:d800:a504:b4a9:1b4d:4897<EOL>"
2026-04-21T23:03:53.648+08:00  WARN 20416 --- [inker] [nio-8083-exec-3] c.i.b.s.provider.EastMoneyStockProvider  : Failed to fetch concepts for stock. code=688188, market=SH, message=403 Forbidden: "<h1>Nginx forbidden.</h1> <br/>request info: 240e:b87:1f6:d800:a504:b4a9:1b4d:4897<EOL>"
2026-04-21T23:03:53.693+08:00  WARN 20416 --- [inker] [nio-8083-exec-3] c.i.b.s.provider.EastMoneyStockProvider  : Failed to fetch concepts for stock. code=688189, market=SH, message=403 Forbidden: "<h1>Nginx forbidden.</h1> <br/>request info: 240e:b87:1f6:d800:a504:b4a9:1b4d:4897<EOL>"
2026-04-21T23:03:53.742+08:00  WARN 20416 --- [inker] [nio-8083-exec-3] c.i.b.s.provider.EastMoneyStockProvider  : Failed to fetch concepts for stock. code=688190, market=SH, message=403 Forbidden: "<h1>Nginx forbidden.</h1> <br/>request info: 240e:b87:1f6:d800:a504:b4a9:1b4d:4897<EOL>"
2026-04-21T23:03:53.790+08:00  WARN 20416 --- [inker] [nio-8083-exec-3] c.i.b.s.provider.EastMoneyStockProvider  : Failed to fetch concepts for stock. code=688191, market=SH, message=403 Forbidden: "<h1>Nginx forbidden.</h1> <br/>request info: 240e:b87:1f6:d800:a504:b4a9:1b4d:4897<EOL>"
2026-04-21T23:03:53.836+08:00  WARN 20416 --- [inker] [nio-8083-exec-3] c.i.b.s.provider.EastMoneyStockProvider  : Failed to fetch concepts for stock. code=688192, market=SH, message=403 Forbidden: "<h1>Nginx forbidden.</h1> <br/>request info: 240e:b87:1f6:d800:a504:b4a9:1b4d:4897<EOL>"
2026-04-21T23:03:53.884+08:00  WARN 20416 --- [inker] [nio-8083-exec-3] c.i.b.s.provider.EastMoneyStockProvider  : Failed to fetch concepts for stock. code=688193, market=SH, message=403 Forbidden: "<h1>Nginx forbidden.</h1> <br/>request info: 240e:b87:1f6:d800:a504:b4a9:1b4d:4897<EOL>"
2026-04-21T23:03:53.928+08:00  WARN 20416 --- [inker] [nio-8083-exec-3] c.i.b.s.provider.EastMoneyStockProvider  : Failed to fetch concepts for stock. code=688195, market=SH, message=403 Forbidden: "<h1>Nginx forbidden.</h1> <br/>request info: 240e:b87:1f6:d800:a504:b4a9:1b4d:4897<EOL>"
2026-04-21T23:03:53.974+08:00  WARN 20416 --- [inker] [nio-8083-exec-3] c.i.b.s.provider.EastMoneyStockProvider  : Failed to fetch concepts for stock. code=688196, market=SH, message=403 Forbidden: "<h1>Nginx forbidden.</h1> <br/>request info: 240e:b87:1f6:d800:a504:b4a9:1b4d:4897<EOL>"
2026-04-21T23:03:54.019+08:00  WARN 20416 --- [inker] [nio-8083-exec-3] c.i.b.s.provider.EastMoneyStockProvider  : Failed to fetch concepts for stock. code=688197, market=SH, message=403 Forbidden: "<h1>Nginx forbidden.</h1> <br/>request info: 240e:b87:1f6:d800:a504:b4a9:1b4d:4897<EOL>"
2026-04-21T23:03:54.062+08:00  WARN 20416 --- [inker] [nio-8083-exec-3] c.i.b.s.provider.EastMoneyStockProvider  : Failed to fetch concepts for stock. code=688198, market=SH, message=403 Forbidden: "<h1>Nginx forbidden.</h1> <br/>request info: 240e:b87:1f6:d800:a504:b4a9:1b4d:4897<EOL>"
2026-04-21T23:03:54.110+08:00  WARN 20416 --- [inker] [nio-8083-exec-3] c.i.b.s.provider.EastMoneyStockProvider  : Failed to fetch concepts for stock. code=688199, market=SH, message=403 Forbidden: "<h1>Nginx forbidden.</h1> <br/>request info: 240e:b87:1f6:d800:a504:b4a9:1b4d:4897<EOL>"
2026-04-21T23:03:54.166+08:00  WARN 20416 --- [inker] [nio-8083-exec-3] c.i.b.s.provider.EastMoneyStockProvider  : Failed to fetch concepts for stock. code=688200, market=SH, message=403 Forbidden: "<h1>Nginx forbidden.</h1> <br/>request info: 240e:b87:1f6:d800:a504:b4a9:1b4d:4897<EOL>"
2026-04-21T23:03:54.322+08:00  WARN 20416 --- [inker] [nio-8083-exec-3] c.i.b.s.provider.EastMoneyStockProvider  : Failed to fetch concepts for stock. code=688201, market=SH, message=403 Forbidden: "<h1>Nginx forbidden.</h1> <br/>request info: 240e:b87:1f6:d800:a504:b4a9:1b4d:4897<EOL>"
2026-04-21T23:03:54.369+08:00  WARN 20416 --- [inker] [nio-8083-exec-3] c.i.b.s.provider.EastMoneyStockProvider  : Failed to fetch concepts for stock. code=688202, market=SH, message=403 Forbidden: "<h1>Nginx forbidden.</h1> <br/>request info: 240e:b87:1f6:d800:a504:b4a9:1b4d:4897<EOL>"
2026-04-21T23:03:54.810+08:00  WARN 20416 --- [inker] [nio-8083-exec-3] c.i.b.s.provider.EastMoneyStockProvider  : Failed to fetch concepts for stock. code=688203, market=SH, message=403 Forbidden: "<h1>Nginx forbidden.</h1> <br/>request info: 240e:b87:1f6:d800:a504:b4a9:1b4d:4897<EOL>"
2026-04-21T23:03:54.861+08:00  WARN 20416 --- [inker] [nio-8083-exec-3] c.i.b.s.provider.EastMoneyStockProvider  : Failed to fetch concepts for stock. code=688205, market=SH, message=403 Forbidden: "<h1>Nginx forbidden.</h1> <br/>request info: 240e:b87:1f6:d800:a504:b4a9:1b4d:4897<EOL>"
2026-04-21T23:03:54.908+08:00  WARN 20416 --- [inker] [nio-8083-exec-3] c.i.b.s.provider.EastMoneyStockProvider  : Failed to fetch concepts for stock. code=688206, market=SH, message=403 Forbidden: "<h1>Nginx forbidden.</h1> <br/>request info: 240e:b87:1f6:d800:a504:b4a9:1b4d:4897<EOL>"
2026-04-21T23:03:54.955+08:00  WARN 20416 --- [inker] [nio-8083-exec-3] c.i.b.s.provider.EastMoneyStockProvider  : Failed to fetch concepts for stock. code=688207, market=SH, message=403 Forbidden: "<h1>Nginx forbidden.</h1> <br/>request info: 240e:b87:1f6:d800:a504:b4a9:1b4d:4897<EOL>"
2026-04-21T23:03:55.003+08:00  WARN 20416 --- [inker] [nio-8083-exec-3] c.i.b.s.provider.EastMoneyStockProvider  : Failed to fetch concepts for stock. code=688208, market=SH, message=403 Forbidden: "<h1>Nginx forbidden.</h1> <br/>request info: 240e:b87:1f6:d800:a504:b4a9:1b4d:4897<EOL>"
2026-04-21T23:03:55.046+08:00  WARN 20416 --- [inker] [nio-8083-exec-3] c.i.b.s.provider.EastMoneyStockProvider  : Failed to fetch concepts for stock. code=688209, market=SH, message=403 Forbidden: "<h1>Nginx forbidden.</h1> <br/>request info: 240e:b87:1f6:d800:a504:b4a9:1b4d:4897<EOL>"
2026-04-21T23:03:55.089+08:00  WARN 20416 --- [inker] [nio-8083-exec-3] c.i.b.s.provider.EastMoneyStockProvider  : Failed to fetch concepts for stock. code=688210, market=SH, message=403 Forbidden: "<h1>Nginx forbidden.</h1> <br/>request info: 240e:b87:1f6:d800:a504:b4a9:1b4d:4897<EOL>"
2026-04-21T23:03:55.135+08:00  WARN 20416 --- [inker] [nio-8083-exec-3] c.i.b.s.provider.EastMoneyStockProvider  : Failed to fetch concepts for stock. code=688211, market=SH, message=403 Forbidden: "<h1>Nginx forbidden.</h1> <br/>request info: 240e:b87:1f6:d800:a504:b4a9:1b4d:4897<EOL>"
2026-04-21T23:03:55.181+08:00  WARN 20416 --- [inker] [nio-8083-exec-3] c.i.b.s.provider.EastMoneyStockProvider  : Failed to fetch concepts for stock. code=688212, market=SH, message=403 Forbidden: "<h1>Nginx forbidden.</h1> <br/>request info: 240e:b87:1f6:d800:a504:b4a9:1b4d:4897<EOL>"
2026-04-21T23:03:55.227+08:00  WARN 20416 --- [inker] [nio-8083-exec-3] c.i.b.s.provider.EastMoneyStockProvider  : Failed to fetch concepts for stock. code=688213, market=SH, message=403 Forbidden: "<h1>Nginx forbidden.</h1> <br/>request info: 240e:b87:1f6:d800:a504:b4a9:1b4d:4897<EOL>"
2026-04-21T23:03:55.273+08:00  WARN 20416 --- [inker] [nio-8083-exec-3] c.i.b.s.provider.EastMoneyStockProvider  : Failed to fetch concepts for stock. code=688215, market=SH, message=403 Forbidden: "<h1>Nginx forbidden.</h1> <br/>request info: 240e:b87:1f6:d800:a504:b4a9:1b4d:4897<EOL>"
2026-04-21T23:03:55.317+08:00  WARN 20416 --- [inker] [nio-8083-exec-3] c.i.b.s.provider.EastMoneyStockProvider  : Failed to fetch concepts for stock. code=688216, market=SH, message=403 Forbidden: "<h1>Nginx forbidden.</h1> <br/>request info: 240e:b87:1f6:d800:a504:b4a9:1b4d:4897<EOL>"
2026-04-21T23:03:55.366+08:00  WARN 20416 --- [inker] [nio-8083-exec-3] c.i.b.s.provider.EastMoneyStockProvider  : Failed to fetch concepts for stock. code=688217, market=SH, message=403 Forbidden: "<h1>Nginx forbidden.</h1> <br/>request info: 240e:b87:1f6:d800:a504:b4a9:1b4d:4897<EOL>"
2026-04-21T23:03:55.410+08:00  WARN 20416 --- [inker] [nio-8083-exec-3] c.i.b.s.provider.EastMoneyStockProvider  : Failed to fetch concepts for stock. code=688218, market=SH, message=403 Forbidden: "<h1>Nginx forbidden.</h1> <br/>request info: 240e:b87:1f6:d800:a504:b4a9:1b4d:4897<EOL>"
2026-04-21T23:03:55.458+08:00  WARN 20416 --- [inker] [nio-8083-exec-3] c.i.b.s.provider.EastMoneyStockProvider  : Failed to fetch concepts for stock. code=688219, market=SH, message=403 Forbidden: "<h1>Nginx forbidden.</h1> <br/>request info: 240e:b87:1f6:d800:a504:b4a9:1b4d:4897<EOL>"
2026-04-21T23:03:55.507+08:00  WARN 20416 --- [inker] [nio-8083-exec-3] c.i.b.s.provider.EastMoneyStockProvider  : Failed to fetch concepts for stock. code=688220, market=SH, message=403 Forbidden: "<h1>Nginx forbidden.</h1> <br/>request info: 240e:b87:1f6:d800:a504:b4a9:1b4d:4897<EOL>"
2026-04-21T23:03:55.550+08:00  WARN 20416 --- [inker] [nio-8083-exec-3] c.i.b.s.provider.EastMoneyStockProvider  : Failed to fetch concepts for stock. code=688221, market=SH, message=403 Forbidden: "<h1>Nginx forbidden.</h1> <br/>request info: 240e:b87:1f6:d800:a504:b4a9:1b4d:4897<EOL>"
2026-04-21T23:03:55.594+08:00  WARN 20416 --- [inker] [nio-8083-exec-3] c.i.b.s.provider.EastMoneyStockProvider  : Failed to fetch concepts for stock. code=688222, market=SH, message=403 Forbidden: "<h1>Nginx forbidden.</h1> <br/>request info: 240e:b87:1f6:d800:a504:b4a9:1b4d:4897<EOL>"
2026-04-21T23:03:55.637+08:00  WARN 20416 --- [inker] [nio-8083-exec-3] c.i.b.s.provider.EastMoneyStockProvider  : Failed to fetch concepts for stock. code=688223, market=SH, message=403 Forbidden: "<h1>Nginx forbidden.</h1> <br/>request info: 240e:b87:1f6:d800:a504:b4a9:1b4d:4897<EOL>"
2026-04-21T23:03:55.703+08:00  WARN 20416 --- [inker] [nio-8083-exec-3] c.i.b.s.provider.EastMoneyStockProvider  : Failed to fetch concepts for stock. code=688225, market=SH, message=403 Forbidden: "<h1>Nginx forbidden.</h1> <br/>request info: 240e:b87:1f6:d800:a504:b4a9:1b4d:4897<EOL>"
2026-04-21T23:03:55.749+08:00  WARN 20416 --- [inker] [nio-8083-exec-3] c.i.b.s.provider.EastMoneyStockProvider  : Failed to fetch concepts for stock. code=688226, market=SH, message=403 Forbidden: "<h1>Nginx forbidden.</h1> <br/>request info: 240e:b87:1f6:d800:a504:b4a9:1b4d:4897<EOL>"
2026-04-21T23:03:55.795+08:00  WARN 20416 --- [inker] [nio-8083-exec-3] c.i.b.s.provider.EastMoneyStockProvider  : Failed to fetch concepts for stock. code=688227, market=SH, message=403 Forbidden: "<h1>Nginx forbidden.</h1> <br/>request info: 240e:b87:1f6:d800:a504:b4a9:1b4d:4897<EOL>"
2026-04-21T23:03:55.842+08:00  WARN 20416 --- [inker] [nio-8083-exec-3] c.i.b.s.provider.EastMoneyStockProvider  : Failed to fetch concepts for stock. code=688228, market=SH, message=403 Forbidden: "<h1>Nginx forbidden.</h1> <br/>request info: 240e:b87:1f6:d800:a504:b4a9:1b4d:4897<EOL>"
2026-04-21T23:03:55.888+08:00  WARN 20416 --- [inker] [nio-8083-exec-3] c.i.b.s.provider.EastMoneyStockProvider  : Failed to fetch concepts for stock. code=688229, market=SH, message=403 Forbidden: "<h1>Nginx forbidden.</h1> <br/>request info: 240e:b87:1f6:d800:a504:b4a9:1b4d:4897<EOL>"
2026-04-21T23:03:55.938+08:00  WARN 20416 --- [inker] [nio-8083-exec-3] c.i.b.s.provider.EastMoneyStockProvider  : Failed to fetch concepts for stock. code=688230, market=SH, message=403 Forbidden: "<h1>Nginx forbidden.</h1> <br/>request info: 240e:b87:1f6:d800:a504:b4a9:1b4d:4897<EOL>"
2026-04-21T23:03:55.987+08:00  WARN 20416 --- [inker] [nio-8083-exec-3] c.i.b.s.provider.EastMoneyStockProvider  : Failed to fetch concepts for stock. code=688231, market=SH, message=403 Forbidden: "<h1>Nginx forbidden.</h1> <br/>request info: 240e:b87:1f6:d800:a504:b4a9:1b4d:4897<EOL>"
2026-04-21T23:03:56.035+08:00  WARN 20416 --- [inker] [nio-8083-exec-3] c.i.b.s.provider.EastMoneyStockProvider  : Failed to fetch concepts for stock. code=688232, market=SH, message=403 Forbidden: "<h1>Nginx forbidden.</h1> <br/>request info: 240e:b87:1f6:d800:a504:b4a9:1b4d:4897<EOL>"
2026-04-21T23:03:56.084+08:00  WARN 20416 --- [inker] [nio-8083-exec-3] c.i.b.s.provider.EastMoneyStockProvider  : Failed to fetch concepts for stock. code=688233, market=SH, message=403 Forbidden: "<h1>Nginx forbidden.</h1> <br/>request info: 240e:b87:1f6:d800:a504:b4a9:1b4d:4897<EOL>"
2026-04-21T23:03:56.133+08:00  WARN 20416 --- [inker] [nio-8083-exec-3] c.i.b.s.provider.EastMoneyStockProvider  : Failed to fetch concepts for stock. code=688234, market=SH, message=403 Forbidden: "<h1>Nginx forbidden.</h1> <br/>request info: 240e:b87:1f6:d800:a504:b4a9:1b4d:4897<EOL>"
2026-04-21T23:03:56.176+08:00  WARN 20416 --- [inker] [nio-8083-exec-3] c.i.b.s.provider.EastMoneyStockProvider  : Failed to fetch concepts for stock. code=688235, market=SH, message=403 Forbidden: "<h1>Nginx forbidden.</h1> <br/>request info: 240e:b87:1f6:d800:a504:b4a9:1b4d:4897<EOL>"
2026-04-21T23:03:56.260+08:00  WARN 20416 --- [inker] [nio-8083-exec-3] c.i.b.s.provider.EastMoneyStockProvider  : Failed to fetch concepts for stock. code=688236, market=SH, message=403 Forbidden: "<h1>Nginx forbidden.</h1> <br/>request info: 240e:b87:1f6:d800:a504:b4a9:1b4d:4897<EOL>"
2026-04-21T23:03:56.304+08:00  WARN 20416 --- [inker] [nio-8083-exec-3] c.i.b.s.provider.EastMoneyStockProvider  : Failed to fetch concepts for stock. code=688237, market=SH, message=403 Forbidden: "<h1>Nginx forbidden.</h1> <br/>request info: 240e:b87:1f6:d800:a504:b4a9:1b4d:4897<EOL>"
2026-04-21T23:03:56.384+08:00  WARN 20416 --- [inker] [nio-8083-exec-3] c.i.b.s.provider.EastMoneyStockProvider  : Failed to fetch concepts for stock. code=688238, market=SH, message=403 Forbidden: "<h1>Nginx forbidden.</h1> <br/>request info: 240e:b87:1f6:d800:a504:b4a9:1b4d:4897<EOL>"
2026-04-21T23:03:56.428+08:00  WARN 20416 --- [inker] [nio-8083-exec-3] c.i.b.s.provider.EastMoneyStockProvider  : Failed to fetch concepts for stock. code=688239, market=SH, message=403 Forbidden: "<h1>Nginx forbidden.</h1> <br/>request info: 240e:b87:1f6:d800:a504:b4a9:1b4d:4897<EOL>"
2026-04-21T23:03:56.476+08:00  WARN 20416 --- [inker] [nio-8083-exec-3] c.i.b.s.provider.EastMoneyStockProvider  : Failed to fetch concepts for stock. code=688244, market=SH, message=403 Forbidden: "<h1>Nginx forbidden.</h1> <br/>request info: 240e:b87:1f6:d800:a504:b4a9:1b4d:4897<EOL>"
2026-04-21T23:03:56.524+08:00  WARN 20416 --- [inker] [nio-8083-exec-3] c.i.b.s.provider.EastMoneyStockProvider  : Failed to fetch concepts for stock. code=688246, market=SH, message=403 Forbidden: "<h1>Nginx forbidden.</h1> <br/>request info: 240e:b87:1f6:d800:a504:b4a9:1b4d:4897<EOL>"
2026-04-21T23:03:56.566+08:00  WARN 20416 --- [inker] [nio-8083-exec-3] c.i.b.s.provider.EastMoneyStockProvider  : Failed to fetch concepts for stock. code=688247, market=SH, message=403 Forbidden: "<h1>Nginx forbidden.</h1> <br/>request info: 240e:b87:1f6:d800:a504:b4a9:1b4d:4897<EOL>"
2026-04-21T23:03:56.609+08:00  WARN 20416 --- [inker] [nio-8083-exec-3] c.i.b.s.provider.EastMoneyStockProvider  : Failed to fetch concepts for stock. code=688248, market=SH, message=403 Forbidden: "<h1>Nginx forbidden.</h1> <br/>request info: 240e:b87:1f6:d800:a504:b4a9:1b4d:4897<EOL>"
2026-04-21T23:03:56.653+08:00  WARN 20416 --- [inker] [nio-8083-exec-3] c.i.b.s.provider.EastMoneyStockProvider  : Failed to fetch concepts for stock. code=688249, market=SH, message=403 Forbidden: "<h1>Nginx forbidden.</h1> <br/>request info: 240e:b87:1f6:d800:a504:b4a9:1b4d:4897<EOL>"
2026-04-21T23:03:56.701+08:00  WARN 20416 --- [inker] [nio-8083-exec-3] c.i.b.s.provider.EastMoneyStockProvider  : Failed to fetch concepts for stock. code=688251, market=SH, message=403 Forbidden: "<h1>Nginx forbidden.</h1> <br/>request info: 240e:b87:1f6:d800:a504:b4a9:1b4d:4897<EOL>"
2026-04-21T23:03:56.744+08:00  WARN 20416 --- [inker] [nio-8083-exec-3] c.i.b.s.provider.EastMoneyStockProvider  : Failed to fetch concepts for stock. code=688252, market=SH, message=403 Forbidden: "<h1>Nginx forbidden.</h1> <br/>request info: 240e:b87:1f6:d800:a504:b4a9:1b4d:4897<EOL>"
2026-04-21T23:03:56.786+08:00  WARN 20416 --- [inker] [nio-8083-exec-3] c.i.b.s.provider.EastMoneyStockProvider  : Failed to fetch concepts for stock. code=688253, market=SH, message=403 Forbidden: "<h1>Nginx forbidden.</h1> <br/>request info: 240e:b87:1f6:d800:a504:b4a9:1b4d:4897<EOL>"
2026-04-21T23:03:56.838+08:00  WARN 20416 --- [inker] [nio-8083-exec-3] c.i.b.s.provider.EastMoneyStockProvider  : Failed to fetch concepts for stock. code=688255, market=SH, message=403 Forbidden: "<h1>Nginx forbidden.</h1> <br/>request info: 240e:b87:1f6:d800:a504:b4a9:1b4d:4897<EOL>"
2026-04-21T23:03:56.883+08:00  WARN 20416 --- [inker] [nio-8083-exec-3] c.i.b.s.provider.EastMoneyStockProvider  : Failed to fetch concepts for stock. code=688256, market=SH, message=403 Forbidden: "<h1>Nginx forbidden.</h1> <br/>request info: 240e:b87:1f6:d800:a504:b4a9:1b4d:4897<EOL>"
2026-04-21T23:03:56.935+08:00  WARN 20416 --- [inker] [nio-8083-exec-3] c.i.b.s.provider.EastMoneyStockProvider  : Failed to fetch concepts for stock. code=688257, market=SH, message=403 Forbidden: "<h1>Nginx forbidden.</h1> <br/>request info: 240e:b87:1f6:d800:a504:b4a9:1b4d:4897<EOL>"
2026-04-21T23:03:56.980+08:00  WARN 20416 --- [inker] [nio-8083-exec-3] c.i.b.s.provider.EastMoneyStockProvider  : Failed to fetch concepts for stock. code=688258, market=SH, message=403 Forbidden: "<h1>Nginx forbidden.</h1> <br/>request info: 240e:b87:1f6:d800:a504:b4a9:1b4d:4897<EOL>"
2026-04-21T23:03:57.043+08:00  WARN 20416 --- [inker] [nio-8083-exec-3] c.i.b.s.provider.EastMoneyStockProvider  : Failed to fetch concepts for stock. code=688259, market=SH, message=403 Forbidden: "<h1>Nginx forbidden.</h1> <br/>request info: 240e:b87:1f6:d800:a504:b4a9:1b4d:4897<EOL>"
2026-04-21T23:03:57.092+08:00  WARN 20416 --- [inker] [nio-8083-exec-3] c.i.b.s.provider.EastMoneyStockProvider  : Failed to fetch concepts for stock. code=688260, market=SH, message=403 Forbidden: "<h1>Nginx forbidden.</h1> <br/>request info: 240e:b87:1f6:d800:a504:b4a9:1b4d:4897<EOL>"
2026-04-21T23:03:57.139+08:00  WARN 20416 --- [inker] [nio-8083-exec-3] c.i.b.s.provider.EastMoneyStockProvider  : Failed to fetch concepts for stock. code=688261, market=SH, message=403 Forbidden: "<h1>Nginx forbidden.</h1> <br/>request info: 240e:b87:1f6:d800:a504:b4a9:1b4d:4897<EOL>"
2026-04-21T23:03:57.187+08:00  WARN 20416 --- [inker] [nio-8083-exec-3] c.i.b.s.provider.EastMoneyStockProvider  : Failed to fetch concepts for stock. code=688262, market=SH, message=403 Forbidden: "<h1>Nginx forbidden.</h1> <br/>request info: 240e:b87:1f6:d800:a504:b4a9:1b4d:4897<EOL>"
2026-04-21T23:03:57.231+08:00  WARN 20416 --- [inker] [nio-8083-exec-3] c.i.b.s.provider.EastMoneyStockProvider  : Failed to fetch concepts for stock. code=688265, market=SH, message=403 Forbidden: "<h1>Nginx forbidden.</h1> <br/>request info: 240e:b87:1f6:d800:a504:b4a9:1b4d:4897<EOL>"
2026-04-21T23:03:57.279+08:00  WARN 20416 --- [inker] [nio-8083-exec-3] c.i.b.s.provider.EastMoneyStockProvider  : Failed to fetch concepts for stock. code=688266, market=SH, message=403 Forbidden: "<h1>Nginx forbidden.</h1> <br/>request info: 240e:b87:1f6:d800:a504:b4a9:1b4d:4897<EOL>"
2026-04-21T23:03:57.327+08:00  WARN 20416 --- [inker] [nio-8083-exec-3] c.i.b.s.provider.EastMoneyStockProvider  : Failed to fetch concepts for stock. code=688267, market=SH, message=403 Forbidden: "<h1>Nginx forbidden.</h1> <br/>request info: 240e:b87:1f6:d800:a504:b4a9:1b4d:4897<EOL>"
2026-04-21T23:03:57.376+08:00  WARN 20416 --- [inker] [nio-8083-exec-3] c.i.b.s.provider.EastMoneyStockProvider  : Failed to fetch concepts for stock. code=688268, market=SH, message=403 Forbidden: "<h1>Nginx forbidden.</h1> <br/>request info: 240e:b87:1f6:d800:a504:b4a9:1b4d:4897<EOL>"
2026-04-21T23:03:57.418+08:00  WARN 20416 --- [inker] [nio-8083-exec-3] c.i.b.s.provider.EastMoneyStockProvider  : Failed to fetch concepts for stock. code=688269, market=SH, message=403 Forbidden: "<h1>Nginx forbidden.</h1> <br/>request info: 240e:b87:1f6:d800:a504:b4a9:1b4d:4897<EOL>"
2026-04-21T23:03:57.462+08:00  WARN 20416 --- [inker] [nio-8083-exec-3] c.i.b.s.provider.EastMoneyStockProvider  : Failed to fetch concepts for stock. code=688271, market=SH, message=403 Forbidden: "<h1>Nginx forbidden.</h1> <br/>request info: 240e:b87:1f6:d800:a504:b4a9:1b4d:4897<EOL>"
2026-04-21T23:03:57.509+08:00  WARN 20416 --- [inker] [nio-8083-exec-3] c.i.b.s.provider.EastMoneyStockProvider  : Failed to fetch concepts for stock. code=688272, market=SH, message=403 Forbidden: "<h1>Nginx forbidden.</h1> <br/>request info: 240e:b87:1f6:d800:a504:b4a9:1b4d:4897<EOL>"
2026-04-21T23:03:57.554+08:00  WARN 20416 --- [inker] [nio-8083-exec-3] c.i.b.s.provider.EastMoneyStockProvider  : Failed to fetch concepts for stock. code=688273, market=SH, message=403 Forbidden: "<h1>Nginx forbidden.</h1> <br/>request info: 240e:b87:1f6:d800:a504:b4a9:1b4d:4897<EOL>"
2026-04-21T23:03:57.599+08:00  WARN 20416 --- [inker] [nio-8083-exec-3] c.i.b.s.provider.EastMoneyStockProvider  : Failed to fetch concepts for stock. code=688275, market=SH, message=403 Forbidden: "<h1>Nginx forbidden.</h1> <br/>request info: 240e:b87:1f6:d800:a504:b4a9:1b4d:4897<EOL>"
2026-04-21T23:03:57.645+08:00  WARN 20416 --- [inker] [nio-8083-exec-3] c.i.b.s.provider.EastMoneyStockProvider  : Failed to fetch concepts for stock. code=688276, market=SH, message=403 Forbidden: "<h1>Nginx forbidden.</h1> <br/>request info: 240e:b87:1f6:d800:a504:b4a9:1b4d:4897<EOL>"
2026-04-21T23:03:57.691+08:00  WARN 20416 --- [inker] [nio-8083-exec-3] c.i.b.s.provider.EastMoneyStockProvider  : Failed to fetch concepts for stock. code=688277, market=SH, message=403 Forbidden: "<h1>Nginx forbidden.</h1> <br/>request info: 240e:b87:1f6:d800:a504:b4a9:1b4d:4897<EOL>"
2026-04-21T23:03:57.736+08:00  WARN 20416 --- [inker] [nio-8083-exec-3] c.i.b.s.provider.EastMoneyStockProvider  : Failed to fetch concepts for stock. code=688278, market=SH, message=403 Forbidden: "<h1>Nginx forbidden.</h1> <br/>request info: 240e:b87:1f6:d800:a504:b4a9:1b4d:4897<EOL>"
2026-04-21T23:03:57.784+08:00  WARN 20416 --- [inker] [nio-8083-exec-3] c.i.b.s.provider.EastMoneyStockProvider  : Failed to fetch concepts for stock. code=688279, market=SH, message=403 Forbidden: "<h1>Nginx forbidden.</h1> <br/>request info: 240e:b87:1f6:d800:a504:b4a9:1b4d:4897<EOL>"
2026-04-21T23:03:57.829+08:00  WARN 20416 --- [inker] [nio-8083-exec-3] c.i.b.s.provider.EastMoneyStockProvider  : Failed to fetch concepts for stock. code=688280, market=SH, message=403 Forbidden: "<h1>Nginx forbidden.</h1> <br/>request info: 240e:b87:1f6:d800:a504:b4a9:1b4d:4897<EOL>"
2026-04-21T23:03:57.878+08:00  WARN 20416 --- [inker] [nio-8083-exec-3] c.i.b.s.provider.EastMoneyStockProvider  : Failed to fetch concepts for stock. code=688281, market=SH, message=403 Forbidden: "<h1>Nginx forbidden.</h1> <br/>request info: 240e:b87:1f6:d800:a504:b4a9:1b4d:4897<EOL>"
2026-04-21T23:03:57.921+08:00  WARN 20416 --- [inker] [nio-8083-exec-3] c.i.b.s.provider.EastMoneyStockProvider  : Failed to fetch concepts for stock. code=688282, market=SH, message=403 Forbidden: "<h1>Nginx forbidden.</h1> <br/>request info: 240e:b87:1f6:d800:a504:b4a9:1b4d:4897<EOL>"
2026-04-21T23:03:57.966+08:00  WARN 20416 --- [inker] [nio-8083-exec-3] c.i.b.s.provider.EastMoneyStockProvider  : Failed to fetch concepts for stock. code=688283, market=SH, message=403 Forbidden: "<h1>Nginx forbidden.</h1> <br/>request info: 240e:b87:1f6:d800:a504:b4a9:1b4d:4897<EOL>"
2026-04-21T23:03:58.008+08:00  WARN 20416 --- [inker] [nio-8083-exec-3] c.i.b.s.provider.EastMoneyStockProvider  : Failed to fetch concepts for stock. code=688285, market=SH, message=403 Forbidden: "<h1>Nginx forbidden.</h1> <br/>request info: 240e:b87:1f6:d800:a504:b4a9:1b4d:4897<EOL>"
2026-04-21T23:03:58.051+08:00  WARN 20416 --- [inker] [nio-8083-exec-3] c.i.b.s.provider.EastMoneyStockProvider  : Failed to fetch concepts for stock. code=688286, market=SH, message=403 Forbidden: "<h1>Nginx forbidden.</h1> <br/>request info: 240e:b87:1f6:d800:a504:b4a9:1b4d:4897<EOL>"
2026-04-21T23:03:58.102+08:00  WARN 20416 --- [inker] [nio-8083-exec-3] c.i.b.s.provider.EastMoneyStockProvider  : Failed to fetch concepts for stock. code=688288, market=SH, message=403 Forbidden: "<h1>Nginx forbidden.</h1> <br/>request info: 240e:b87:1f6:d800:a504:b4a9:1b4d:4897<EOL>"
2026-04-21T23:03:58.147+08:00  WARN 20416 --- [inker] [nio-8083-exec-3] c.i.b.s.provider.EastMoneyStockProvider  : Failed to fetch concepts for stock. code=688289, market=SH, message=403 Forbidden: "<h1>Nginx forbidden.</h1> <br/>request info: 240e:b87:1f6:d800:a504:b4a9:1b4d:4897<EOL>"
2026-04-21T23:03:58.190+08:00  WARN 20416 --- [inker] [nio-8083-exec-3] c.i.b.s.provider.EastMoneyStockProvider  : Failed to fetch concepts for stock. code=688290, market=SH, message=403 Forbidden: "<h1>Nginx forbidden.</h1> <br/>request info: 240e:b87:1f6:d800:a504:b4a9:1b4d:4897<EOL>"
2026-04-21T23:03:58.238+08:00  WARN 20416 --- [inker] [nio-8083-exec-3] c.i.b.s.provider.EastMoneyStockProvider  : Failed to fetch concepts for stock. code=688291, market=SH, message=403 Forbidden: "<h1>Nginx forbidden.</h1> <br/>request info: 240e:b87:1f6:d800:a504:b4a9:1b4d:4897<EOL>"
2026-04-21T23:03:58.283+08:00  WARN 20416 --- [inker] [nio-8083-exec-3] c.i.b.s.provider.EastMoneyStockProvider  : Failed to fetch concepts for stock. code=688292, market=SH, message=403 Forbidden: "<h1>Nginx forbidden.</h1> <br/>request info: 240e:b87:1f6:d800:a504:b4a9:1b4d:4897<EOL>"
2026-04-21T23:03:58.326+08:00  WARN 20416 --- [inker] [nio-8083-exec-3] c.i.b.s.provider.EastMoneyStockProvider  : Failed to fetch concepts for stock. code=688293, market=SH, message=403 Forbidden: "<h1>Nginx forbidden.</h1> <br/>request info: 240e:b87:1f6:d800:a504:b4a9:1b4d:4897<EOL>"
2026-04-21T23:03:58.378+08:00  WARN 20416 --- [inker] [nio-8083-exec-3] c.i.b.s.provider.EastMoneyStockProvider  : Failed to fetch concepts for stock. code=688295, market=SH, message=403 Forbidden: "<h1>Nginx forbidden.</h1> <br/>request info: 240e:b87:1f6:d800:a504:b4a9:1b4d:4897<EOL>"
2026-04-21T23:03:58.423+08:00  WARN 20416 --- [inker] [nio-8083-exec-3] c.i.b.s.provider.EastMoneyStockProvider  : Failed to fetch concepts for stock. code=688296, market=SH, message=403 Forbidden: "<h1>Nginx forbidden.</h1> <br/>request info: 240e:b87:1f6:d800:a504:b4a9:1b4d:4897<EOL>"
2026-04-21T23:03:58.471+08:00  WARN 20416 --- [inker] [nio-8083-exec-3] c.i.b.s.provider.EastMoneyStockProvider  : Failed to fetch concepts for stock. code=688297, market=SH, message=403 Forbidden: "<h1>Nginx forbidden.</h1> <br/>request info: 240e:b87:1f6:d800:a504:b4a9:1b4d:4897<EOL>"
2026-04-21T23:03:58.514+08:00  WARN 20416 --- [inker] [nio-8083-exec-3] c.i.b.s.provider.EastMoneyStockProvider  : Failed to fetch concepts for stock. code=688298, market=SH, message=403 Forbidden: "<h1>Nginx forbidden.</h1> <br/>request info: 240e:b87:1f6:d800:a504:b4a9:1b4d:4897<EOL>"
2026-04-21T23:03:58.563+08:00  WARN 20416 --- [inker] [nio-8083-exec-3] c.i.b.s.provider.EastMoneyStockProvider  : Failed to fetch concepts for stock. code=688299, market=SH, message=403 Forbidden: "<h1>Nginx forbidden.</h1> <br/>request info: 240e:b87:1f6:d800:a504:b4a9:1b4d:4897<EOL>"
2026-04-21T23:03:58.604+08:00  WARN 20416 --- [inker] [nio-8083-exec-3] c.i.b.s.provider.EastMoneyStockProvider  : Failed to fetch concepts for stock. code=688300, market=SH, message=403 Forbidden: "<h1>Nginx forbidden.</h1> <br/>request info: 240e:b87:1f6:d800:a504:b4a9:1b4d:4897<EOL>"
2026-04-21T23:03:58.648+08:00  WARN 20416 --- [inker] [nio-8083-exec-3] c.i.b.s.provider.EastMoneyStockProvider  : Failed to fetch concepts for stock. code=688301, market=SH, message=403 Forbidden: "<h1>Nginx forbidden.</h1> <br/>request info: 240e:b87:1f6:d800:a504:b4a9:1b4d:4897<EOL>"
2026-04-21T23:03:58.691+08:00  WARN 20416 --- [inker] [nio-8083-exec-3] c.i.b.s.provider.EastMoneyStockProvider  : Failed to fetch concepts for stock. code=688302, market=SH, message=403 Forbidden: "<h1>Nginx forbidden.</h1> <br/>request info: 240e:b87:1f6:d800:a504:b4a9:1b4d:4897<EOL>"
2026-04-21T23:03:58.735+08:00  WARN 20416 --- [inker] [nio-8083-exec-3] c.i.b.s.provider.EastMoneyStockProvider  : Failed to fetch concepts for stock. code=688303, market=SH, message=403 Forbidden: "<h1>Nginx forbidden.</h1> <br/>request info: 240e:b87:1f6:d800:a504:b4a9:1b4d:4897<EOL>"
2026-04-21T23:03:58.778+08:00  WARN 20416 --- [inker] [nio-8083-exec-3] c.i.b.s.provider.EastMoneyStockProvider  : Failed to fetch concepts for stock. code=688305, market=SH, message=403 Forbidden: "<h1>Nginx forbidden.</h1> <br/>request info: 240e:b87:1f6:d800:a504:b4a9:1b4d:4897<EOL>"
2026-04-21T23:03:58.827+08:00  WARN 20416 --- [inker] [nio-8083-exec-3] c.i.b.s.provider.EastMoneyStockProvider  : Failed to fetch concepts for stock. code=688306, market=SH, message=403 Forbidden: "<h1>Nginx forbidden.</h1> <br/>request info: 240e:b87:1f6:d800:a504:b4a9:1b4d:4897<EOL>"
2026-04-21T23:03:58.873+08:00  WARN 20416 --- [inker] [nio-8083-exec-3] c.i.b.s.provider.EastMoneyStockProvider  : Failed to fetch concepts for stock. code=688307, market=SH, message=403 Forbidden: "<h1>Nginx forbidden.</h1> <br/>request info: 240e:b87:1f6:d800:a504:b4a9:1b4d:4897<EOL>"
2026-04-21T23:03:58.917+08:00  WARN 20416 --- [inker] [nio-8083-exec-3] c.i.b.s.provider.EastMoneyStockProvider  : Failed to fetch concepts for stock. code=688308, market=SH, message=403 Forbidden: "<h1>Nginx forbidden.</h1> <br/>request info: 240e:b87:1f6:d800:a504:b4a9:1b4d:4897<EOL>"
2026-04-21T23:03:58.960+08:00  WARN 20416 --- [inker] [nio-8083-exec-3] c.i.b.s.provider.EastMoneyStockProvider  : Failed to fetch concepts for stock. code=688309, market=SH, message=403 Forbidden: "<h1>Nginx forbidden.</h1> <br/>request info: 240e:b87:1f6:d800:a504:b4a9:1b4d:4897<EOL>"
2026-04-21T23:03:59.004+08:00  WARN 20416 --- [inker] [nio-8083-exec-3] c.i.b.s.provider.EastMoneyStockProvider  : Failed to fetch concepts for stock. code=688310, market=SH, message=403 Forbidden: "<h1>Nginx forbidden.</h1> <br/>request info: 240e:b87:1f6:d800:a504:b4a9:1b4d:4897<EOL>"
2026-04-21T23:03:59.047+08:00  WARN 20416 --- [inker] [nio-8083-exec-3] c.i.b.s.provider.EastMoneyStockProvider  : Failed to fetch concepts for stock. code=688311, market=SH, message=403 Forbidden: "<h1>Nginx forbidden.</h1> <br/>request info: 240e:b87:1f6:d800:a504:b4a9:1b4d:4897<EOL>"
2026-04-21T23:03:59.092+08:00  WARN 20416 --- [inker] [nio-8083-exec-3] c.i.b.s.provider.EastMoneyStockProvider  : Failed to fetch concepts for stock. code=688312, market=SH, message=403 Forbidden: "<h1>Nginx forbidden.</h1> <br/>request info: 240e:b87:1f6:d800:a504:b4a9:1b4d:4897<EOL>"
2026-04-21T23:03:59.141+08:00  WARN 20416 --- [inker] [nio-8083-exec-3] c.i.b.s.provider.EastMoneyStockProvider  : Failed to fetch concepts for stock. code=688313, market=SH, message=403 Forbidden: "<h1>Nginx forbidden.</h1> <br/>request info: 240e:b87:1f6:d800:a504:b4a9:1b4d:4897<EOL>"
2026-04-21T23:03:59.190+08:00  WARN 20416 --- [inker] [nio-8083-exec-3] c.i.b.s.provider.EastMoneyStockProvider  : Failed to fetch concepts for stock. code=688314, market=SH, message=403 Forbidden: "<h1>Nginx forbidden.</h1> <br/>request info: 240e:b87:1f6:d800:a504:b4a9:1b4d:4897<EOL>"
2026-04-21T23:03:59.236+08:00  WARN 20416 --- [inker] [nio-8083-exec-3] c.i.b.s.provider.EastMoneyStockProvider  : Failed to fetch concepts for stock. code=688315, market=SH, message=403 Forbidden: "<h1>Nginx forbidden.</h1> <br/>request info: 240e:b87:1f6:d800:a504:b4a9:1b4d:4897<EOL>"
2026-04-21T23:03:59.282+08:00  WARN 20416 --- [inker] [nio-8083-exec-3] c.i.b.s.provider.EastMoneyStockProvider  : Failed to fetch concepts for stock. code=688316, market=SH, message=403 Forbidden: "<h1>Nginx forbidden.</h1> <br/>request info: 240e:b87:1f6:d800:a504:b4a9:1b4d:4897<EOL>"
2026-04-21T23:03:59.326+08:00  WARN 20416 --- [inker] [nio-8083-exec-3] c.i.b.s.provider.EastMoneyStockProvider  : Failed to fetch concepts for stock. code=688317, market=SH, message=403 Forbidden: "<h1>Nginx forbidden.</h1> <br/>request info: 240e:b87:1f6:d800:a504:b4a9:1b4d:4897<EOL>"
2026-04-21T23:03:59.369+08:00  WARN 20416 --- [inker] [nio-8083-exec-3] c.i.b.s.provider.EastMoneyStockProvider  : Failed to fetch concepts for stock. code=688318, market=SH, message=403 Forbidden: "<h1>Nginx forbidden.</h1> <br/>request info: 240e:b87:1f6:d800:a504:b4a9:1b4d:4897<EOL>"
2026-04-21T23:03:59.413+08:00  WARN 20416 --- [inker] [nio-8083-exec-3] c.i.b.s.provider.EastMoneyStockProvider  : Failed to fetch concepts for stock. code=688319, market=SH, message=403 Forbidden: "<h1>Nginx forbidden.</h1> <br/>request info: 240e:b87:1f6:d800:a504:b4a9:1b4d:4897<EOL>"
2026-04-21T23:03:59.457+08:00  WARN 20416 --- [inker] [nio-8083-exec-3] c.i.b.s.provider.EastMoneyStockProvider  : Failed to fetch concepts for stock. code=688320, market=SH, message=403 Forbidden: "<h1>Nginx forbidden.</h1> <br/>request info: 240e:b87:1f6:d800:a504:b4a9:1b4d:4897<EOL>"
2026-04-21T23:03:59.501+08:00  WARN 20416 --- [inker] [nio-8083-exec-3] c.i.b.s.provider.EastMoneyStockProvider  : Failed to fetch concepts for stock. code=688321, market=SH, message=403 Forbidden: "<h1>Nginx forbidden.</h1> <br/>request info: 240e:b87:1f6:d800:a504:b4a9:1b4d:4897<EOL>"
2026-04-21T23:03:59.548+08:00  WARN 20416 --- [inker] [nio-8083-exec-3] c.i.b.s.provider.EastMoneyStockProvider  : Failed to fetch concepts for stock. code=688322, market=SH, message=403 Forbidden: "<h1>Nginx forbidden.</h1> <br/>request info: 240e:b87:1f6:d800:a504:b4a9:1b4d:4897<EOL>"
2026-04-21T23:03:59.596+08:00  WARN 20416 --- [inker] [nio-8083-exec-3] c.i.b.s.provider.EastMoneyStockProvider  : Failed to fetch concepts for stock. code=688323, market=SH, message=403 Forbidden: "<h1>Nginx forbidden.</h1> <br/>request info: 240e:b87:1f6:d800:a504:b4a9:1b4d:4897<EOL>"
2026-04-21T23:03:59.641+08:00  WARN 20416 --- [inker] [nio-8083-exec-3] c.i.b.s.provider.EastMoneyStockProvider  : Failed to fetch concepts for stock. code=688325, market=SH, message=403 Forbidden: "<h1>Nginx forbidden.</h1> <br/>request info: 240e:b87:1f6:d800:a504:b4a9:1b4d:4897<EOL>"
2026-04-21T23:03:59.685+08:00  WARN 20416 --- [inker] [nio-8083-exec-3] c.i.b.s.provider.EastMoneyStockProvider  : Failed to fetch concepts for stock. code=688326, market=SH, message=403 Forbidden: "<h1>Nginx forbidden.</h1> <br/>request info: 240e:b87:1f6:d800:a504:b4a9:1b4d:4897<EOL>"
2026-04-21T23:03:59.730+08:00  WARN 20416 --- [inker] [nio-8083-exec-3] c.i.b.s.provider.EastMoneyStockProvider  : Failed to fetch concepts for stock. code=688327, market=SH, message=403 Forbidden: "<h1>Nginx forbidden.</h1> <br/>request info: 240e:b87:1f6:d800:a504:b4a9:1b4d:4897<EOL>"
2026-04-21T23:03:59.774+08:00  WARN 20416 --- [inker] [nio-8083-exec-3] c.i.b.s.provider.EastMoneyStockProvider  : Failed to fetch concepts for stock. code=688328, market=SH, message=403 Forbidden: "<h1>Nginx forbidden.</h1> <br/>request info: 240e:b87:1f6:d800:a504:b4a9:1b4d:4897<EOL>"
2026-04-21T23:03:59.820+08:00  WARN 20416 --- [inker] [nio-8083-exec-3] c.i.b.s.provider.EastMoneyStockProvider  : Failed to fetch concepts for stock. code=688329, market=SH, message=403 Forbidden: "<h1>Nginx forbidden.</h1> <br/>request info: 240e:b87:1f6:d800:a504:b4a9:1b4d:4897<EOL>"
2026-04-21T23:03:59.868+08:00  WARN 20416 --- [inker] [nio-8083-exec-3] c.i.b.s.provider.EastMoneyStockProvider  : Failed to fetch concepts for stock. code=688330, market=SH, message=403 Forbidden: "<h1>Nginx forbidden.</h1> <br/>request info: 240e:b87:1f6:d800:a504:b4a9:1b4d:4897<EOL>"
2026-04-21T23:03:59.916+08:00  WARN 20416 --- [inker] [nio-8083-exec-3] c.i.b.s.provider.EastMoneyStockProvider  : Failed to fetch concepts for stock. code=688331, market=SH, message=403 Forbidden: "<h1>Nginx forbidden.</h1> <br/>request info: 240e:b87:1f6:d800:a504:b4a9:1b4d:4897<EOL>"
2026-04-21T23:03:59.964+08:00  WARN 20416 --- [inker] [nio-8083-exec-3] c.i.b.s.provider.EastMoneyStockProvider  : Failed to fetch concepts for stock. code=688332, market=SH, message=403 Forbidden: "<h1>Nginx forbidden.</h1> <br/>request info: 240e:b87:1f6:d800:a504:b4a9:1b4d:4897<EOL>"
2026-04-21T23:04:00.007+08:00  WARN 20416 --- [inker] [nio-8083-exec-3] c.i.b.s.provider.EastMoneyStockProvider  : Failed to fetch concepts for stock. code=688333, market=SH, message=403 Forbidden: "<h1>Nginx forbidden.</h1> <br/>request info: 240e:b87:1f6:d800:a504:b4a9:1b4d:4897<EOL>"
2026-04-21T23:04:00.055+08:00  WARN 20416 --- [inker] [nio-8083-exec-3] c.i.b.s.provider.EastMoneyStockProvider  : Failed to fetch concepts for stock. code=688334, market=SH, message=403 Forbidden: "<h1>Nginx forbidden.</h1> <br/>request info: 240e:b87:1f6:d800:a504:b4a9:1b4d:4897<EOL>"
2026-04-21T23:04:00.105+08:00  WARN 20416 --- [inker] [nio-8083-exec-3] c.i.b.s.provider.EastMoneyStockProvider  : Failed to fetch concepts for stock. code=688335, market=SH, message=403 Forbidden: "<h1>Nginx forbidden.</h1> <br/>request info: 240e:b87:1f6:d800:a504:b4a9:1b4d:4897<EOL>"
2026-04-21T23:04:00.149+08:00  WARN 20416 --- [inker] [nio-8083-exec-3] c.i.b.s.provider.EastMoneyStockProvider  : Failed to fetch concepts for stock. code=688336, market=SH, message=403 Forbidden: "<h1>Nginx forbidden.</h1> <br/>request info: 240e:b87:1f6:d800:a504:b4a9:1b4d:4897<EOL>"
2026-04-21T23:04:00.192+08:00  WARN 20416 --- [inker] [nio-8083-exec-3] c.i.b.s.provider.EastMoneyStockProvider  : Failed to fetch concepts for stock. code=688337, market=SH, message=403 Forbidden: "<h1>Nginx forbidden.</h1> <br/>request info: 240e:b87:1f6:d800:a504:b4a9:1b4d:4897<EOL>"
2026-04-21T23:04:00.237+08:00  WARN 20416 --- [inker] [nio-8083-exec-3] c.i.b.s.provider.EastMoneyStockProvider  : Failed to fetch concepts for stock. code=688338, market=SH, message=403 Forbidden: "<h1>Nginx forbidden.</h1> <br/>request info: 240e:b87:1f6:d800:a504:b4a9:1b4d:4897<EOL>"
2026-04-21T23:04:00.281+08:00  WARN 20416 --- [inker] [nio-8083-exec-3] c.i.b.s.provider.EastMoneyStockProvider  : Failed to fetch concepts for stock. code=688339, market=SH, message=403 Forbidden: "<h1>Nginx forbidden.</h1> <br/>request info: 240e:b87:1f6:d800:a504:b4a9:1b4d:4897<EOL>"
2026-04-21T23:04:00.326+08:00  WARN 20416 --- [inker] [nio-8083-exec-3] c.i.b.s.provider.EastMoneyStockProvider  : Failed to fetch concepts for stock. code=688343, market=SH, message=403 Forbidden: "<h1>Nginx forbidden.</h1> <br/>request info: 240e:b87:1f6:d800:a504:b4a9:1b4d:4897<EOL>"
2026-04-21T23:04:00.375+08:00  WARN 20416 --- [inker] [nio-8083-exec-3] c.i.b.s.provider.EastMoneyStockProvider  : Failed to fetch concepts for stock. code=688345, market=SH, message=403 Forbidden: "<h1>Nginx forbidden.</h1> <br/>request info: 240e:b87:1f6:d800:a504:b4a9:1b4d:4897<EOL>"
2026-04-21T23:04:00.422+08:00  WARN 20416 --- [inker] [nio-8083-exec-3] c.i.b.s.provider.EastMoneyStockProvider  : Failed to fetch concepts for stock. code=688347, market=SH, message=403 Forbidden: "<h1>Nginx forbidden.</h1> <br/>request info: 240e:b87:1f6:d800:a504:b4a9:1b4d:4897<EOL>"
2026-04-21T23:04:00.469+08:00  WARN 20416 --- [inker] [nio-8083-exec-3] c.i.b.s.provider.EastMoneyStockProvider  : Failed to fetch concepts for stock. code=688348, market=SH, message=403 Forbidden: "<h1>Nginx forbidden.</h1> <br/>request info: 240e:b87:1f6:d800:a504:b4a9:1b4d:4897<EOL>"
2026-04-21T23:04:00.513+08:00  WARN 20416 --- [inker] [nio-8083-exec-3] c.i.b.s.provider.EastMoneyStockProvider  : Failed to fetch concepts for stock. code=688349, market=SH, message=403 Forbidden: "<h1>Nginx forbidden.</h1> <br/>request info: 240e:b87:1f6:d800:a504:b4a9:1b4d:4897<EOL>"
2026-04-21T23:04:00.558+08:00  WARN 20416 --- [inker] [nio-8083-exec-3] c.i.b.s.provider.EastMoneyStockProvider  : Failed to fetch concepts for stock. code=688350, market=SH, message=403 Forbidden: "<h1>Nginx forbidden.</h1> <br/>request info: 240e:b87:1f6:d800:a504:b4a9:1b4d:4897<EOL>"
2026-04-21T23:04:00.606+08:00  WARN 20416 --- [inker] [nio-8083-exec-3] c.i.b.s.provider.EastMoneyStockProvider  : Failed to fetch concepts for stock. code=688351, market=SH, message=403 Forbidden: "<h1>Nginx forbidden.</h1> <br/>request info: 240e:b87:1f6:d800:a504:b4a9:1b4d:4897<EOL>"
2026-04-21T23:04:00.650+08:00  WARN 20416 --- [inker] [nio-8083-exec-3] c.i.b.s.provider.EastMoneyStockProvider  : Failed to fetch concepts for stock. code=688352, market=SH, message=403 Forbidden: "<h1>Nginx forbidden.</h1> <br/>request info: 240e:b87:1f6:d800:a504:b4a9:1b4d:4897<EOL>"
2026-04-21T23:04:00.692+08:00  WARN 20416 --- [inker] [nio-8083-exec-3] c.i.b.s.provider.EastMoneyStockProvider  : Failed to fetch concepts for stock. code=688353, market=SH, message=403 Forbidden: "<h1>Nginx forbidden.</h1> <br/>request info: 240e:b87:1f6:d800:a504:b4a9:1b4d:4897<EOL>"
2026-04-21T23:04:00.737+08:00  WARN 20416 --- [inker] [nio-8083-exec-3] c.i.b.s.provider.EastMoneyStockProvider  : Failed to fetch concepts for stock. code=688355, market=SH, message=403 Forbidden: "<h1>Nginx forbidden.</h1> <br/>request info: 240e:b87:1f6:d800:a504:b4a9:1b4d:4897<EOL>"
2026-04-21T23:04:00.783+08:00  WARN 20416 --- [inker] [nio-8083-exec-3] c.i.b.s.provider.EastMoneyStockProvider  : Failed to fetch concepts for stock. code=688356, market=SH, message=403 Forbidden: "<h1>Nginx forbidden.</h1> <br/>request info: 240e:b87:1f6:d800:a504:b4a9:1b4d:4897<EOL>"
2026-04-21T23:04:00.830+08:00  WARN 20416 --- [inker] [nio-8083-exec-3] c.i.b.s.provider.EastMoneyStockProvider  : Failed to fetch concepts for stock. code=688357, market=SH, message=403 Forbidden: "<h1>Nginx forbidden.</h1> <br/>request info: 240e:b87:1f6:d800:a504:b4a9:1b4d:4897<EOL>"
2026-04-21T23:04:00.874+08:00  WARN 20416 --- [inker] [nio-8083-exec-3] c.i.b.s.provider.EastMoneyStockProvider  : Failed to fetch concepts for stock. code=688358, market=SH, message=403 Forbidden: "<h1>Nginx forbidden.</h1> <br/>request info: 240e:b87:1f6:d800:a504:b4a9:1b4d:4897<EOL>"
2026-04-21T23:04:00.924+08:00  WARN 20416 --- [inker] [nio-8083-exec-3] c.i.b.s.provider.EastMoneyStockProvider  : Failed to fetch concepts for stock. code=688359, market=SH, message=403 Forbidden: "<h1>Nginx forbidden.</h1> <br/>request info: 240e:b87:1f6:d800:a504:b4a9:1b4d:4897<EOL>"
2026-04-21T23:04:00.971+08:00  WARN 20416 --- [inker] [nio-8083-exec-3] c.i.b.s.provider.EastMoneyStockProvider  : Failed to fetch concepts for stock. code=688360, market=SH, message=403 Forbidden: "<h1>Nginx forbidden.</h1> <br/>request info: 240e:b87:1f6:d800:a504:b4a9:1b4d:4897<EOL>"
2026-04-21T23:04:01.016+08:00  WARN 20416 --- [inker] [nio-8083-exec-3] c.i.b.s.provider.EastMoneyStockProvider  : Failed to fetch concepts for stock. code=688361, market=SH, message=403 Forbidden: "<h1>Nginx forbidden.</h1> <br/>request info: 240e:b87:1f6:d800:a504:b4a9:1b4d:4897<EOL>"
2026-04-21T23:04:01.059+08:00  WARN 20416 --- [inker] [nio-8083-exec-3] c.i.b.s.provider.EastMoneyStockProvider  : Failed to fetch concepts for stock. code=688362, market=SH, message=403 Forbidden: "<h1>Nginx forbidden.</h1> <br/>request info: 240e:b87:1f6:d800:a504:b4a9:1b4d:4897<EOL>"
2026-04-21T23:04:01.109+08:00  WARN 20416 --- [inker] [nio-8083-exec-3] c.i.b.s.provider.EastMoneyStockProvider  : Failed to fetch concepts for stock. code=688363, market=SH, message=403 Forbidden: "<h1>Nginx forbidden.</h1> <br/>request info: 240e:b87:1f6:d800:a504:b4a9:1b4d:4897<EOL>"
2026-04-21T23:04:01.153+08:00  WARN 20416 --- [inker] [nio-8083-exec-3] c.i.b.s.provider.EastMoneyStockProvider  : Failed to fetch concepts for stock. code=688365, market=SH, message=403 Forbidden: "<h1>Nginx forbidden.</h1> <br/>request info: 240e:b87:1f6:d800:a504:b4a9:1b4d:4897<EOL>"
2026-04-21T23:04:01.201+08:00  WARN 20416 --- [inker] [nio-8083-exec-3] c.i.b.s.provider.EastMoneyStockProvider  : Failed to fetch concepts for stock. code=688366, market=SH, message=403 Forbidden: "<h1>Nginx forbidden.</h1> <br/>request info: 240e:b87:1f6:d800:a504:b4a9:1b4d:4897<EOL>"
2026-04-21T23:04:01.245+08:00  WARN 20416 --- [inker] [nio-8083-exec-3] c.i.b.s.provider.EastMoneyStockProvider  : Failed to fetch concepts for stock. code=688367, market=SH, message=403 Forbidden: "<h1>Nginx forbidden.</h1> <br/>request info: 240e:b87:1f6:d800:a504:b4a9:1b4d:4897<EOL>"
2026-04-21T23:04:01.292+08:00  WARN 20416 --- [inker] [nio-8083-exec-3] c.i.b.s.provider.EastMoneyStockProvider  : Failed to fetch concepts for stock. code=688368, market=SH, message=403 Forbidden: "<h1>Nginx forbidden.</h1> <br/>request info: 240e:b87:1f6:d800:a504:b4a9:1b4d:4897<EOL>"
2026-04-21T23:04:01.335+08:00  WARN 20416 --- [inker] [nio-8083-exec-3] c.i.b.s.provider.EastMoneyStockProvider  : Failed to fetch concepts for stock. code=688369, market=SH, message=403 Forbidden: "<h1>Nginx forbidden.</h1> <br/>request info: 240e:b87:1f6:d800:a504:b4a9:1b4d:4897<EOL>"
2026-04-21T23:04:01.385+08:00  WARN 20416 --- [inker] [nio-8083-exec-3] c.i.b.s.provider.EastMoneyStockProvider  : Failed to fetch concepts for stock. code=688370, market=SH, message=403 Forbidden: "<h1>Nginx forbidden.</h1> <br/>request info: 240e:b87:1f6:d800:a504:b4a9:1b4d:4897<EOL>"
2026-04-21T23:04:01.429+08:00  WARN 20416 --- [inker] [nio-8083-exec-3] c.i.b.s.provider.EastMoneyStockProvider  : Failed to fetch concepts for stock. code=688371, market=SH, message=403 Forbidden: "<h1>Nginx forbidden.</h1> <br/>request info: 240e:b87:1f6:d800:a504:b4a9:1b4d:4897<EOL>"
2026-04-21T23:04:01.473+08:00  WARN 20416 --- [inker] [nio-8083-exec-3] c.i.b.s.provider.EastMoneyStockProvider  : Failed to fetch concepts for stock. code=688372, market=SH, message=403 Forbidden: "<h1>Nginx forbidden.</h1> <br/>request info: 240e:b87:1f6:d800:a504:b4a9:1b4d:4897<EOL>"
2026-04-21T23:04:01.523+08:00  WARN 20416 --- [inker] [nio-8083-exec-3] c.i.b.s.provider.EastMoneyStockProvider  : Failed to fetch concepts for stock. code=688373, market=SH, message=403 Forbidden: "<h1>Nginx forbidden.</h1> <br/>request info: 240e:b87:1f6:d800:a504:b4a9:1b4d:4897<EOL>"
2026-04-21T23:04:01.571+08:00  WARN 20416 --- [inker] [nio-8083-exec-3] c.i.b.s.provider.EastMoneyStockProvider  : Failed to fetch concepts for stock. code=688375, market=SH, message=403 Forbidden: "<h1>Nginx forbidden.</h1> <br/>request info: 240e:b87:1f6:d800:a504:b4a9:1b4d:4897<EOL>"
2026-04-21T23:04:01.614+08:00  WARN 20416 --- [inker] [nio-8083-exec-3] c.i.b.s.provider.EastMoneyStockProvider  : Failed to fetch concepts for stock. code=688376, market=SH, message=403 Forbidden: "<h1>Nginx forbidden.</h1> <br/>request info: 240e:b87:1f6:d800:a504:b4a9:1b4d:4897<EOL>"
2026-04-21T23:04:01.659+08:00  WARN 20416 --- [inker] [nio-8083-exec-3] c.i.b.s.provider.EastMoneyStockProvider  : Failed to fetch concepts for stock. code=688377, market=SH, message=403 Forbidden: "<h1>Nginx forbidden.</h1> <br/>request info: 240e:b87:1f6:d800:a504:b4a9:1b4d:4897<EOL>"
2026-04-21T23:04:01.704+08:00  WARN 20416 --- [inker] [nio-8083-exec-3] c.i.b.s.provider.EastMoneyStockProvider  : Failed to fetch concepts for stock. code=688378, market=SH, message=403 Forbidden: "<h1>Nginx forbidden.</h1> <br/>request info: 240e:b87:1f6:d800:a504:b4a9:1b4d:4897<EOL>"
2026-04-21T23:04:01.750+08:00  WARN 20416 --- [inker] [nio-8083-exec-3] c.i.b.s.provider.EastMoneyStockProvider  : Failed to fetch concepts for stock. code=688379, market=SH, message=403 Forbidden: "<h1>Nginx forbidden.</h1> <br/>request info: 240e:b87:1f6:d800:a504:b4a9:1b4d:4897<EOL>"
2026-04-21T23:04:01.798+08:00  WARN 20416 --- [inker] [nio-8083-exec-3] c.i.b.s.provider.EastMoneyStockProvider  : Failed to fetch concepts for stock. code=688380, market=SH, message=403 Forbidden: "<h1>Nginx forbidden.</h1> <br/>request info: 240e:b87:1f6:d800:a504:b4a9:1b4d:4897<EOL>"
2026-04-21T23:04:01.843+08:00  WARN 20416 --- [inker] [nio-8083-exec-3] c.i.b.s.provider.EastMoneyStockProvider  : Failed to fetch concepts for stock. code=688381, market=SH, message=403 Forbidden: "<h1>Nginx forbidden.</h1> <br/>request info: 240e:b87:1f6:d800:a504:b4a9:1b4d:4897<EOL>"
2026-04-21T23:04:01.888+08:00  WARN 20416 --- [inker] [nio-8083-exec-3] c.i.b.s.provider.EastMoneyStockProvider  : Failed to fetch concepts for stock. code=688382, market=SH, message=403 Forbidden: "<h1>Nginx forbidden.</h1> <br/>request info: 240e:b87:1f6:d800:a504:b4a9:1b4d:4897<EOL>"
2026-04-21T23:04:01.937+08:00  WARN 20416 --- [inker] [nio-8083-exec-3] c.i.b.s.provider.EastMoneyStockProvider  : Failed to fetch concepts for stock. code=688383, market=SH, message=403 Forbidden: "<h1>Nginx forbidden.</h1> <br/>request info: 240e:b87:1f6:d800:a504:b4a9:1b4d:4897<EOL>"
2026-04-21T23:04:01.982+08:00  WARN 20416 --- [inker] [nio-8083-exec-3] c.i.b.s.provider.EastMoneyStockProvider  : Failed to fetch concepts for stock. code=688385, market=SH, message=403 Forbidden: "<h1>Nginx forbidden.</h1> <br/>request info: 240e:b87:1f6:d800:a504:b4a9:1b4d:4897<EOL>"
2026-04-21T23:04:02.033+08:00  WARN 20416 --- [inker] [nio-8083-exec-3] c.i.b.s.provider.EastMoneyStockProvider  : Failed to fetch concepts for stock. code=688386, market=SH, message=403 Forbidden: "<h1>Nginx forbidden.</h1> <br/>request info: 240e:b87:1f6:d800:a504:b4a9:1b4d:4897<EOL>"
2026-04-21T23:04:02.076+08:00  WARN 20416 --- [inker] [nio-8083-exec-3] c.i.b.s.provider.EastMoneyStockProvider  : Failed to fetch concepts for stock. code=688387, market=SH, message=403 Forbidden: "<h1>Nginx forbidden.</h1> <br/>request info: 240e:b87:1f6:d800:a504:b4a9:1b4d:4897<EOL>"
2026-04-21T23:04:02.125+08:00  WARN 20416 --- [inker] [nio-8083-exec-3] c.i.b.s.provider.EastMoneyStockProvider  : Failed to fetch concepts for stock. code=688388, market=SH, message=403 Forbidden: "<h1>Nginx forbidden.</h1> <br/>request info: 240e:b87:1f6:d800:a504:b4a9:1b4d:4897<EOL>"
2026-04-21T23:04:02.171+08:00  WARN 20416 --- [inker] [nio-8083-exec-3] c.i.b.s.provider.EastMoneyStockProvider  : Failed to fetch concepts for stock. code=688389, market=SH, message=403 Forbidden: "<h1>Nginx forbidden.</h1> <br/>request info: 240e:b87:1f6:d800:a504:b4a9:1b4d:4897<EOL>"
2026-04-21T23:04:02.219+08:00  WARN 20416 --- [inker] [nio-8083-exec-3] c.i.b.s.provider.EastMoneyStockProvider  : Failed to fetch concepts for stock. code=688390, market=SH, message=403 Forbidden: "<h1>Nginx forbidden.</h1> <br/>request info: 240e:b87:1f6:d800:a504:b4a9:1b4d:4897<EOL>"
2026-04-21T23:04:02.263+08:00  WARN 20416 --- [inker] [nio-8083-exec-3] c.i.b.s.provider.EastMoneyStockProvider  : Failed to fetch concepts for stock. code=688391, market=SH, message=403 Forbidden: "<h1>Nginx forbidden.</h1> <br/>request info: 240e:b87:1f6:d800:a504:b4a9:1b4d:4897<EOL>"
2026-04-21T23:04:02.305+08:00  WARN 20416 --- [inker] [nio-8083-exec-3] c.i.b.s.provider.EastMoneyStockProvider  : Failed to fetch concepts for stock. code=688392, market=SH, message=403 Forbidden: "<h1>Nginx forbidden.</h1> <br/>request info: 240e:b87:1f6:d800:a504:b4a9:1b4d:4897<EOL>"
2026-04-21T23:04:02.348+08:00  WARN 20416 --- [inker] [nio-8083-exec-3] c.i.b.s.provider.EastMoneyStockProvider  : Failed to fetch concepts for stock. code=688393, market=SH, message=403 Forbidden: "<h1>Nginx forbidden.</h1> <br/>request info: 240e:b87:1f6:d800:a504:b4a9:1b4d:4897<EOL>"
2026-04-21T23:04:02.392+08:00  WARN 20416 --- [inker] [nio-8083-exec-3] c.i.b.s.provider.EastMoneyStockProvider  : Failed to fetch concepts for stock. code=688395, market=SH, message=403 Forbidden: "<h1>Nginx forbidden.</h1> <br/>request info: 240e:b87:1f6:d800:a504:b4a9:1b4d:4897<EOL>"
2026-04-21T23:04:02.438+08:00  WARN 20416 --- [inker] [nio-8083-exec-3] c.i.b.s.provider.EastMoneyStockProvider  : Failed to fetch concepts for stock. code=688396, market=SH, message=403 Forbidden: "<h1>Nginx forbidden.</h1> <br/>request info: 240e:b87:1f6:d800:a504:b4a9:1b4d:4897<EOL>"
2026-04-21T23:04:02.486+08:00  WARN 20416 --- [inker] [nio-8083-exec-3] c.i.b.s.provider.EastMoneyStockProvider  : Failed to fetch concepts for stock. code=688398, market=SH, message=403 Forbidden: "<h1>Nginx forbidden.</h1> <br/>request info: 240e:b87:1f6:d800:a504:b4a9:1b4d:4897<EOL>"
2026-04-21T23:04:02.529+08:00  WARN 20416 --- [inker] [nio-8083-exec-3] c.i.b.s.provider.EastMoneyStockProvider  : Failed to fetch concepts for stock. code=688399, market=SH, message=403 Forbidden: "<h1>Nginx forbidden.</h1> <br/>request info: 240e:b87:1f6:d800:a504:b4a9:1b4d:4897<EOL>"
2026-04-21T23:04:02.572+08:00  WARN 20416 --- [inker] [nio-8083-exec-3] c.i.b.s.provider.EastMoneyStockProvider  : Failed to fetch concepts for stock. code=688400, market=SH, message=403 Forbidden: "<h1>Nginx forbidden.</h1> <br/>request info: 240e:b87:1f6:d800:a504:b4a9:1b4d:4897<EOL>"
2026-04-21T23:04:02.615+08:00  WARN 20416 --- [inker] [nio-8083-exec-3] c.i.b.s.provider.EastMoneyStockProvider  : Failed to fetch concepts for stock. code=688401, market=SH, message=403 Forbidden: "<h1>Nginx forbidden.</h1> <br/>request info: 240e:b87:1f6:d800:a504:b4a9:1b4d:4897<EOL>"
2026-04-21T23:04:02.662+08:00  WARN 20416 --- [inker] [nio-8083-exec-3] c.i.b.s.provider.EastMoneyStockProvider  : Failed to fetch concepts for stock. code=688403, market=SH, message=403 Forbidden: "<h1>Nginx forbidden.</h1> <br/>request info: 240e:b87:1f6:d800:a504:b4a9:1b4d:4897<EOL>"
2026-04-21T23:04:02.708+08:00  WARN 20416 --- [inker] [nio-8083-exec-3] c.i.b.s.provider.EastMoneyStockProvider  : Failed to fetch concepts for stock. code=688408, market=SH, message=403 Forbidden: "<h1>Nginx forbidden.</h1> <br/>request info: 240e:b87:1f6:d800:a504:b4a9:1b4d:4897<EOL>"
2026-04-21T23:04:02.751+08:00  WARN 20416 --- [inker] [nio-8083-exec-3] c.i.b.s.provider.EastMoneyStockProvider  : Failed to fetch concepts for stock. code=688409, market=SH, message=403 Forbidden: "<h1>Nginx forbidden.</h1> <br/>request info: 240e:b87:1f6:d800:a504:b4a9:1b4d:4897<EOL>"
2026-04-21T23:04:02.794+08:00  WARN 20416 --- [inker] [nio-8083-exec-3] c.i.b.s.provider.EastMoneyStockProvider  : Failed to fetch concepts for stock. code=688410, market=SH, message=403 Forbidden: "<h1>Nginx forbidden.</h1> <br/>request info: 240e:b87:1f6:d800:a504:b4a9:1b4d:4897<EOL>"
2026-04-21T23:04:02.839+08:00  WARN 20416 --- [inker] [nio-8083-exec-3] c.i.b.s.provider.EastMoneyStockProvider  : Failed to fetch concepts for stock. code=688411, market=SH, message=403 Forbidden: "<h1>Nginx forbidden.</h1> <br/>request info: 240e:b87:1f6:d800:a504:b4a9:1b4d:4897<EOL>"
2026-04-21T23:04:02.896+08:00  WARN 20416 --- [inker] [nio-8083-exec-3] c.i.b.s.provider.EastMoneyStockProvider  : Failed to fetch concepts for stock. code=688416, market=SH, message=403 Forbidden: "<h1>Nginx forbidden.</h1> <br/>request info: 240e:b87:1f6:d800:a504:b4a9:1b4d:4897<EOL>"
2026-04-21T23:04:02.941+08:00  WARN 20416 --- [inker] [nio-8083-exec-3] c.i.b.s.provider.EastMoneyStockProvider  : Failed to fetch concepts for stock. code=688418, market=SH, message=403 Forbidden: "<h1>Nginx forbidden.</h1> <br/>request info: 240e:b87:1f6:d800:a504:b4a9:1b4d:4897<EOL>"
2026-04-21T23:04:02.984+08:00  WARN 20416 --- [inker] [nio-8083-exec-3] c.i.b.s.provider.EastMoneyStockProvider  : Failed to fetch concepts for stock. code=688419, market=SH, message=403 Forbidden: "<h1>Nginx forbidden.</h1> <br/>request info: 240e:b87:1f6:d800:a504:b4a9:1b4d:4897<EOL>"
2026-04-21T23:04:03.029+08:00  WARN 20416 --- [inker] [nio-8083-exec-3] c.i.b.s.provider.EastMoneyStockProvider  : Failed to fetch concepts for stock. code=688420, market=SH, message=403 Forbidden: "<h1>Nginx forbidden.</h1> <br/>request info: 240e:b87:1f6:d800:a504:b4a9:1b4d:4897<EOL>"
2026-04-21T23:04:03.075+08:00  WARN 20416 --- [inker] [nio-8083-exec-3] c.i.b.s.provider.EastMoneyStockProvider  : Failed to fetch concepts for stock. code=688425, market=SH, message=403 Forbidden: "<h1>Nginx forbidden.</h1> <br/>request info: 240e:b87:1f6:d800:a504:b4a9:1b4d:4897<EOL>"
2026-04-21T23:04:03.123+08:00  WARN 20416 --- [inker] [nio-8083-exec-3] c.i.b.s.provider.EastMoneyStockProvider  : Failed to fetch concepts for stock. code=688426, market=SH, message=403 Forbidden: "<h1>Nginx forbidden.</h1> <br/>request info: 240e:b87:1f6:d800:a504:b4a9:1b4d:4897<EOL>"
2026-04-21T23:04:03.166+08:00  WARN 20416 --- [inker] [nio-8083-exec-3] c.i.b.s.provider.EastMoneyStockProvider  : Failed to fetch concepts for stock. code=688428, market=SH, message=403 Forbidden: "<h1>Nginx forbidden.</h1> <br/>request info: 240e:b87:1f6:d800:a504:b4a9:1b4d:4897<EOL>"
2026-04-21T23:04:03.211+08:00  WARN 20416 --- [inker] [nio-8083-exec-3] c.i.b.s.provider.EastMoneyStockProvider  : Failed to fetch concepts for stock. code=688429, market=SH, message=403 Forbidden: "<h1>Nginx forbidden.</h1> <br/>request info: 240e:b87:1f6:d800:a504:b4a9:1b4d:4897<EOL>"
2026-04-21T23:04:03.262+08:00  WARN 20416 --- [inker] [nio-8083-exec-3] c.i.b.s.provider.EastMoneyStockProvider  : Failed to fetch concepts for stock. code=688432, market=SH, message=403 Forbidden: "<h1>Nginx forbidden.</h1> <br/>request info: 240e:b87:1f6:d800:a504:b4a9:1b4d:4897<EOL>"
2026-04-21T23:04:03.307+08:00  WARN 20416 --- [inker] [nio-8083-exec-3] c.i.b.s.provider.EastMoneyStockProvider  : Failed to fetch concepts for stock. code=688433, market=SH, message=403 Forbidden: "<h1>Nginx forbidden.</h1> <br/>request info: 240e:b87:1f6:d800:a504:b4a9:1b4d:4897<EOL>"
2026-04-21T23:04:03.349+08:00  WARN 20416 --- [inker] [nio-8083-exec-3] c.i.b.s.provider.EastMoneyStockProvider  : Failed to fetch concepts for stock. code=688435, market=SH, message=403 Forbidden: "<h1>Nginx forbidden.</h1> <br/>request info: 240e:b87:1f6:d800:a504:b4a9:1b4d:4897<EOL>"
2026-04-21T23:04:03.406+08:00  WARN 20416 --- [inker] [nio-8083-exec-3] c.i.b.s.provider.EastMoneyStockProvider  : Failed to fetch concepts for stock. code=688439, market=SH, message=403 Forbidden: "<h1>Nginx forbidden.</h1> <br/>request info: 240e:b87:1f6:d800:a504:b4a9:1b4d:4897<EOL>"
2026-04-21T23:04:03.450+08:00  WARN 20416 --- [inker] [nio-8083-exec-3] c.i.b.s.provider.EastMoneyStockProvider  : Failed to fetch concepts for stock. code=688443, market=SH, message=403 Forbidden: "<h1>Nginx forbidden.</h1> <br/>request info: 240e:b87:1f6:d800:a504:b4a9:1b4d:4897<EOL>"
2026-04-21T23:04:03.493+08:00  WARN 20416 --- [inker] [nio-8083-exec-3] c.i.b.s.provider.EastMoneyStockProvider  : Failed to fetch concepts for stock. code=688448, market=SH, message=403 Forbidden: "<h1>Nginx forbidden.</h1> <br/>request info: 240e:b87:1f6:d800:a504:b4a9:1b4d:4897<EOL>"
2026-04-21T23:04:03.536+08:00  WARN 20416 --- [inker] [nio-8083-exec-3] c.i.b.s.provider.EastMoneyStockProvider  : Failed to fetch concepts for stock. code=688449, market=SH, message=403 Forbidden: "<h1>Nginx forbidden.</h1> <br/>request info: 240e:b87:1f6:d800:a504:b4a9:1b4d:4897<EOL>"
2026-04-21T23:04:03.588+08:00  WARN 20416 --- [inker] [nio-8083-exec-3] c.i.b.s.provider.EastMoneyStockProvider  : Failed to fetch concepts for stock. code=688450, market=SH, message=403 Forbidden: "<h1>Nginx forbidden.</h1> <br/>request info: 240e:b87:1f6:d800:a504:b4a9:1b4d:4897<EOL>"
2026-04-21T23:04:03.633+08:00  WARN 20416 --- [inker] [nio-8083-exec-3] c.i.b.s.provider.EastMoneyStockProvider  : Failed to fetch concepts for stock. code=688455, market=SH, message=403 Forbidden: "<h1>Nginx forbidden.</h1> <br/>request info: 240e:b87:1f6:d800:a504:b4a9:1b4d:4897<EOL>"
2026-04-21T23:04:03.678+08:00  WARN 20416 --- [inker] [nio-8083-exec-3] c.i.b.s.provider.EastMoneyStockProvider  : Failed to fetch concepts for stock. code=688456, market=SH, message=403 Forbidden: "<h1>Nginx forbidden.</h1> <br/>request info: 240e:b87:1f6:d800:a504:b4a9:1b4d:4897<EOL>"
2026-04-21T23:04:03.722+08:00  WARN 20416 --- [inker] [nio-8083-exec-3] c.i.b.s.provider.EastMoneyStockProvider  : Failed to fetch concepts for stock. code=688458, market=SH, message=403 Forbidden: "<h1>Nginx forbidden.</h1> <br/>request info: 240e:b87:1f6:d800:a504:b4a9:1b4d:4897<EOL>"
2026-04-21T23:04:03.768+08:00  WARN 20416 --- [inker] [nio-8083-exec-3] c.i.b.s.provider.EastMoneyStockProvider  : Failed to fetch concepts for stock. code=688459, market=SH, message=403 Forbidden: "<h1>Nginx forbidden.</h1> <br/>request info: 240e:b87:1f6:d800:a504:b4a9:1b4d:4897<EOL>"
2026-04-21T23:04:03.812+08:00  WARN 20416 --- [inker] [nio-8083-exec-3] c.i.b.s.provider.EastMoneyStockProvider  : Failed to fetch concepts for stock. code=688466, market=SH, message=403 Forbidden: "<h1>Nginx forbidden.</h1> <br/>request info: 240e:b87:1f6:d800:a504:b4a9:1b4d:4897<EOL>"
2026-04-21T23:04:03.859+08:00  WARN 20416 --- [inker] [nio-8083-exec-3] c.i.b.s.provider.EastMoneyStockProvider  : Failed to fetch concepts for stock. code=688468, market=SH, message=403 Forbidden: "<h1>Nginx forbidden.</h1> <br/>request info: 240e:b87:1f6:d800:a504:b4a9:1b4d:4897<EOL>"
2026-04-21T23:04:03.903+08:00  WARN 20416 --- [inker] [nio-8083-exec-3] c.i.b.s.provider.EastMoneyStockProvider  : Failed to fetch concepts for stock. code=688469, market=SH, message=403 Forbidden: "<h1>Nginx forbidden.</h1> <br/>request info: 240e:b87:1f6:d800:a504:b4a9:1b4d:4897<EOL>"
2026-04-21T23:04:03.949+08:00  WARN 20416 --- [inker] [nio-8083-exec-3] c.i.b.s.provider.EastMoneyStockProvider  : Failed to fetch concepts for stock. code=688472, market=SH, message=403 Forbidden: "<h1>Nginx forbidden.</h1> <br/>request info: 240e:b87:1f6:d800:a504:b4a9:1b4d:4897<EOL>"
2026-04-21T23:04:03.994+08:00  WARN 20416 --- [inker] [nio-8083-exec-3] c.i.b.s.provider.EastMoneyStockProvider  : Failed to fetch concepts for stock. code=688475, market=SH, message=403 Forbidden: "<h1>Nginx forbidden.</h1> <br/>request info: 240e:b87:1f6:d800:a504:b4a9:1b4d:4897<EOL>"
2026-04-21T23:04:04.034+08:00  WARN 20416 --- [inker] [nio-8083-exec-3] c.i.b.s.provider.EastMoneyStockProvider  : Failed to fetch concepts for stock. code=688478, market=SH, message=403 Forbidden: "<h1>Nginx forbidden.</h1> <br/>request info: 240e:b87:1f6:d800:a504:b4a9:1b4d:4897<EOL>"
2026-04-21T23:04:04.078+08:00  WARN 20416 --- [inker] [nio-8083-exec-3] c.i.b.s.provider.EastMoneyStockProvider  : Failed to fetch concepts for stock. code=688479, market=SH, message=403 Forbidden: "<h1>Nginx forbidden.</h1> <br/>request info: 240e:b87:1f6:d800:a504:b4a9:1b4d:4897<EOL>"
2026-04-21T23:04:04.122+08:00  WARN 20416 --- [inker] [nio-8083-exec-3] c.i.b.s.provider.EastMoneyStockProvider  : Failed to fetch concepts for stock. code=688480, market=SH, message=403 Forbidden: "<h1>Nginx forbidden.</h1> <br/>request info: 240e:b87:1f6:d800:a504:b4a9:1b4d:4897<EOL>"
2026-04-21T23:04:04.167+08:00  WARN 20416 --- [inker] [nio-8083-exec-3] c.i.b.s.provider.EastMoneyStockProvider  : Failed to fetch concepts for stock. code=688484, market=SH, message=403 Forbidden: "<h1>Nginx forbidden.</h1> <br/>request info: 240e:b87:1f6:d800:a504:b4a9:1b4d:4897<EOL>"
2026-04-21T23:04:04.216+08:00  WARN 20416 --- [inker] [nio-8083-exec-3] c.i.b.s.provider.EastMoneyStockProvider  : Failed to fetch concepts for stock. code=688485, market=SH, message=403 Forbidden: "<h1>Nginx forbidden.</h1> <br/>request info: 240e:b87:1f6:d800:a504:b4a9:1b4d:4897<EOL>"
2026-04-21T23:04:04.267+08:00  WARN 20416 --- [inker] [nio-8083-exec-3] c.i.b.s.provider.EastMoneyStockProvider  : Failed to fetch concepts for stock. code=688486, market=SH, message=403 Forbidden: "<h1>Nginx forbidden.</h1> <br/>request info: 240e:b87:1f6:d800:a504:b4a9:1b4d:4897<EOL>"
2026-04-21T23:04:04.312+08:00  WARN 20416 --- [inker] [nio-8083-exec-3] c.i.b.s.provider.EastMoneyStockProvider  : Failed to fetch concepts for stock. code=688488, market=SH, message=403 Forbidden: "<h1>Nginx forbidden.</h1> <br/>request info: 240e:b87:1f6:d800:a504:b4a9:1b4d:4897<EOL>"
2026-04-21T23:04:04.357+08:00  WARN 20416 --- [inker] [nio-8083-exec-3] c.i.b.s.provider.EastMoneyStockProvider  : Failed to fetch concepts for stock. code=688489, market=SH, message=403 Forbidden: "<h1>Nginx forbidden.</h1> <br/>request info: 240e:b87:1f6:d800:a504:b4a9:1b4d:4897<EOL>"
2026-04-21T23:04:04.400+08:00  WARN 20416 --- [inker] [nio-8083-exec-3] c.i.b.s.provider.EastMoneyStockProvider  : Failed to fetch concepts for stock. code=688496, market=SH, message=403 Forbidden: "<h1>Nginx forbidden.</h1> <br/>request info: 240e:b87:1f6:d800:a504:b4a9:1b4d:4897<EOL>"
2026-04-21T23:04:04.451+08:00  WARN 20416 --- [inker] [nio-8083-exec-3] c.i.b.s.provider.EastMoneyStockProvider  : Failed to fetch concepts for stock. code=688498, market=SH, message=403 Forbidden: "<h1>Nginx forbidden.</h1> <br/>request info: 240e:b87:1f6:d800:a504:b4a9:1b4d:4897<EOL>"
2026-04-21T23:04:04.494+08:00  WARN 20416 --- [inker] [nio-8083-exec-3] c.i.b.s.provider.EastMoneyStockProvider  : Failed to fetch concepts for stock. code=688499, market=SH, message=403 Forbidden: "<h1>Nginx forbidden.</h1> <br/>request info: 240e:b87:1f6:d800:a504:b4a9:1b4d:4897<EOL>"
2026-04-21T23:04:04.544+08:00  WARN 20416 --- [inker] [nio-8083-exec-3] c.i.b.s.provider.EastMoneyStockProvider  : Failed to fetch concepts for stock. code=688500, market=SH, message=403 Forbidden: "<h1>Nginx forbidden.</h1> <br/>request info: 240e:b87:1f6:d800:a504:b4a9:1b4d:4897<EOL>"
2026-04-21T23:04:04.595+08:00  WARN 20416 --- [inker] [nio-8083-exec-3] c.i.b.s.provider.EastMoneyStockProvider  : Failed to fetch concepts for stock. code=688501, market=SH, message=403 Forbidden: "<h1>Nginx forbidden.</h1> <br/>request info: 240e:b87:1f6:d800:a504:b4a9:1b4d:4897<EOL>"
2026-04-21T23:04:04.641+08:00  WARN 20416 --- [inker] [nio-8083-exec-3] c.i.b.s.provider.EastMoneyStockProvider  : Failed to fetch concepts for stock. code=688502, market=SH, message=403 Forbidden: "<h1>Nginx forbidden.</h1> <br/>request info: 240e:b87:1f6:d800:a504:b4a9:1b4d:4897<EOL>"
2026-04-21T23:04:04.687+08:00  WARN 20416 --- [inker] [nio-8083-exec-3] c.i.b.s.provider.EastMoneyStockProvider  : Failed to fetch concepts for stock. code=688503, market=SH, message=403 Forbidden: "<h1>Nginx forbidden.</h1> <br/>request info: 240e:b87:1f6:d800:a504:b4a9:1b4d:4897<EOL>"
2026-04-21T23:04:04.733+08:00  WARN 20416 --- [inker] [nio-8083-exec-3] c.i.b.s.provider.EastMoneyStockProvider  : Failed to fetch concepts for stock. code=688505, market=SH, message=403 Forbidden: "<h1>Nginx forbidden.</h1> <br/>request info: 240e:b87:1f6:d800:a504:b4a9:1b4d:4897<EOL>"
2026-04-21T23:04:04.779+08:00  WARN 20416 --- [inker] [nio-8083-exec-3] c.i.b.s.provider.EastMoneyStockProvider  : Failed to fetch concepts for stock. code=688506, market=SH, message=403 Forbidden: "<h1>Nginx forbidden.</h1> <br/>request info: 240e:b87:1f6:d800:a504:b4a9:1b4d:4897<EOL>"
2026-04-21T23:04:04.823+08:00  WARN 20416 --- [inker] [nio-8083-exec-3] c.i.b.s.provider.EastMoneyStockProvider  : Failed to fetch concepts for stock. code=688507, market=SH, message=403 Forbidden: "<h1>Nginx forbidden.</h1> <br/>request info: 240e:b87:1f6:d800:a504:b4a9:1b4d:4897<EOL>"
2026-04-21T23:04:04.868+08:00  WARN 20416 --- [inker] [nio-8083-exec-3] c.i.b.s.provider.EastMoneyStockProvider  : Failed to fetch concepts for stock. code=688508, market=SH, message=403 Forbidden: "<h1>Nginx forbidden.</h1> <br/>request info: 240e:b87:1f6:d800:a504:b4a9:1b4d:4897<EOL>"
2026-04-21T23:04:04.912+08:00  WARN 20416 --- [inker] [nio-8083-exec-3] c.i.b.s.provider.EastMoneyStockProvider  : Failed to fetch concepts for stock. code=688509, market=SH, message=403 Forbidden: "<h1>Nginx forbidden.</h1> <br/>request info: 240e:b87:1f6:d800:a504:b4a9:1b4d:4897<EOL>"
2026-04-21T23:04:04.957+08:00  WARN 20416 --- [inker] [nio-8083-exec-3] c.i.b.s.provider.EastMoneyStockProvider  : Failed to fetch concepts for stock. code=688510, market=SH, message=403 Forbidden: "<h1>Nginx forbidden.</h1> <br/>request info: 240e:b87:1f6:d800:a504:b4a9:1b4d:4897<EOL>"
2026-04-21T23:04:05.001+08:00  WARN 20416 --- [inker] [nio-8083-exec-3] c.i.b.s.provider.EastMoneyStockProvider  : Failed to fetch concepts for stock. code=688511, market=SH, message=403 Forbidden: "<h1>Nginx forbidden.</h1> <br/>request info: 240e:b87:1f6:d800:a504:b4a9:1b4d:4897<EOL>"
2026-04-21T23:04:05.048+08:00  WARN 20416 --- [inker] [nio-8083-exec-3] c.i.b.s.provider.EastMoneyStockProvider  : Failed to fetch concepts for stock. code=688512, market=SH, message=403 Forbidden: "<h1>Nginx forbidden.</h1> <br/>request info: 240e:b87:1f6:d800:a504:b4a9:1b4d:4897<EOL>"
2026-04-21T23:04:05.093+08:00  WARN 20416 --- [inker] [nio-8083-exec-3] c.i.b.s.provider.EastMoneyStockProvider  : Failed to fetch concepts for stock. code=688513, market=SH, message=403 Forbidden: "<h1>Nginx forbidden.</h1> <br/>request info: 240e:b87:1f6:d800:a504:b4a9:1b4d:4897<EOL>"
2026-04-21T23:04:05.140+08:00  WARN 20416 --- [inker] [nio-8083-exec-3] c.i.b.s.provider.EastMoneyStockProvider  : Failed to fetch concepts for stock. code=688515, market=SH, message=403 Forbidden: "<h1>Nginx forbidden.</h1> <br/>request info: 240e:b87:1f6:d800:a504:b4a9:1b4d:4897<EOL>"
2026-04-21T23:04:05.187+08:00  WARN 20416 --- [inker] [nio-8083-exec-3] c.i.b.s.provider.EastMoneyStockProvider  : Failed to fetch concepts for stock. code=688516, market=SH, message=403 Forbidden: "<h1>Nginx forbidden.</h1> <br/>request info: 240e:b87:1f6:d800:a504:b4a9:1b4d:4897<EOL>"
2026-04-21T23:04:05.230+08:00  WARN 20416 --- [inker] [nio-8083-exec-3] c.i.b.s.provider.EastMoneyStockProvider  : Failed to fetch concepts for stock. code=688517, market=SH, message=403 Forbidden: "<h1>Nginx forbidden.</h1> <br/>request info: 240e:b87:1f6:d800:a504:b4a9:1b4d:4897<EOL>"
2026-04-21T23:04:05.278+08:00  WARN 20416 --- [inker] [nio-8083-exec-3] c.i.b.s.provider.EastMoneyStockProvider  : Failed to fetch concepts for stock. code=688518, market=SH, message=403 Forbidden: "<h1>Nginx forbidden.</h1> <br/>request info: 240e:b87:1f6:d800:a504:b4a9:1b4d:4897<EOL>"
2026-04-21T23:04:05.323+08:00  WARN 20416 --- [inker] [nio-8083-exec-3] c.i.b.s.provider.EastMoneyStockProvider  : Failed to fetch concepts for stock. code=688519, market=SH, message=403 Forbidden: "<h1>Nginx forbidden.</h1> <br/>request info: 240e:b87:1f6:d800:a504:b4a9:1b4d:4897<EOL>"
2026-04-21T23:04:05.368+08:00  WARN 20416 --- [inker] [nio-8083-exec-3] c.i.b.s.provider.EastMoneyStockProvider  : Failed to fetch concepts for stock. code=688520, market=SH, message=403 Forbidden: "<h1>Nginx forbidden.</h1> <br/>request info: 240e:b87:1f6:d800:a504:b4a9:1b4d:4897<EOL>"
2026-04-21T23:04:05.412+08:00  WARN 20416 --- [inker] [nio-8083-exec-3] c.i.b.s.provider.EastMoneyStockProvider  : Failed to fetch concepts for stock. code=688521, market=SH, message=403 Forbidden: "<h1>Nginx forbidden.</h1> <br/>request info: 240e:b87:1f6:d800:a504:b4a9:1b4d:4897<EOL>"
2026-04-21T23:04:05.460+08:00  WARN 20416 --- [inker] [nio-8083-exec-3] c.i.b.s.provider.EastMoneyStockProvider  : Failed to fetch concepts for stock. code=688522, market=SH, message=403 Forbidden: "<h1>Nginx forbidden.</h1> <br/>request info: 240e:b87:1f6:d800:a504:b4a9:1b4d:4897<EOL>"
2026-04-21T23:04:05.509+08:00  WARN 20416 --- [inker] [nio-8083-exec-3] c.i.b.s.provider.EastMoneyStockProvider  : Failed to fetch concepts for stock. code=688523, market=SH, message=403 Forbidden: "<h1>Nginx forbidden.</h1> <br/>request info: 240e:b87:1f6:d800:a504:b4a9:1b4d:4897<EOL>"
2026-04-21T23:04:05.560+08:00  WARN 20416 --- [inker] [nio-8083-exec-3] c.i.b.s.provider.EastMoneyStockProvider  : Failed to fetch concepts for stock. code=688525, market=SH, message=403 Forbidden: "<h1>Nginx forbidden.</h1> <br/>request info: 240e:b87:1f6:d800:a504:b4a9:1b4d:4897<EOL>"
2026-04-21T23:04:05.606+08:00  WARN 20416 --- [inker] [nio-8083-exec-3] c.i.b.s.provider.EastMoneyStockProvider  : Failed to fetch concepts for stock. code=688526, market=SH, message=403 Forbidden: "<h1>Nginx forbidden.</h1> <br/>request info: 240e:b87:1f6:d800:a504:b4a9:1b4d:4897<EOL>"
2026-04-21T23:04:05.652+08:00  WARN 20416 --- [inker] [nio-8083-exec-3] c.i.b.s.provider.EastMoneyStockProvider  : Failed to fetch concepts for stock. code=688528, market=SH, message=403 Forbidden: "<h1>Nginx forbidden.</h1> <br/>request info: 240e:b87:1f6:d800:a504:b4a9:1b4d:4897<EOL>"
2026-04-21T23:04:05.697+08:00  WARN 20416 --- [inker] [nio-8083-exec-3] c.i.b.s.provider.EastMoneyStockProvider  : Failed to fetch concepts for stock. code=688529, market=SH, message=403 Forbidden: "<h1>Nginx forbidden.</h1> <br/>request info: 240e:b87:1f6:d800:a504:b4a9:1b4d:4897<EOL>"
2026-04-21T23:04:05.745+08:00  WARN 20416 --- [inker] [nio-8083-exec-3] c.i.b.s.provider.EastMoneyStockProvider  : Failed to fetch concepts for stock. code=688530, market=SH, message=403 Forbidden: "<h1>Nginx forbidden.</h1> <br/>request info: 240e:b87:1f6:d800:a504:b4a9:1b4d:4897<EOL>"
2026-04-21T23:04:05.791+08:00  WARN 20416 --- [inker] [nio-8083-exec-3] c.i.b.s.provider.EastMoneyStockProvider  : Failed to fetch concepts for stock. code=688531, market=SH, message=403 Forbidden: "<h1>Nginx forbidden.</h1> <br/>request info: 240e:b87:1f6:d800:a504:b4a9:1b4d:4897<EOL>"
2026-04-21T23:04:05.834+08:00  WARN 20416 --- [inker] [nio-8083-exec-3] c.i.b.s.provider.EastMoneyStockProvider  : Failed to fetch concepts for stock. code=688533, market=SH, message=403 Forbidden: "<h1>Nginx forbidden.</h1> <br/>request info: 240e:b87:1f6:d800:a504:b4a9:1b4d:4897<EOL>"
2026-04-21T23:04:05.883+08:00  WARN 20416 --- [inker] [nio-8083-exec-3] c.i.b.s.provider.EastMoneyStockProvider  : Failed to fetch concepts for stock. code=688535, market=SH, message=403 Forbidden: "<h1>Nginx forbidden.</h1> <br/>request info: 240e:b87:1f6:d800:a504:b4a9:1b4d:4897<EOL>"
2026-04-21T23:04:05.927+08:00  WARN 20416 --- [inker] [nio-8083-exec-3] c.i.b.s.provider.EastMoneyStockProvider  : Failed to fetch concepts for stock. code=688536, market=SH, message=403 Forbidden: "<h1>Nginx forbidden.</h1> <br/>request info: 240e:b87:1f6:d800:a504:b4a9:1b4d:4897<EOL>"
2026-04-21T23:04:05.978+08:00  WARN 20416 --- [inker] [nio-8083-exec-3] c.i.b.s.provider.EastMoneyStockProvider  : Failed to fetch concepts for stock. code=688538, market=SH, message=403 Forbidden: "<h1>Nginx forbidden.</h1> <br/>request info: 240e:b87:1f6:d800:a504:b4a9:1b4d:4897<EOL>"
2026-04-21T23:04:06.022+08:00  WARN 20416 --- [inker] [nio-8083-exec-3] c.i.b.s.provider.EastMoneyStockProvider  : Failed to fetch concepts for stock. code=688539, market=SH, message=403 Forbidden: "<h1>Nginx forbidden.</h1> <br/>request info: 240e:b87:1f6:d800:a504:b4a9:1b4d:4897<EOL>"
2026-04-21T23:04:06.066+08:00  WARN 20416 --- [inker] [nio-8083-exec-3] c.i.b.s.provider.EastMoneyStockProvider  : Failed to fetch concepts for stock. code=688543, market=SH, message=403 Forbidden: "<h1>Nginx forbidden.</h1> <br/>request info: 240e:b87:1f6:d800:a504:b4a9:1b4d:4897<EOL>"
2026-04-21T23:04:06.109+08:00  WARN 20416 --- [inker] [nio-8083-exec-3] c.i.b.s.provider.EastMoneyStockProvider  : Failed to fetch concepts for stock. code=688545, market=SH, message=403 Forbidden: "<h1>Nginx forbidden.</h1> <br/>request info: 240e:b87:1f6:d800:a504:b4a9:1b4d:4897<EOL>"
2026-04-21T23:04:06.159+08:00  WARN 20416 --- [inker] [nio-8083-exec-3] c.i.b.s.provider.EastMoneyStockProvider  : Failed to fetch concepts for stock. code=688548, market=SH, message=403 Forbidden: "<h1>Nginx forbidden.</h1> <br/>request info: 240e:b87:1f6:d800:a504:b4a9:1b4d:4897<EOL>"
2026-04-21T23:04:06.204+08:00  WARN 20416 --- [inker] [nio-8083-exec-3] c.i.b.s.provider.EastMoneyStockProvider  : Failed to fetch concepts for stock. code=688549, market=SH, message=403 Forbidden: "<h1>Nginx forbidden.</h1> <br/>request info: 240e:b87:1f6:d800:a504:b4a9:1b4d:4897<EOL>"
2026-04-21T23:04:06.256+08:00  WARN 20416 --- [inker] [nio-8083-exec-3] c.i.b.s.provider.EastMoneyStockProvider  : Failed to fetch concepts for stock. code=688550, market=SH, message=403 Forbidden: "<h1>Nginx forbidden.</h1> <br/>request info: 240e:b87:1f6:d800:a504:b4a9:1b4d:4897<EOL>"
2026-04-21T23:04:06.302+08:00  WARN 20416 --- [inker] [nio-8083-exec-3] c.i.b.s.provider.EastMoneyStockProvider  : Failed to fetch concepts for stock. code=688551, market=SH, message=403 Forbidden: "<h1>Nginx forbidden.</h1> <br/>request info: 240e:b87:1f6:d800:a504:b4a9:1b4d:4897<EOL>"
2026-04-21T23:04:06.348+08:00  WARN 20416 --- [inker] [nio-8083-exec-3] c.i.b.s.provider.EastMoneyStockProvider  : Failed to fetch concepts for stock. code=688552, market=SH, message=403 Forbidden: "<h1>Nginx forbidden.</h1> <br/>request info: 240e:b87:1f6:d800:a504:b4a9:1b4d:4897<EOL>"
2026-04-21T23:04:06.392+08:00  WARN 20416 --- [inker] [nio-8083-exec-3] c.i.b.s.provider.EastMoneyStockProvider  : Failed to fetch concepts for stock. code=688553, market=SH, message=403 Forbidden: "<h1>Nginx forbidden.</h1> <br/>request info: 240e:b87:1f6:d800:a504:b4a9:1b4d:4897<EOL>"
2026-04-21T23:04:06.439+08:00  WARN 20416 --- [inker] [nio-8083-exec-3] c.i.b.s.provider.EastMoneyStockProvider  : Failed to fetch concepts for stock. code=688556, market=SH, message=403 Forbidden: "<h1>Nginx forbidden.</h1> <br/>request info: 240e:b87:1f6:d800:a504:b4a9:1b4d:4897<EOL>"
2026-04-21T23:04:06.482+08:00  WARN 20416 --- [inker] [nio-8083-exec-3] c.i.b.s.provider.EastMoneyStockProvider  : Failed to fetch concepts for stock. code=688557, market=SH, message=403 Forbidden: "<h1>Nginx forbidden.</h1> <br/>request info: 240e:b87:1f6:d800:a504:b4a9:1b4d:4897<EOL>"
2026-04-21T23:04:06.528+08:00  WARN 20416 --- [inker] [nio-8083-exec-3] c.i.b.s.provider.EastMoneyStockProvider  : Failed to fetch concepts for stock. code=688558, market=SH, message=403 Forbidden: "<h1>Nginx forbidden.</h1> <br/>request info: 240e:b87:1f6:d800:a504:b4a9:1b4d:4897<EOL>"
2026-04-21T23:04:06.577+08:00  WARN 20416 --- [inker] [nio-8083-exec-3] c.i.b.s.provider.EastMoneyStockProvider  : Failed to fetch concepts for stock. code=688559, market=SH, message=403 Forbidden: "<h1>Nginx forbidden.</h1> <br/>request info: 240e:b87:1f6:d800:a504:b4a9:1b4d:4897<EOL>"
2026-04-21T23:04:06.628+08:00  WARN 20416 --- [inker] [nio-8083-exec-3] c.i.b.s.provider.EastMoneyStockProvider  : Failed to fetch concepts for stock. code=688560, market=SH, message=403 Forbidden: "<h1>Nginx forbidden.</h1> <br/>request info: 240e:b87:1f6:d800:a504:b4a9:1b4d:4897<EOL>"
2026-04-21T23:04:06.674+08:00  WARN 20416 --- [inker] [nio-8083-exec-3] c.i.b.s.provider.EastMoneyStockProvider  : Failed to fetch concepts for stock. code=688561, market=SH, message=403 Forbidden: "<h1>Nginx forbidden.</h1> <br/>request info: 240e:b87:1f6:d800:a504:b4a9:1b4d:4897<EOL>"
2026-04-21T23:04:06.718+08:00  WARN 20416 --- [inker] [nio-8083-exec-3] c.i.b.s.provider.EastMoneyStockProvider  : Failed to fetch concepts for stock. code=688562, market=SH, message=403 Forbidden: "<h1>Nginx forbidden.</h1> <br/>request info: 240e:b87:1f6:d800:a504:b4a9:1b4d:4897<EOL>"
2026-04-21T23:04:06.765+08:00  WARN 20416 --- [inker] [nio-8083-exec-3] c.i.b.s.provider.EastMoneyStockProvider  : Failed to fetch concepts for stock. code=688563, market=SH, message=403 Forbidden: "<h1>Nginx forbidden.</h1> <br/>request info: 240e:b87:1f6:d800:a504:b4a9:1b4d:4897<EOL>"
2026-04-21T23:04:06.811+08:00  WARN 20416 --- [inker] [nio-8083-exec-3] c.i.b.s.provider.EastMoneyStockProvider  : Failed to fetch concepts for stock. code=688565, market=SH, message=403 Forbidden: "<h1>Nginx forbidden.</h1> <br/>request info: 240e:b87:1f6:d800:a504:b4a9:1b4d:4897<EOL>"
2026-04-21T23:04:06.855+08:00  WARN 20416 --- [inker] [nio-8083-exec-3] c.i.b.s.provider.EastMoneyStockProvider  : Failed to fetch concepts for stock. code=688566, market=SH, message=403 Forbidden: "<h1>Nginx forbidden.</h1> <br/>request info: 240e:b87:1f6:d800:a504:b4a9:1b4d:4897<EOL>"
2026-04-21T23:04:06.898+08:00  WARN 20416 --- [inker] [nio-8083-exec-3] c.i.b.s.provider.EastMoneyStockProvider  : Failed to fetch concepts for stock. code=688567, market=SH, message=403 Forbidden: "<h1>Nginx forbidden.</h1> <br/>request info: 240e:b87:1f6:d800:a504:b4a9:1b4d:4897<EOL>"
2026-04-21T23:04:06.942+08:00  WARN 20416 --- [inker] [nio-8083-exec-3] c.i.b.s.provider.EastMoneyStockProvider  : Failed to fetch concepts for stock. code=688568, market=SH, message=403 Forbidden: "<h1>Nginx forbidden.</h1> <br/>request info: 240e:b87:1f6:d800:a504:b4a9:1b4d:4897<EOL>"
2026-04-21T23:04:06.988+08:00  WARN 20416 --- [inker] [nio-8083-exec-3] c.i.b.s.provider.EastMoneyStockProvider  : Failed to fetch concepts for stock. code=688569, market=SH, message=403 Forbidden: "<h1>Nginx forbidden.</h1> <br/>request info: 240e:b87:1f6:d800:a504:b4a9:1b4d:4897<EOL>"
2026-04-21T23:04:07.035+08:00  WARN 20416 --- [inker] [nio-8083-exec-3] c.i.b.s.provider.EastMoneyStockProvider  : Failed to fetch concepts for stock. code=688570, market=SH, message=403 Forbidden: "<h1>Nginx forbidden.</h1> <br/>request info: 240e:b87:1f6:d800:a504:b4a9:1b4d:4897<EOL>"
2026-04-21T23:04:07.082+08:00  WARN 20416 --- [inker] [nio-8083-exec-3] c.i.b.s.provider.EastMoneyStockProvider  : Failed to fetch concepts for stock. code=688571, market=SH, message=403 Forbidden: "<h1>Nginx forbidden.</h1> <br/>request info: 240e:b87:1f6:d800:a504:b4a9:1b4d:4897<EOL>"
2026-04-21T23:04:07.126+08:00  WARN 20416 --- [inker] [nio-8083-exec-3] c.i.b.s.provider.EastMoneyStockProvider  : Failed to fetch concepts for stock. code=688573, market=SH, message=403 Forbidden: "<h1>Nginx forbidden.</h1> <br/>request info: 240e:b87:1f6:d800:a504:b4a9:1b4d:4897<EOL>"
2026-04-21T23:04:07.173+08:00  WARN 20416 --- [inker] [nio-8083-exec-3] c.i.b.s.provider.EastMoneyStockProvider  : Failed to fetch concepts for stock. code=688575, market=SH, message=403 Forbidden: "<h1>Nginx forbidden.</h1> <br/>request info: 240e:b87:1f6:d800:a504:b4a9:1b4d:4897<EOL>"
2026-04-21T23:04:07.218+08:00  WARN 20416 --- [inker] [nio-8083-exec-3] c.i.b.s.provider.EastMoneyStockProvider  : Failed to fetch concepts for stock. code=688576, market=SH, message=403 Forbidden: "<h1>Nginx forbidden.</h1> <br/>request info: 240e:b87:1f6:d800:a504:b4a9:1b4d:4897<EOL>"
2026-04-21T23:04:07.265+08:00  WARN 20416 --- [inker] [nio-8083-exec-3] c.i.b.s.provider.EastMoneyStockProvider  : Failed to fetch concepts for stock. code=688577, market=SH, message=403 Forbidden: "<h1>Nginx forbidden.</h1> <br/>request info: 240e:b87:1f6:d800:a504:b4a9:1b4d:4897<EOL>"
2026-04-21T23:04:07.310+08:00  WARN 20416 --- [inker] [nio-8083-exec-3] c.i.b.s.provider.EastMoneyStockProvider  : Failed to fetch concepts for stock. code=688578, market=SH, message=403 Forbidden: "<h1>Nginx forbidden.</h1> <br/>request info: 240e:b87:1f6:d800:a504:b4a9:1b4d:4897<EOL>"
2026-04-21T23:04:07.353+08:00  WARN 20416 --- [inker] [nio-8083-exec-3] c.i.b.s.provider.EastMoneyStockProvider  : Failed to fetch concepts for stock. code=688579, market=SH, message=403 Forbidden: "<h1>Nginx forbidden.</h1> <br/>request info: 240e:b87:1f6:d800:a504:b4a9:1b4d:4897<EOL>"
2026-04-21T23:04:07.397+08:00  WARN 20416 --- [inker] [nio-8083-exec-3] c.i.b.s.provider.EastMoneyStockProvider  : Failed to fetch concepts for stock. code=688580, market=SH, message=403 Forbidden: "<h1>Nginx forbidden.</h1> <br/>request info: 240e:b87:1f6:d800:a504:b4a9:1b4d:4897<EOL>"
2026-04-21T23:04:07.441+08:00  WARN 20416 --- [inker] [nio-8083-exec-3] c.i.b.s.provider.EastMoneyStockProvider  : Failed to fetch concepts for stock. code=688581, market=SH, message=403 Forbidden: "<h1>Nginx forbidden.</h1> <br/>request info: 240e:b87:1f6:d800:a504:b4a9:1b4d:4897<EOL>"
2026-04-21T23:04:07.483+08:00  WARN 20416 --- [inker] [nio-8083-exec-3] c.i.b.s.provider.EastMoneyStockProvider  : Failed to fetch concepts for stock. code=688582, market=SH, message=403 Forbidden: "<h1>Nginx forbidden.</h1> <br/>request info: 240e:b87:1f6:d800:a504:b4a9:1b4d:4897<EOL>"
2026-04-21T23:04:07.528+08:00  WARN 20416 --- [inker] [nio-8083-exec-3] c.i.b.s.provider.EastMoneyStockProvider  : Failed to fetch concepts for stock. code=688583, market=SH, message=403 Forbidden: "<h1>Nginx forbidden.</h1> <br/>request info: 240e:b87:1f6:d800:a504:b4a9:1b4d:4897<EOL>"
2026-04-21T23:04:07.572+08:00  WARN 20416 --- [inker] [nio-8083-exec-3] c.i.b.s.provider.EastMoneyStockProvider  : Failed to fetch concepts for stock. code=688584, market=SH, message=403 Forbidden: "<h1>Nginx forbidden.</h1> <br/>request info: 240e:b87:1f6:d800:a504:b4a9:1b4d:4897<EOL>"
2026-04-21T23:04:07.615+08:00  WARN 20416 --- [inker] [nio-8083-exec-3] c.i.b.s.provider.EastMoneyStockProvider  : Failed to fetch concepts for stock. code=688585, market=SH, message=403 Forbidden: "<h1>Nginx forbidden.</h1> <br/>request info: 240e:b87:1f6:d800:a504:b4a9:1b4d:4897<EOL>"
2026-04-21T23:04:07.665+08:00  WARN 20416 --- [inker] [nio-8083-exec-3] c.i.b.s.provider.EastMoneyStockProvider  : Failed to fetch concepts for stock. code=688586, market=SH, message=403 Forbidden: "<h1>Nginx forbidden.</h1> <br/>request info: 240e:b87:1f6:d800:a504:b4a9:1b4d:4897<EOL>"
2026-04-21T23:04:07.712+08:00  WARN 20416 --- [inker] [nio-8083-exec-3] c.i.b.s.provider.EastMoneyStockProvider  : Failed to fetch concepts for stock. code=688588, market=SH, message=403 Forbidden: "<h1>Nginx forbidden.</h1> <br/>request info: 240e:b87:1f6:d800:a504:b4a9:1b4d:4897<EOL>"
2026-04-21T23:04:07.759+08:00  WARN 20416 --- [inker] [nio-8083-exec-3] c.i.b.s.provider.EastMoneyStockProvider  : Failed to fetch concepts for stock. code=688589, market=SH, message=403 Forbidden: "<h1>Nginx forbidden.</h1> <br/>request info: 240e:b87:1f6:d800:a504:b4a9:1b4d:4897<EOL>"
2026-04-21T23:04:07.802+08:00  WARN 20416 --- [inker] [nio-8083-exec-3] c.i.b.s.provider.EastMoneyStockProvider  : Failed to fetch concepts for stock. code=688590, market=SH, message=403 Forbidden: "<h1>Nginx forbidden.</h1> <br/>request info: 240e:b87:1f6:d800:a504:b4a9:1b4d:4897<EOL>"
2026-04-21T23:04:07.850+08:00  WARN 20416 --- [inker] [nio-8083-exec-3] c.i.b.s.provider.EastMoneyStockProvider  : Failed to fetch concepts for stock. code=688591, market=SH, message=403 Forbidden: "<h1>Nginx forbidden.</h1> <br/>request info: 240e:b87:1f6:d800:a504:b4a9:1b4d:4897<EOL>"
2026-04-21T23:04:07.896+08:00  WARN 20416 --- [inker] [nio-8083-exec-3] c.i.b.s.provider.EastMoneyStockProvider  : Failed to fetch concepts for stock. code=688592, market=SH, message=403 Forbidden: "<h1>Nginx forbidden.</h1> <br/>request info: 240e:b87:1f6:d800:a504:b4a9:1b4d:4897<EOL>"
2026-04-21T23:04:07.942+08:00  WARN 20416 --- [inker] [nio-8083-exec-3] c.i.b.s.provider.EastMoneyStockProvider  : Failed to fetch concepts for stock. code=688593, market=SH, message=403 Forbidden: "<h1>Nginx forbidden.</h1> <br/>request info: 240e:b87:1f6:d800:a504:b4a9:1b4d:4897<EOL>"
2026-04-21T23:04:07.987+08:00  WARN 20416 --- [inker] [nio-8083-exec-3] c.i.b.s.provider.EastMoneyStockProvider  : Failed to fetch concepts for stock. code=688595, market=SH, message=403 Forbidden: "<h1>Nginx forbidden.</h1> <br/>request info: 240e:b87:1f6:d800:a504:b4a9:1b4d:4897<EOL>"
2026-04-21T23:04:08.029+08:00  WARN 20416 --- [inker] [nio-8083-exec-3] c.i.b.s.provider.EastMoneyStockProvider  : Failed to fetch concepts for stock. code=688596, market=SH, message=403 Forbidden: "<h1>Nginx forbidden.</h1> <br/>request info: 240e:b87:1f6:d800:a504:b4a9:1b4d:4897<EOL>"
2026-04-21T23:04:08.075+08:00  WARN 20416 --- [inker] [nio-8083-exec-3] c.i.b.s.provider.EastMoneyStockProvider  : Failed to fetch concepts for stock. code=688597, market=SH, message=403 Forbidden: "<h1>Nginx forbidden.</h1> <br/>request info: 240e:b87:1f6:d800:a504:b4a9:1b4d:4897<EOL>"
2026-04-21T23:04:08.120+08:00  WARN 20416 --- [inker] [nio-8083-exec-3] c.i.b.s.provider.EastMoneyStockProvider  : Failed to fetch concepts for stock. code=688598, market=SH, message=403 Forbidden: "<h1>Nginx forbidden.</h1> <br/>request info: 240e:b87:1f6:d800:a504:b4a9:1b4d:4897<EOL>"
2026-04-21T23:04:08.164+08:00  WARN 20416 --- [inker] [nio-8083-exec-3] c.i.b.s.provider.EastMoneyStockProvider  : Failed to fetch concepts for stock. code=688599, market=SH, message=403 Forbidden: "<h1>Nginx forbidden.</h1> <br/>request info: 240e:b87:1f6:d800:a504:b4a9:1b4d:4897<EOL>"
2026-04-21T23:04:08.209+08:00  WARN 20416 --- [inker] [nio-8083-exec-3] c.i.b.s.provider.EastMoneyStockProvider  : Failed to fetch concepts for stock. code=688600, market=SH, message=403 Forbidden: "<h1>Nginx forbidden.</h1> <br/>request info: 240e:b87:1f6:d800:a504:b4a9:1b4d:4897<EOL>"
2026-04-21T23:04:08.254+08:00  WARN 20416 --- [inker] [nio-8083-exec-3] c.i.b.s.provider.EastMoneyStockProvider  : Failed to fetch concepts for stock. code=688601, market=SH, message=403 Forbidden: "<h1>Nginx forbidden.</h1> <br/>request info: 240e:b87:1f6:d800:a504:b4a9:1b4d:4897<EOL>"
2026-04-21T23:04:08.299+08:00  WARN 20416 --- [inker] [nio-8083-exec-3] c.i.b.s.provider.EastMoneyStockProvider  : Failed to fetch concepts for stock. code=688602, market=SH, message=403 Forbidden: "<h1>Nginx forbidden.</h1> <br/>request info: 240e:b87:1f6:d800:a504:b4a9:1b4d:4897<EOL>"
2026-04-21T23:04:08.343+08:00  WARN 20416 --- [inker] [nio-8083-exec-3] c.i.b.s.provider.EastMoneyStockProvider  : Failed to fetch concepts for stock. code=688603, market=SH, message=403 Forbidden: "<h1>Nginx forbidden.</h1> <br/>request info: 240e:b87:1f6:d800:a504:b4a9:1b4d:4897<EOL>"
2026-04-21T23:04:08.386+08:00  WARN 20416 --- [inker] [nio-8083-exec-3] c.i.b.s.provider.EastMoneyStockProvider  : Failed to fetch concepts for stock. code=688605, market=SH, message=403 Forbidden: "<h1>Nginx forbidden.</h1> <br/>request info: 240e:b87:1f6:d800:a504:b4a9:1b4d:4897<EOL>"
2026-04-21T23:04:08.430+08:00  WARN 20416 --- [inker] [nio-8083-exec-3] c.i.b.s.provider.EastMoneyStockProvider  : Failed to fetch concepts for stock. code=688606, market=SH, message=403 Forbidden: "<h1>Nginx forbidden.</h1> <br/>request info: 240e:b87:1f6:d800:a504:b4a9:1b4d:4897<EOL>"
2026-04-21T23:04:08.476+08:00  WARN 20416 --- [inker] [nio-8083-exec-3] c.i.b.s.provider.EastMoneyStockProvider  : Failed to fetch concepts for stock. code=688607, market=SH, message=403 Forbidden: "<h1>Nginx forbidden.</h1> <br/>request info: 240e:b87:1f6:d800:a504:b4a9:1b4d:4897<EOL>"
2026-04-21T23:04:08.522+08:00  WARN 20416 --- [inker] [nio-8083-exec-3] c.i.b.s.provider.EastMoneyStockProvider  : Failed to fetch concepts for stock. code=688608, market=SH, message=403 Forbidden: "<h1>Nginx forbidden.</h1> <br/>request info: 240e:b87:1f6:d800:a504:b4a9:1b4d:4897<EOL>"
2026-04-21T23:04:08.566+08:00  WARN 20416 --- [inker] [nio-8083-exec-3] c.i.b.s.provider.EastMoneyStockProvider  : Failed to fetch concepts for stock. code=688609, market=SH, message=403 Forbidden: "<h1>Nginx forbidden.</h1> <br/>request info: 240e:b87:1f6:d800:a504:b4a9:1b4d:4897<EOL>"
2026-04-21T23:04:08.609+08:00  WARN 20416 --- [inker] [nio-8083-exec-3] c.i.b.s.provider.EastMoneyStockProvider  : Failed to fetch concepts for stock. code=688610, market=SH, message=403 Forbidden: "<h1>Nginx forbidden.</h1> <br/>request info: 240e:b87:1f6:d800:a504:b4a9:1b4d:4897<EOL>"
2026-04-21T23:04:08.654+08:00  WARN 20416 --- [inker] [nio-8083-exec-3] c.i.b.s.provider.EastMoneyStockProvider  : Failed to fetch concepts for stock. code=688611, market=SH, message=403 Forbidden: "<h1>Nginx forbidden.</h1> <br/>request info: 240e:b87:1f6:d800:a504:b4a9:1b4d:4897<EOL>"
2026-04-21T23:04:08.699+08:00  WARN 20416 --- [inker] [nio-8083-exec-3] c.i.b.s.provider.EastMoneyStockProvider  : Failed to fetch concepts for stock. code=688612, market=SH, message=403 Forbidden: "<h1>Nginx forbidden.</h1> <br/>request info: 240e:b87:1f6:d800:a504:b4a9:1b4d:4897<EOL>"
2026-04-21T23:04:08.747+08:00  WARN 20416 --- [inker] [nio-8083-exec-3] c.i.b.s.provider.EastMoneyStockProvider  : Failed to fetch concepts for stock. code=688613, market=SH, message=403 Forbidden: "<h1>Nginx forbidden.</h1> <br/>request info: 240e:b87:1f6:d800:a504:b4a9:1b4d:4897<EOL>"
2026-04-21T23:04:08.794+08:00  WARN 20416 --- [inker] [nio-8083-exec-3] c.i.b.s.provider.EastMoneyStockProvider  : Failed to fetch concepts for stock. code=688615, market=SH, message=403 Forbidden: "<h1>Nginx forbidden.</h1> <br/>request info: 240e:b87:1f6:d800:a504:b4a9:1b4d:4897<EOL>"
2026-04-21T23:04:08.838+08:00  WARN 20416 --- [inker] [nio-8083-exec-3] c.i.b.s.provider.EastMoneyStockProvider  : Failed to fetch concepts for stock. code=688616, market=SH, message=403 Forbidden: "<h1>Nginx forbidden.</h1> <br/>request info: 240e:b87:1f6:d800:a504:b4a9:1b4d:4897<EOL>"
2026-04-21T23:04:08.882+08:00  WARN 20416 --- [inker] [nio-8083-exec-3] c.i.b.s.provider.EastMoneyStockProvider  : Failed to fetch concepts for stock. code=688617, market=SH, message=403 Forbidden: "<h1>Nginx forbidden.</h1> <br/>request info: 240e:b87:1f6:d800:a504:b4a9:1b4d:4897<EOL>"
2026-04-21T23:04:08.931+08:00  WARN 20416 --- [inker] [nio-8083-exec-3] c.i.b.s.provider.EastMoneyStockProvider  : Failed to fetch concepts for stock. code=688618, market=SH, message=403 Forbidden: "<h1>Nginx forbidden.</h1> <br/>request info: 240e:b87:1f6:d800:a504:b4a9:1b4d:4897<EOL>"
2026-04-21T23:04:08.979+08:00  WARN 20416 --- [inker] [nio-8083-exec-3] c.i.b.s.provider.EastMoneyStockProvider  : Failed to fetch concepts for stock. code=688619, market=SH, message=403 Forbidden: "<h1>Nginx forbidden.</h1> <br/>request info: 240e:b87:1f6:d800:a504:b4a9:1b4d:4897<EOL>"
2026-04-21T23:04:09.025+08:00  WARN 20416 --- [inker] [nio-8083-exec-3] c.i.b.s.provider.EastMoneyStockProvider  : Failed to fetch concepts for stock. code=688620, market=SH, message=403 Forbidden: "<h1>Nginx forbidden.</h1> <br/>request info: 240e:b87:1f6:d800:a504:b4a9:1b4d:4897<EOL>"
2026-04-21T23:04:09.074+08:00  WARN 20416 --- [inker] [nio-8083-exec-3] c.i.b.s.provider.EastMoneyStockProvider  : Failed to fetch concepts for stock. code=688621, market=SH, message=403 Forbidden: "<h1>Nginx forbidden.</h1> <br/>request info: 240e:b87:1f6:d800:a504:b4a9:1b4d:4897<EOL>"
2026-04-21T23:04:09.119+08:00  WARN 20416 --- [inker] [nio-8083-exec-3] c.i.b.s.provider.EastMoneyStockProvider  : Failed to fetch concepts for stock. code=688622, market=SH, message=403 Forbidden: "<h1>Nginx forbidden.</h1> <br/>request info: 240e:b87:1f6:d800:a504:b4a9:1b4d:4897<EOL>"
2026-04-21T23:04:09.169+08:00  WARN 20416 --- [inker] [nio-8083-exec-3] c.i.b.s.provider.EastMoneyStockProvider  : Failed to fetch concepts for stock. code=688623, market=SH, message=403 Forbidden: "<h1>Nginx forbidden.</h1> <br/>request info: 240e:b87:1f6:d800:a504:b4a9:1b4d:4897<EOL>"
2026-04-21T23:04:09.211+08:00  WARN 20416 --- [inker] [nio-8083-exec-3] c.i.b.s.provider.EastMoneyStockProvider  : Failed to fetch concepts for stock. code=688625, market=SH, message=403 Forbidden: "<h1>Nginx forbidden.</h1> <br/>request info: 240e:b87:1f6:d800:a504:b4a9:1b4d:4897<EOL>"
2026-04-21T23:04:09.261+08:00  WARN 20416 --- [inker] [nio-8083-exec-3] c.i.b.s.provider.EastMoneyStockProvider  : Failed to fetch concepts for stock. code=688626, market=SH, message=403 Forbidden: "<h1>Nginx forbidden.</h1> <br/>request info: 240e:b87:1f6:d800:a504:b4a9:1b4d:4897<EOL>"
2026-04-21T23:04:09.306+08:00  WARN 20416 --- [inker] [nio-8083-exec-3] c.i.b.s.provider.EastMoneyStockProvider  : Failed to fetch concepts for stock. code=688627, market=SH, message=403 Forbidden: "<h1>Nginx forbidden.</h1> <br/>request info: 240e:b87:1f6:d800:a504:b4a9:1b4d:4897<EOL>"
2026-04-21T23:04:09.349+08:00  WARN 20416 --- [inker] [nio-8083-exec-3] c.i.b.s.provider.EastMoneyStockProvider  : Failed to fetch concepts for stock. code=688628, market=SH, message=403 Forbidden: "<h1>Nginx forbidden.</h1> <br/>request info: 240e:b87:1f6:d800:a504:b4a9:1b4d:4897<EOL>"
2026-04-21T23:04:09.399+08:00  WARN 20416 --- [inker] [nio-8083-exec-3] c.i.b.s.provider.EastMoneyStockProvider  : Failed to fetch concepts for stock. code=688629, market=SH, message=403 Forbidden: "<h1>Nginx forbidden.</h1> <br/>request info: 240e:b87:1f6:d800:a504:b4a9:1b4d:4897<EOL>"
2026-04-21T23:04:09.441+08:00  WARN 20416 --- [inker] [nio-8083-exec-3] c.i.b.s.provider.EastMoneyStockProvider  : Failed to fetch concepts for stock. code=688630, market=SH, message=403 Forbidden: "<h1>Nginx forbidden.</h1> <br/>request info: 240e:b87:1f6:d800:a504:b4a9:1b4d:4897<EOL>"
2026-04-21T23:04:09.487+08:00  WARN 20416 --- [inker] [nio-8083-exec-3] c.i.b.s.provider.EastMoneyStockProvider  : Failed to fetch concepts for stock. code=688631, market=SH, message=403 Forbidden: "<h1>Nginx forbidden.</h1> <br/>request info: 240e:b87:1f6:d800:a504:b4a9:1b4d:4897<EOL>"
2026-04-21T23:04:09.532+08:00  WARN 20416 --- [inker] [nio-8083-exec-3] c.i.b.s.provider.EastMoneyStockProvider  : Failed to fetch concepts for stock. code=688633, market=SH, message=403 Forbidden: "<h1>Nginx forbidden.</h1> <br/>request info: 240e:b87:1f6:d800:a504:b4a9:1b4d:4897<EOL>"
2026-04-21T23:04:09.577+08:00  WARN 20416 --- [inker] [nio-8083-exec-3] c.i.b.s.provider.EastMoneyStockProvider  : Failed to fetch concepts for stock. code=688636, market=SH, message=403 Forbidden: "<h1>Nginx forbidden.</h1> <br/>request info: 240e:b87:1f6:d800:a504:b4a9:1b4d:4897<EOL>"
2026-04-21T23:04:09.625+08:00  WARN 20416 --- [inker] [nio-8083-exec-3] c.i.b.s.provider.EastMoneyStockProvider  : Failed to fetch concepts for stock. code=688638, market=SH, message=403 Forbidden: "<h1>Nginx forbidden.</h1> <br/>request info: 240e:b87:1f6:d800:a504:b4a9:1b4d:4897<EOL>"
2026-04-21T23:04:09.669+08:00  WARN 20416 --- [inker] [nio-8083-exec-3] c.i.b.s.provider.EastMoneyStockProvider  : Failed to fetch concepts for stock. code=688639, market=SH, message=403 Forbidden: "<h1>Nginx forbidden.</h1> <br/>request info: 240e:b87:1f6:d800:a504:b4a9:1b4d:4897<EOL>"
2026-04-21T23:04:09.717+08:00  WARN 20416 --- [inker] [nio-8083-exec-3] c.i.b.s.provider.EastMoneyStockProvider  : Failed to fetch concepts for stock. code=688648, market=SH, message=403 Forbidden: "<h1>Nginx forbidden.</h1> <br/>request info: 240e:b87:1f6:d800:a504:b4a9:1b4d:4897<EOL>"
2026-04-21T23:04:09.781+08:00  WARN 20416 --- [inker] [nio-8083-exec-3] c.i.b.s.provider.EastMoneyStockProvider  : Failed to fetch concepts for stock. code=688651, market=SH, message=403 Forbidden: "<h1>Nginx forbidden.</h1> <br/>request info: 240e:b87:1f6:d800:a504:b4a9:1b4d:4897<EOL>"
2026-04-21T23:04:09.830+08:00  WARN 20416 --- [inker] [nio-8083-exec-3] c.i.b.s.provider.EastMoneyStockProvider  : Failed to fetch concepts for stock. code=688652, market=SH, message=403 Forbidden: "<h1>Nginx forbidden.</h1> <br/>request info: 240e:b87:1f6:d800:a504:b4a9:1b4d:4897<EOL>"
2026-04-21T23:04:09.874+08:00  WARN 20416 --- [inker] [nio-8083-exec-3] c.i.b.s.provider.EastMoneyStockProvider  : Failed to fetch concepts for stock. code=688653, market=SH, message=403 Forbidden: "<h1>Nginx forbidden.</h1> <br/>request info: 240e:b87:1f6:d800:a504:b4a9:1b4d:4897<EOL>"
2026-04-21T23:04:09.916+08:00  WARN 20416 --- [inker] [nio-8083-exec-3] c.i.b.s.provider.EastMoneyStockProvider  : Failed to fetch concepts for stock. code=688655, market=SH, message=403 Forbidden: "<h1>Nginx forbidden.</h1> <br/>request info: 240e:b87:1f6:d800:a504:b4a9:1b4d:4897<EOL>"
2026-04-21T23:04:09.959+08:00  WARN 20416 --- [inker] [nio-8083-exec-3] c.i.b.s.provider.EastMoneyStockProvider  : Failed to fetch concepts for stock. code=688656, market=SH, message=403 Forbidden: "<h1>Nginx forbidden.</h1> <br/>request info: 240e:b87:1f6:d800:a504:b4a9:1b4d:4897<EOL>"
2026-04-21T23:04:10.102+08:00  WARN 20416 --- [inker] [nio-8083-exec-3] c.i.b.s.provider.EastMoneyStockProvider  : Failed to fetch concepts for stock. code=688657, market=SH, message=403 Forbidden: "<h1>Nginx forbidden.</h1> <br/>request info: 240e:b87:1f6:d800:a504:b4a9:1b4d:4897<EOL>"
2026-04-21T23:04:10.148+08:00  WARN 20416 --- [inker] [nio-8083-exec-3] c.i.b.s.provider.EastMoneyStockProvider  : Failed to fetch concepts for stock. code=688658, market=SH, message=403 Forbidden: "<h1>Nginx forbidden.</h1> <br/>request info: 240e:b87:1f6:d800:a504:b4a9:1b4d:4897<EOL>"
2026-04-21T23:04:10.193+08:00  WARN 20416 --- [inker] [nio-8083-exec-3] c.i.b.s.provider.EastMoneyStockProvider  : Failed to fetch concepts for stock. code=688659, market=SH, message=403 Forbidden: "<h1>Nginx forbidden.</h1> <br/>request info: 240e:b87:1f6:d800:a504:b4a9:1b4d:4897<EOL>"
2026-04-21T23:04:10.240+08:00  WARN 20416 --- [inker] [nio-8083-exec-3] c.i.b.s.provider.EastMoneyStockProvider  : Failed to fetch concepts for stock. code=688660, market=SH, message=403 Forbidden: "<h1>Nginx forbidden.</h1> <br/>request info: 240e:b87:1f6:d800:a504:b4a9:1b4d:4897<EOL>"
2026-04-21T23:04:10.284+08:00  WARN 20416 --- [inker] [nio-8083-exec-3] c.i.b.s.provider.EastMoneyStockProvider  : Failed to fetch concepts for stock. code=688661, market=SH, message=403 Forbidden: "<h1>Nginx forbidden.</h1> <br/>request info: 240e:b87:1f6:d800:a504:b4a9:1b4d:4897<EOL>"
2026-04-21T23:04:10.348+08:00  WARN 20416 --- [inker] [nio-8083-exec-3] c.i.b.s.provider.EastMoneyStockProvider  : Failed to fetch concepts for stock. code=688662, market=SH, message=403 Forbidden: "<h1>Nginx forbidden.</h1> <br/>request info: 240e:b87:1f6:d800:a504:b4a9:1b4d:4897<EOL>"
2026-04-21T23:04:10.391+08:00  WARN 20416 --- [inker] [nio-8083-exec-3] c.i.b.s.provider.EastMoneyStockProvider  : Failed to fetch concepts for stock. code=688663, market=SH, message=403 Forbidden: "<h1>Nginx forbidden.</h1> <br/>request info: 240e:b87:1f6:d800:a504:b4a9:1b4d:4897<EOL>"
2026-04-21T23:04:10.434+08:00  WARN 20416 --- [inker] [nio-8083-exec-3] c.i.b.s.provider.EastMoneyStockProvider  : Failed to fetch concepts for stock. code=688665, market=SH, message=403 Forbidden: "<h1>Nginx forbidden.</h1> <br/>request info: 240e:b87:1f6:d800:a504:b4a9:1b4d:4897<EOL>"
2026-04-21T23:04:10.482+08:00  WARN 20416 --- [inker] [nio-8083-exec-3] c.i.b.s.provider.EastMoneyStockProvider  : Failed to fetch concepts for stock. code=688667, market=SH, message=403 Forbidden: "<h1>Nginx forbidden.</h1> <br/>request info: 240e:b87:1f6:d800:a504:b4a9:1b4d:4897<EOL>"
2026-04-21T23:04:10.526+08:00  WARN 20416 --- [inker] [nio-8083-exec-3] c.i.b.s.provider.EastMoneyStockProvider  : Failed to fetch concepts for stock. code=688668, market=SH, message=403 Forbidden: "<h1>Nginx forbidden.</h1> <br/>request info: 240e:b87:1f6:d800:a504:b4a9:1b4d:4897<EOL>"
2026-04-21T23:04:10.570+08:00  WARN 20416 --- [inker] [nio-8083-exec-3] c.i.b.s.provider.EastMoneyStockProvider  : Failed to fetch concepts for stock. code=688669, market=SH, message=403 Forbidden: "<h1>Nginx forbidden.</h1> <br/>request info: 240e:b87:1f6:d800:a504:b4a9:1b4d:4897<EOL>"
2026-04-21T23:04:10.618+08:00  WARN 20416 --- [inker] [nio-8083-exec-3] c.i.b.s.provider.EastMoneyStockProvider  : Failed to fetch concepts for stock. code=688670, market=SH, message=403 Forbidden: "<h1>Nginx forbidden.</h1> <br/>request info: 240e:b87:1f6:d800:a504:b4a9:1b4d:4897<EOL>"
2026-04-21T23:04:10.664+08:00  WARN 20416 --- [inker] [nio-8083-exec-3] c.i.b.s.provider.EastMoneyStockProvider  : Failed to fetch concepts for stock. code=688671, market=SH, message=403 Forbidden: "<h1>Nginx forbidden.</h1> <br/>request info: 240e:b87:1f6:d800:a504:b4a9:1b4d:4897<EOL>"
2026-04-21T23:04:10.706+08:00  WARN 20416 --- [inker] [nio-8083-exec-3] c.i.b.s.provider.EastMoneyStockProvider  : Failed to fetch concepts for stock. code=688676, market=SH, message=403 Forbidden: "<h1>Nginx forbidden.</h1> <br/>request info: 240e:b87:1f6:d800:a504:b4a9:1b4d:4897<EOL>"
2026-04-21T23:04:10.751+08:00  WARN 20416 --- [inker] [nio-8083-exec-3] c.i.b.s.provider.EastMoneyStockProvider  : Failed to fetch concepts for stock. code=688677, market=SH, message=403 Forbidden: "<h1>Nginx forbidden.</h1> <br/>request info: 240e:b87:1f6:d800:a504:b4a9:1b4d:4897<EOL>"
2026-04-21T23:04:10.795+08:00  WARN 20416 --- [inker] [nio-8083-exec-3] c.i.b.s.provider.EastMoneyStockProvider  : Failed to fetch concepts for stock. code=688678, market=SH, message=403 Forbidden: "<h1>Nginx forbidden.</h1> <br/>request info: 240e:b87:1f6:d800:a504:b4a9:1b4d:4897<EOL>"
2026-04-21T23:04:10.842+08:00  WARN 20416 --- [inker] [nio-8083-exec-3] c.i.b.s.provider.EastMoneyStockProvider  : Failed to fetch concepts for stock. code=688679, market=SH, message=403 Forbidden: "<h1>Nginx forbidden.</h1> <br/>request info: 240e:b87:1f6:d800:a504:b4a9:1b4d:4897<EOL>"
2026-04-21T23:04:10.886+08:00  WARN 20416 --- [inker] [nio-8083-exec-3] c.i.b.s.provider.EastMoneyStockProvider  : Failed to fetch concepts for stock. code=688680, market=SH, message=403 Forbidden: "<h1>Nginx forbidden.</h1> <br/>request info: 240e:b87:1f6:d800:a504:b4a9:1b4d:4897<EOL>"
2026-04-21T23:04:10.932+08:00  WARN 20416 --- [inker] [nio-8083-exec-3] c.i.b.s.provider.EastMoneyStockProvider  : Failed to fetch concepts for stock. code=688681, market=SH, message=403 Forbidden: "<h1>Nginx forbidden.</h1> <br/>request info: 240e:b87:1f6:d800:a504:b4a9:1b4d:4897<EOL>"
2026-04-21T23:04:10.978+08:00  WARN 20416 --- [inker] [nio-8083-exec-3] c.i.b.s.provider.EastMoneyStockProvider  : Failed to fetch concepts for stock. code=688682, market=SH, message=403 Forbidden: "<h1>Nginx forbidden.</h1> <br/>request info: 240e:b87:1f6:d800:a504:b4a9:1b4d:4897<EOL>"
2026-04-21T23:04:11.020+08:00  WARN 20416 --- [inker] [nio-8083-exec-3] c.i.b.s.provider.EastMoneyStockProvider  : Failed to fetch concepts for stock. code=688683, market=SH, message=403 Forbidden: "<h1>Nginx forbidden.</h1> <br/>request info: 240e:b87:1f6:d800:a504:b4a9:1b4d:4897<EOL>"
2026-04-21T23:04:11.069+08:00  WARN 20416 --- [inker] [nio-8083-exec-3] c.i.b.s.provider.EastMoneyStockProvider  : Failed to fetch concepts for stock. code=688685, market=SH, message=403 Forbidden: "<h1>Nginx forbidden.</h1> <br/>request info: 240e:b87:1f6:d800:a504:b4a9:1b4d:4897<EOL>"
2026-04-21T23:04:11.115+08:00  WARN 20416 --- [inker] [nio-8083-exec-3] c.i.b.s.provider.EastMoneyStockProvider  : Failed to fetch concepts for stock. code=688686, market=SH, message=403 Forbidden: "<h1>Nginx forbidden.</h1> <br/>request info: 240e:b87:1f6:d800:a504:b4a9:1b4d:4897<EOL>"
2026-04-21T23:04:11.162+08:00  WARN 20416 --- [inker] [nio-8083-exec-3] c.i.b.s.provider.EastMoneyStockProvider  : Failed to fetch concepts for stock. code=688687, market=SH, message=403 Forbidden: "<h1>Nginx forbidden.</h1> <br/>request info: 240e:b87:1f6:d800:a504:b4a9:1b4d:4897<EOL>"
2026-04-21T23:04:11.208+08:00  WARN 20416 --- [inker] [nio-8083-exec-3] c.i.b.s.provider.EastMoneyStockProvider  : Failed to fetch concepts for stock. code=688689, market=SH, message=403 Forbidden: "<h1>Nginx forbidden.</h1> <br/>request info: 240e:b87:1f6:d800:a504:b4a9:1b4d:4897<EOL>"
2026-04-21T23:04:11.257+08:00  WARN 20416 --- [inker] [nio-8083-exec-3] c.i.b.s.provider.EastMoneyStockProvider  : Failed to fetch concepts for stock. code=688690, market=SH, message=403 Forbidden: "<h1>Nginx forbidden.</h1> <br/>request info: 240e:b87:1f6:d800:a504:b4a9:1b4d:4897<EOL>"
2026-04-21T23:04:11.304+08:00  WARN 20416 --- [inker] [nio-8083-exec-3] c.i.b.s.provider.EastMoneyStockProvider  : Failed to fetch concepts for stock. code=688691, market=SH, message=403 Forbidden: "<h1>Nginx forbidden.</h1> <br/>request info: 240e:b87:1f6:d800:a504:b4a9:1b4d:4897<EOL>"
2026-04-21T23:04:11.348+08:00  WARN 20416 --- [inker] [nio-8083-exec-3] c.i.b.s.provider.EastMoneyStockProvider  : Failed to fetch concepts for stock. code=688692, market=SH, message=403 Forbidden: "<h1>Nginx forbidden.</h1> <br/>request info: 240e:b87:1f6:d800:a504:b4a9:1b4d:4897<EOL>"
2026-04-21T23:04:11.393+08:00  WARN 20416 --- [inker] [nio-8083-exec-3] c.i.b.s.provider.EastMoneyStockProvider  : Failed to fetch concepts for stock. code=688693, market=SH, message=403 Forbidden: "<h1>Nginx forbidden.</h1> <br/>request info: 240e:b87:1f6:d800:a504:b4a9:1b4d:4897<EOL>"
2026-04-21T23:04:11.439+08:00  WARN 20416 --- [inker] [nio-8083-exec-3] c.i.b.s.provider.EastMoneyStockProvider  : Failed to fetch concepts for stock. code=688695, market=SH, message=403 Forbidden: "<h1>Nginx forbidden.</h1> <br/>request info: 240e:b87:1f6:d800:a504:b4a9:1b4d:4897<EOL>"
2026-04-21T23:04:11.484+08:00  WARN 20416 --- [inker] [nio-8083-exec-3] c.i.b.s.provider.EastMoneyStockProvider  : Failed to fetch concepts for stock. code=688696, market=SH, message=403 Forbidden: "<h1>Nginx forbidden.</h1> <br/>request info: 240e:b87:1f6:d800:a504:b4a9:1b4d:4897<EOL>"
2026-04-21T23:04:11.528+08:00  WARN 20416 --- [inker] [nio-8083-exec-3] c.i.b.s.provider.EastMoneyStockProvider  : Failed to fetch concepts for stock. code=688697, market=SH, message=403 Forbidden: "<h1>Nginx forbidden.</h1> <br/>request info: 240e:b87:1f6:d800:a504:b4a9:1b4d:4897<EOL>"
2026-04-21T23:04:11.574+08:00  WARN 20416 --- [inker] [nio-8083-exec-3] c.i.b.s.provider.EastMoneyStockProvider  : Failed to fetch concepts for stock. code=688698, market=SH, message=403 Forbidden: "<h1>Nginx forbidden.</h1> <br/>request info: 240e:b87:1f6:d800:a504:b4a9:1b4d:4897<EOL>"
2026-04-21T23:04:11.622+08:00  WARN 20416 --- [inker] [nio-8083-exec-3] c.i.b.s.provider.EastMoneyStockProvider  : Failed to fetch concepts for stock. code=688699, market=SH, message=403 Forbidden: "<h1>Nginx forbidden.</h1> <br/>request info: 240e:b87:1f6:d800:a504:b4a9:1b4d:4897<EOL>"
2026-04-21T23:04:11.760+08:00  WARN 20416 --- [inker] [nio-8083-exec-3] c.i.b.s.provider.EastMoneyStockProvider  : Failed to fetch concepts for stock. code=688700, market=SH, message=403 Forbidden: "<h1>Nginx forbidden.</h1> <br/>request info: 240e:b87:1f6:d800:a504:b4a9:1b4d:4897<EOL>"
2026-04-21T23:04:11.805+08:00  WARN 20416 --- [inker] [nio-8083-exec-3] c.i.b.s.provider.EastMoneyStockProvider  : Failed to fetch concepts for stock. code=688701, market=SH, message=403 Forbidden: "<h1>Nginx forbidden.</h1> <br/>request info: 240e:b87:1f6:d800:a504:b4a9:1b4d:4897<EOL>"
2026-04-21T23:04:11.848+08:00  WARN 20416 --- [inker] [nio-8083-exec-3] c.i.b.s.provider.EastMoneyStockProvider  : Failed to fetch concepts for stock. code=688702, market=SH, message=403 Forbidden: "<h1>Nginx forbidden.</h1> <br/>request info: 240e:b87:1f6:d800:a504:b4a9:1b4d:4897<EOL>"
2026-04-21T23:04:11.893+08:00  WARN 20416 --- [inker] [nio-8083-exec-3] c.i.b.s.provider.EastMoneyStockProvider  : Failed to fetch concepts for stock. code=688707, market=SH, message=403 Forbidden: "<h1>Nginx forbidden.</h1> <br/>request info: 240e:b87:1f6:d800:a504:b4a9:1b4d:4897<EOL>"
2026-04-21T23:04:11.940+08:00  WARN 20416 --- [inker] [nio-8083-exec-3] c.i.b.s.provider.EastMoneyStockProvider  : Failed to fetch concepts for stock. code=688708, market=SH, message=403 Forbidden: "<h1>Nginx forbidden.</h1> <br/>request info: 240e:b87:1f6:d800:a504:b4a9:1b4d:4897<EOL>"
2026-04-21T23:04:11.988+08:00  WARN 20416 --- [inker] [nio-8083-exec-3] c.i.b.s.provider.EastMoneyStockProvider  : Failed to fetch concepts for stock. code=688709, market=SH, message=403 Forbidden: "<h1>Nginx forbidden.</h1> <br/>request info: 240e:b87:1f6:d800:a504:b4a9:1b4d:4897<EOL>"
2026-04-21T23:04:12.046+08:00  WARN 20416 --- [inker] [nio-8083-exec-3] c.i.b.s.provider.EastMoneyStockProvider  : Failed to fetch concepts for stock. code=688710, market=SH, message=403 Forbidden: "<h1>Nginx forbidden.</h1> <br/>request info: 240e:b87:1f6:d800:a504:b4a9:1b4d:4897<EOL>"
2026-04-21T23:04:12.094+08:00  WARN 20416 --- [inker] [nio-8083-exec-3] c.i.b.s.provider.EastMoneyStockProvider  : Failed to fetch concepts for stock. code=688711, market=SH, message=403 Forbidden: "<h1>Nginx forbidden.</h1> <br/>request info: 240e:b87:1f6:d800:a504:b4a9:1b4d:4897<EOL>"
2026-04-21T23:04:12.138+08:00  WARN 20416 --- [inker] [nio-8083-exec-3] c.i.b.s.provider.EastMoneyStockProvider  : Failed to fetch concepts for stock. code=688712, market=SH, message=403 Forbidden: "<h1>Nginx forbidden.</h1> <br/>request info: 240e:b87:1f6:d800:a504:b4a9:1b4d:4897<EOL>"
2026-04-21T23:04:12.181+08:00  WARN 20416 --- [inker] [nio-8083-exec-3] c.i.b.s.provider.EastMoneyStockProvider  : Failed to fetch concepts for stock. code=688716, market=SH, message=403 Forbidden: "<h1>Nginx forbidden.</h1> <br/>request info: 240e:b87:1f6:d800:a504:b4a9:1b4d:4897<EOL>"
2026-04-21T23:04:12.227+08:00  WARN 20416 --- [inker] [nio-8083-exec-3] c.i.b.s.provider.EastMoneyStockProvider  : Failed to fetch concepts for stock. code=688717, market=SH, message=403 Forbidden: "<h1>Nginx forbidden.</h1> <br/>request info: 240e:b87:1f6:d800:a504:b4a9:1b4d:4897<EOL>"
2026-04-21T23:04:12.269+08:00  WARN 20416 --- [inker] [nio-8083-exec-3] c.i.b.s.provider.EastMoneyStockProvider  : Failed to fetch concepts for stock. code=688718, market=SH, message=403 Forbidden: "<h1>Nginx forbidden.</h1> <br/>request info: 240e:b87:1f6:d800:a504:b4a9:1b4d:4897<EOL>"
2026-04-21T23:04:12.316+08:00  WARN 20416 --- [inker] [nio-8083-exec-3] c.i.b.s.provider.EastMoneyStockProvider  : Failed to fetch concepts for stock. code=688719, market=SH, message=403 Forbidden: "<h1>Nginx forbidden.</h1> <br/>request info: 240e:b87:1f6:d800:a504:b4a9:1b4d:4897<EOL>"
2026-04-21T23:04:12.365+08:00  WARN 20416 --- [inker] [nio-8083-exec-3] c.i.b.s.provider.EastMoneyStockProvider  : Failed to fetch concepts for stock. code=688720, market=SH, message=403 Forbidden: "<h1>Nginx forbidden.</h1> <br/>request info: 240e:b87:1f6:d800:a504:b4a9:1b4d:4897<EOL>"
2026-04-21T23:04:12.440+08:00  WARN 20416 --- [inker] [nio-8083-exec-3] c.i.b.s.provider.EastMoneyStockProvider  : Failed to fetch concepts for stock. code=688721, market=SH, message=403 Forbidden: "<h1>Nginx forbidden.</h1> <br/>request info: 240e:b87:1f6:d800:a504:b4a9:1b4d:4897<EOL>"
2026-04-21T23:04:12.484+08:00  WARN 20416 --- [inker] [nio-8083-exec-3] c.i.b.s.provider.EastMoneyStockProvider  : Failed to fetch concepts for stock. code=688722, market=SH, message=403 Forbidden: "<h1>Nginx forbidden.</h1> <br/>request info: 240e:b87:1f6:d800:a504:b4a9:1b4d:4897<EOL>"
2026-04-21T23:04:12.529+08:00  WARN 20416 --- [inker] [nio-8083-exec-3] c.i.b.s.provider.EastMoneyStockProvider  : Failed to fetch concepts for stock. code=688726, market=SH, message=403 Forbidden: "<h1>Nginx forbidden.</h1> <br/>request info: 240e:b87:1f6:d800:a504:b4a9:1b4d:4897<EOL>"
2026-04-21T23:04:12.577+08:00  WARN 20416 --- [inker] [nio-8083-exec-3] c.i.b.s.provider.EastMoneyStockProvider  : Failed to fetch concepts for stock. code=688727, market=SH, message=403 Forbidden: "<h1>Nginx forbidden.</h1> <br/>request info: 240e:b87:1f6:d800:a504:b4a9:1b4d:4897<EOL>"
2026-04-21T23:04:12.629+08:00  WARN 20416 --- [inker] [nio-8083-exec-3] c.i.b.s.provider.EastMoneyStockProvider  : Failed to fetch concepts for stock. code=688728, market=SH, message=403 Forbidden: "<h1>Nginx forbidden.</h1> <br/>request info: 240e:b87:1f6:d800:a504:b4a9:1b4d:4897<EOL>"
2026-04-21T23:04:12.670+08:00  WARN 20416 --- [inker] [nio-8083-exec-3] c.i.b.s.provider.EastMoneyStockProvider  : Failed to fetch concepts for stock. code=688729, market=SH, message=403 Forbidden: "<h1>Nginx forbidden.</h1> <br/>request info: 240e:b87:1f6:d800:a504:b4a9:1b4d:4897<EOL>"
2026-04-21T23:04:12.717+08:00  WARN 20416 --- [inker] [nio-8083-exec-3] c.i.b.s.provider.EastMoneyStockProvider  : Failed to fetch concepts for stock. code=688733, market=SH, message=403 Forbidden: "<h1>Nginx forbidden.</h1> <br/>request info: 240e:b87:1f6:d800:a504:b4a9:1b4d:4897<EOL>"
2026-04-21T23:04:12.766+08:00  WARN 20416 --- [inker] [nio-8083-exec-3] c.i.b.s.provider.EastMoneyStockProvider  : Failed to fetch concepts for stock. code=688737, market=SH, message=403 Forbidden: "<h1>Nginx forbidden.</h1> <br/>request info: 240e:b87:1f6:d800:a504:b4a9:1b4d:4897<EOL>"
2026-04-21T23:04:12.813+08:00  WARN 20416 --- [inker] [nio-8083-exec-3] c.i.b.s.provider.EastMoneyStockProvider  : Failed to fetch concepts for stock. code=688739, market=SH, message=403 Forbidden: "<h1>Nginx forbidden.</h1> <br/>request info: 240e:b87:1f6:d800:a504:b4a9:1b4d:4897<EOL>"
2026-04-21T23:04:12.859+08:00  WARN 20416 --- [inker] [nio-8083-exec-3] c.i.b.s.provider.EastMoneyStockProvider  : Failed to fetch concepts for stock. code=688750, market=SH, message=403 Forbidden: "<h1>Nginx forbidden.</h1> <br/>request info: 240e:b87:1f6:d800:a504:b4a9:1b4d:4897<EOL>"
2026-04-21T23:04:12.907+08:00  WARN 20416 --- [inker] [nio-8083-exec-3] c.i.b.s.provider.EastMoneyStockProvider  : Failed to fetch concepts for stock. code=688755, market=SH, message=403 Forbidden: "<h1>Nginx forbidden.</h1> <br/>request info: 240e:b87:1f6:d800:a504:b4a9:1b4d:4897<EOL>"
2026-04-21T23:04:12.951+08:00  WARN 20416 --- [inker] [nio-8083-exec-3] c.i.b.s.provider.EastMoneyStockProvider  : Failed to fetch concepts for stock. code=688757, market=SH, message=403 Forbidden: "<h1>Nginx forbidden.</h1> <br/>request info: 240e:b87:1f6:d800:a504:b4a9:1b4d:4897<EOL>"
2026-04-21T23:04:12.994+08:00  WARN 20416 --- [inker] [nio-8083-exec-3] c.i.b.s.provider.EastMoneyStockProvider  : Failed to fetch concepts for stock. code=688758, market=SH, message=403 Forbidden: "<h1>Nginx forbidden.</h1> <br/>request info: 240e:b87:1f6:d800:a504:b4a9:1b4d:4897<EOL>"
2026-04-21T23:04:13.041+08:00  WARN 20416 --- [inker] [nio-8083-exec-3] c.i.b.s.provider.EastMoneyStockProvider  : Failed to fetch concepts for stock. code=688759, market=SH, message=403 Forbidden: "<h1>Nginx forbidden.</h1> <br/>request info: 240e:b87:1f6:d800:a504:b4a9:1b4d:4897<EOL>"
2026-04-21T23:04:13.085+08:00  WARN 20416 --- [inker] [nio-8083-exec-3] c.i.b.s.provider.EastMoneyStockProvider  : Failed to fetch concepts for stock. code=688765, market=SH, message=403 Forbidden: "<h1>Nginx forbidden.</h1> <br/>request info: 240e:b87:1f6:d800:a504:b4a9:1b4d:4897<EOL>"
2026-04-21T23:04:13.134+08:00  WARN 20416 --- [inker] [nio-8083-exec-3] c.i.b.s.provider.EastMoneyStockProvider  : Failed to fetch concepts for stock. code=688766, market=SH, message=403 Forbidden: "<h1>Nginx forbidden.</h1> <br/>request info: 240e:b87:1f6:d800:a504:b4a9:1b4d:4897<EOL>"
2026-04-21T23:04:13.176+08:00  WARN 20416 --- [inker] [nio-8083-exec-3] c.i.b.s.provider.EastMoneyStockProvider  : Failed to fetch concepts for stock. code=688767, market=SH, message=403 Forbidden: "<h1>Nginx forbidden.</h1> <br/>request info: 240e:b87:1f6:d800:a504:b4a9:1b4d:4897<EOL>"
2026-04-21T23:04:13.221+08:00  WARN 20416 --- [inker] [nio-8083-exec-3] c.i.b.s.provider.EastMoneyStockProvider  : Failed to fetch concepts for stock. code=688768, market=SH, message=403 Forbidden: "<h1>Nginx forbidden.</h1> <br/>request info: 240e:b87:1f6:d800:a504:b4a9:1b4d:4897<EOL>"
2026-04-21T23:04:13.266+08:00  WARN 20416 --- [inker] [nio-8083-exec-3] c.i.b.s.provider.EastMoneyStockProvider  : Failed to fetch concepts for stock. code=688772, market=SH, message=403 Forbidden: "<h1>Nginx forbidden.</h1> <br/>request info: 240e:b87:1f6:d800:a504:b4a9:1b4d:4897<EOL>"
2026-04-21T23:04:13.308+08:00  WARN 20416 --- [inker] [nio-8083-exec-3] c.i.b.s.provider.EastMoneyStockProvider  : Failed to fetch concepts for stock. code=688775, market=SH, message=403 Forbidden: "<h1>Nginx forbidden.</h1> <br/>request info: 240e:b87:1f6:d800:a504:b4a9:1b4d:4897<EOL>"
2026-04-21T23:04:13.357+08:00  WARN 20416 --- [inker] [nio-8083-exec-3] c.i.b.s.provider.EastMoneyStockProvider  : Failed to fetch concepts for stock. code=688776, market=SH, message=403 Forbidden: "<h1>Nginx forbidden.</h1> <br/>request info: 240e:b87:1f6:d800:a504:b4a9:1b4d:4897<EOL>"
2026-04-21T23:04:13.402+08:00  WARN 20416 --- [inker] [nio-8083-exec-3] c.i.b.s.provider.EastMoneyStockProvider  : Failed to fetch concepts for stock. code=688777, market=SH, message=403 Forbidden: "<h1>Nginx forbidden.</h1> <br/>request info: 240e:b87:1f6:d800:a504:b4a9:1b4d:4897<EOL>"
2026-04-21T23:04:13.448+08:00  WARN 20416 --- [inker] [nio-8083-exec-3] c.i.b.s.provider.EastMoneyStockProvider  : Failed to fetch concepts for stock. code=688778, market=SH, message=403 Forbidden: "<h1>Nginx forbidden.</h1> <br/>request info: 240e:b87:1f6:d800:a504:b4a9:1b4d:4897<EOL>"
2026-04-21T23:04:13.494+08:00  WARN 20416 --- [inker] [nio-8083-exec-3] c.i.b.s.provider.EastMoneyStockProvider  : Failed to fetch concepts for stock. code=688779, market=SH, message=403 Forbidden: "<h1>Nginx forbidden.</h1> <br/>request info: 240e:b87:1f6:d800:a504:b4a9:1b4d:4897<EOL>"
2026-04-21T23:04:13.557+08:00  WARN 20416 --- [inker] [nio-8083-exec-3] c.i.b.s.provider.EastMoneyStockProvider  : Failed to fetch concepts for stock. code=688781, market=SH, message=403 Forbidden: "<h1>Nginx forbidden.</h1> <br/>request info: 240e:b87:1f6:d800:a504:b4a9:1b4d:4897<EOL>"
2026-04-21T23:04:13.601+08:00  WARN 20416 --- [inker] [nio-8083-exec-3] c.i.b.s.provider.EastMoneyStockProvider  : Failed to fetch concepts for stock. code=688783, market=SH, message=403 Forbidden: "<h1>Nginx forbidden.</h1> <br/>request info: 240e:b87:1f6:d800:a504:b4a9:1b4d:4897<EOL>"
2026-04-21T23:04:13.644+08:00  WARN 20416 --- [inker] [nio-8083-exec-3] c.i.b.s.provider.EastMoneyStockProvider  : Failed to fetch concepts for stock. code=688785, market=SH, message=403 Forbidden: "<h1>Nginx forbidden.</h1> <br/>request info: 240e:b87:1f6:d800:a504:b4a9:1b4d:4897<EOL>"
2026-04-21T23:04:13.688+08:00  WARN 20416 --- [inker] [nio-8083-exec-3] c.i.b.s.provider.EastMoneyStockProvider  : Failed to fetch concepts for stock. code=688786, market=SH, message=403 Forbidden: "<h1>Nginx forbidden.</h1> <br/>request info: 240e:b87:1f6:d800:a504:b4a9:1b4d:4897<EOL>"
2026-04-21T23:04:13.735+08:00  WARN 20416 --- [inker] [nio-8083-exec-3] c.i.b.s.provider.EastMoneyStockProvider  : Failed to fetch concepts for stock. code=688787, market=SH, message=403 Forbidden: "<h1>Nginx forbidden.</h1> <br/>request info: 240e:b87:1f6:d800:a504:b4a9:1b4d:4897<EOL>"
2026-04-21T23:04:13.777+08:00  WARN 20416 --- [inker] [nio-8083-exec-3] c.i.b.s.provider.EastMoneyStockProvider  : Failed to fetch concepts for stock. code=688788, market=SH, message=403 Forbidden: "<h1>Nginx forbidden.</h1> <br/>request info: 240e:b87:1f6:d800:a504:b4a9:1b4d:4897<EOL>"
2026-04-21T23:04:13.823+08:00  WARN 20416 --- [inker] [nio-8083-exec-3] c.i.b.s.provider.EastMoneyStockProvider  : Failed to fetch concepts for stock. code=688789, market=SH, message=403 Forbidden: "<h1>Nginx forbidden.</h1> <br/>request info: 240e:b87:1f6:d800:a504:b4a9:1b4d:4897<EOL>"
2026-04-21T23:04:13.871+08:00  WARN 20416 --- [inker] [nio-8083-exec-3] c.i.b.s.provider.EastMoneyStockProvider  : Failed to fetch concepts for stock. code=688790, market=SH, message=403 Forbidden: "<h1>Nginx forbidden.</h1> <br/>request info: 240e:b87:1f6:d800:a504:b4a9:1b4d:4897<EOL>"
2026-04-21T23:04:13.914+08:00  WARN 20416 --- [inker] [nio-8083-exec-3] c.i.b.s.provider.EastMoneyStockProvider  : Failed to fetch concepts for stock. code=688793, market=SH, message=403 Forbidden: "<h1>Nginx forbidden.</h1> <br/>request info: 240e:b87:1f6:d800:a504:b4a9:1b4d:4897<EOL>"
2026-04-21T23:04:13.961+08:00  WARN 20416 --- [inker] [nio-8083-exec-3] c.i.b.s.provider.EastMoneyStockProvider  : Failed to fetch concepts for stock. code=688795, market=SH, message=403 Forbidden: "<h1>Nginx forbidden.</h1> <br/>request info: 240e:b87:1f6:d800:a504:b4a9:1b4d:4897<EOL>"
2026-04-21T23:04:14.010+08:00  WARN 20416 --- [inker] [nio-8083-exec-3] c.i.b.s.provider.EastMoneyStockProvider  : Failed to fetch concepts for stock. code=688796, market=SH, message=403 Forbidden: "<h1>Nginx forbidden.</h1> <br/>request info: 240e:b87:1f6:d800:a504:b4a9:1b4d:4897<EOL>"
2026-04-21T23:04:14.054+08:00  WARN 20416 --- [inker] [nio-8083-exec-3] c.i.b.s.provider.EastMoneyStockProvider  : Failed to fetch concepts for stock. code=688798, market=SH, message=403 Forbidden: "<h1>Nginx forbidden.</h1> <br/>request info: 240e:b87:1f6:d800:a504:b4a9:1b4d:4897<EOL>"
2026-04-21T23:04:14.102+08:00  WARN 20416 --- [inker] [nio-8083-exec-3] c.i.b.s.provider.EastMoneyStockProvider  : Failed to fetch concepts for stock. code=688799, market=SH, message=403 Forbidden: "<h1>Nginx forbidden.</h1> <br/>request info: 240e:b87:1f6:d800:a504:b4a9:1b4d:4897<EOL>"
2026-04-21T23:04:14.142+08:00  WARN 20416 --- [inker] [nio-8083-exec-3] c.i.b.s.provider.EastMoneyStockProvider  : Failed to fetch concepts for stock. code=688800, market=SH, message=403 Forbidden: "<h1>Nginx forbidden.</h1> <br/>request info: 240e:b87:1f6:d800:a504:b4a9:1b4d:4897<EOL>"
2026-04-21T23:04:14.188+08:00  WARN 20416 --- [inker] [nio-8083-exec-3] c.i.b.s.provider.EastMoneyStockProvider  : Failed to fetch concepts for stock. code=688802, market=SH, message=403 Forbidden: "<h1>Nginx forbidden.</h1> <br/>request info: 240e:b87:1f6:d800:a504:b4a9:1b4d:4897<EOL>"
2026-04-21T23:04:14.239+08:00  WARN 20416 --- [inker] [nio-8083-exec-3] c.i.b.s.provider.EastMoneyStockProvider  : Failed to fetch concepts for stock. code=688805, market=SH, message=403 Forbidden: "<h1>Nginx forbidden.</h1> <br/>request info: 240e:b87:1f6:d800:a504:b4a9:1b4d:4897<EOL>"
2026-04-21T23:04:14.304+08:00  WARN 20416 --- [inker] [nio-8083-exec-3] c.i.b.s.provider.EastMoneyStockProvider  : Failed to fetch concepts for stock. code=688807, market=SH, message=403 Forbidden: "<h1>Nginx forbidden.</h1> <br/>request info: 240e:b87:1f6:d800:a504:b4a9:1b4d:4897<EOL>"
2026-04-21T23:04:14.350+08:00  WARN 20416 --- [inker] [nio-8083-exec-3] c.i.b.s.provider.EastMoneyStockProvider  : Failed to fetch concepts for stock. code=688809, market=SH, message=403 Forbidden: "<h1>Nginx forbidden.</h1> <br/>request info: 240e:b87:1f6:d800:a504:b4a9:1b4d:4897<EOL>"
2026-04-21T23:04:14.429+08:00  WARN 20416 --- [inker] [nio-8083-exec-3] c.i.b.s.provider.EastMoneyStockProvider  : Failed to fetch concepts for stock. code=688811, market=SH, message=403 Forbidden: "<h1>Nginx forbidden.</h1> <br/>request info: 240e:b87:1f6:d800:a504:b4a9:1b4d:4897<EOL>"
2026-04-21T23:04:14.475+08:00  WARN 20416 --- [inker] [nio-8083-exec-3] c.i.b.s.provider.EastMoneyStockProvider  : Failed to fetch concepts for stock. code=688813, market=SH, message=403 Forbidden: "<h1>Nginx forbidden.</h1> <br/>request info: 240e:b87:1f6:d800:a504:b4a9:1b4d:4897<EOL>"
2026-04-21T23:04:14.524+08:00  WARN 20416 --- [inker] [nio-8083-exec-3] c.i.b.s.provider.EastMoneyStockProvider  : Failed to fetch concepts for stock. code=688816, market=SH, message=403 Forbidden: "<h1>Nginx forbidden.</h1> <br/>request info: 240e:b87:1f6:d800:a504:b4a9:1b4d:4897<EOL>"
2026-04-21T23:04:14.569+08:00  WARN 20416 --- [inker] [nio-8083-exec-3] c.i.b.s.provider.EastMoneyStockProvider  : Failed to fetch concepts for stock. code=688818, market=SH, message=403 Forbidden: "<h1>Nginx forbidden.</h1> <br/>request info: 240e:b87:1f6:d800:a504:b4a9:1b4d:4897<EOL>"
2026-04-21T23:04:14.616+08:00  WARN 20416 --- [inker] [nio-8083-exec-3] c.i.b.s.provider.EastMoneyStockProvider  : Failed to fetch concepts for stock. code=688819, market=SH, message=403 Forbidden: "<h1>Nginx forbidden.</h1> <br/>request info: 240e:b87:1f6:d800:a504:b4a9:1b4d:4897<EOL>"
2026-04-21T23:04:14.659+08:00  WARN 20416 --- [inker] [nio-8083-exec-3] c.i.b.s.provider.EastMoneyStockProvider  : Failed to fetch concepts for stock. code=688820, market=SH, message=403 Forbidden: "<h1>Nginx forbidden.</h1> <br/>request info: 240e:b87:1f6:d800:a504:b4a9:1b4d:4897<EOL>"
2026-04-21T23:04:14.706+08:00  WARN 20416 --- [inker] [nio-8083-exec-3] c.i.b.s.provider.EastMoneyStockProvider  : Failed to fetch concepts for stock. code=688981, market=SH, message=403 Forbidden: "<h1>Nginx forbidden.</h1> <br/>request info: 240e:b87:1f6:d800:a504:b4a9:1b4d:4897<EOL>"
2026-04-21T23:04:14.758+08:00  WARN 20416 --- [inker] [nio-8083-exec-3] c.i.b.s.provider.EastMoneyStockProvider  : Failed to fetch concepts for stock. code=689009, market=SH, message=403 Forbidden: "<h1>Nginx forbidden.</h1> <br/>request info: 240e:b87:1f6:d800:a504:b4a9:1b4d:4897<EOL>"
2026-04-21T23:04:14.758+08:00  INFO 20416 --- [inker] [nio-8083-exec-3] c.i.backend.service.StockImportService   : Saving 5024 stocks (skipped: ST=178, Beijing=307, Other=0)
2026-04-21T23:04:25.208+08:00  INFO 20416 --- [inker] [nio-8083-exec-3] c.i.backend.service.StockImportService   : Saved batch 0-500 / 5024
2026-04-21T23:04:25.238+08:00  INFO 20416 --- [inker] [nio-8083-exec-3] c.i.backend.service.StockImportService   : Saved batch 500-1000 / 5024
2026-04-21T23:04:25.258+08:00  INFO 20416 --- [inker] [nio-8083-exec-3] c.i.backend.service.StockImportService   : Saved batch 1000-1500 / 5024
2026-04-21T23:04:25.275+08:00  INFO 20416 --- [inker] [nio-8083-exec-3] c.i.backend.service.StockImportService   : Saved batch 1500-2000 / 5024
2026-04-21T23:04:25.292+08:00  INFO 20416 --- [inker] [nio-8083-exec-3] c.i.backend.service.StockImportService   : Saved batch 2000-2500 / 5024
2026-04-21T23:04:25.309+08:00  INFO 20416 --- [inker] [nio-8083-exec-3] c.i.backend.service.StockImportService   : Saved batch 2500-3000 / 5024
2026-04-21T23:04:25.326+08:00  INFO 20416 --- [inker] [nio-8083-exec-3] c.i.backend.service.StockImportService   : Saved batch 3000-3500 / 5024
2026-04-21T23:04:25.342+08:00  INFO 20416 --- [inker] [nio-8083-exec-3] c.i.backend.service.StockImportService   : Saved batch 3500-4000 / 5024
2026-04-21T23:04:25.359+08:00  INFO 20416 --- [inker] [nio-8083-exec-3] c.i.backend.service.StockImportService   : Saved batch 4000-4500 / 5024
2026-04-21T23:04:25.376+08:00  INFO 20416 --- [inker] [nio-8083-exec-3] c.i.backend.service.StockImportService   : Saved batch 4500-5000 / 5024
2026-04-21T23:04:25.392+08:00  INFO 20416 --- [inker] [nio-8083-exec-3] c.i.backend.service.StockImportService   : Saved batch 5000-5024 / 5024
2026-04-21T23:04:25.392+08:00  INFO 20416 --- [inker] [nio-8083-exec-3] c.i.backend.service.StockImportService   : Import completed: fetched=5509, imported=5024
[INFO] ------------------------------------------------------------------------
[INFO] BUILD FAILURE
[INFO] ------------------------------------------------------------------------
[INFO] Total time:  12:34 min
[INFO] Finished at: 2026-04-21T23:04:49+08:00
[INFO] ------------------------------------------------------------------------
[ERROR] Failed to execute goal org.springframework.boot:spring-boot-maven-plugin:3.2.0:run (default-cli) on project backend: Process terminated with exit code: -1 -> [Help 1]
[ERROR] 
[ERROR] To see the full stack trace of the errors, re-run Maven with the -e switch.
[ERROR] Re-run Maven using the -X switch to enable full debug logging.
[ERROR] 
[ERROR] For more information about the errors and possible solutions, please read the following articles:
[ERROR] [Help 1] http://cwiki.apache.org/confluence/display/MAVEN/MojoExecutionException
